date,category,downloads
2022-02-22,2.7,2
2022-02-22,3.5,2
2022-02-22,3.7,25
2022-02-22,3.8,5
2022-02-22,3.9,8
2022-02-22,null,254
2022-02-23,null,19
2022-02-24,3.8,1
2022-02-24,null,6
2022-02-25,2.7,1
2022-02-25,3.5,1
2022-02-25,3.7,12
2022-02-25,3.8,1
2022-02-25,3.9,4
2022-02-25,null,156
2022-02-26,2.7,2
2022-02-26,3.5,1
2022-02-26,3.7,10
2022-02-26,null,205
2022-02-27,3.7,5
2022-02-27,3.9,1
2022-02-27,null,57
2022-02-28,3.7,1
2022-02-28,null,50
2022-03-01,null,41
2022-03-02,2.7,3
2022-03-02,3.5,11
2022-03-02,3.7,65
2022-03-02,3.8,11
2022-03-02,3.9,6
2022-03-02,null,1000
2022-03-03,3.7,4
2022-03-03,null,166
2022-03-04,3.7,6
2022-03-04,null,117
2022-03-05,null,90
2022-03-06,null,81
2022-03-07,null,17
2022-03-08,3.7,1
2022-03-08,3.8,9
2022-03-08,null,62
2022-03-09,null,43
2022-03-10,null,70
2022-03-11,null,25
2022-03-12,null,18
2022-03-13,null,11
2022-03-14,null,60
2022-03-15,3.8,1
2022-03-15,null,12
2022-03-16,null,9
2022-03-17,null,30
2022-03-18,null,18
2022-03-19,null,14
2022-03-20,null,40
2022-03-21,null,29
2022-03-22,null,42
2022-03-23,null,29
2022-03-24,null,45
2022-03-25,null,9
2022-03-26,null,28
2022-03-27,null,9
2022-03-28,null,18
2022-03-29,null,54
2022-03-30,null,11
2022-03-31,null,21
2022-04-01,null,46
2022-04-02,null,4
2022-04-03,null,12
2022-04-04,null,11
2022-04-05,null,21
2022-04-06,null,10
2022-04-07,null,37
2022-04-08,null,46
2022-04-10,null,11
2022-04-11,3.8,1
2022-04-11,null,9
2022-04-12,null,23
2022-04-13,null,32
2022-04-14,null,34
2022-04-15,3.10,1
2022-04-15,null,27
2022-04-16,null,24
2022-04-17,null,9
2022-04-19,null,10
2022-04-20,null,27
2022-04-21,null,9
2022-04-23,null,27
2022-04-24,null,9
2022-04-25,null,11
2022-04-26,null,19
2022-04-27,null,12
2022-04-28,null,9
2022-04-29,null,10
2022-05-02,null,1
2022-05-04,3.7,1
2022-05-04,null,9
2022-05-05,null,18
2022-05-06,null,24
2022-05-07,3.10,1
2022-05-07,null,12
2022-05-08,3.9,2
2022-05-08,null,9
2022-05-09,3.10,1
2022-05-09,null,9
2022-05-10,3.6,1
2022-05-10,3.7,44
2022-05-10,3.8,1
2022-05-10,3.9,7
2022-05-10,null,778
2022-05-11,3.8,6
2022-05-11,null,59
2022-05-12,3.7,1
2022-05-12,3.9,1
2022-05-12,null,19
2022-05-13,3.7,2
2022-05-13,3.8,2
2022-05-13,null,12
2022-05-14,null,10
2022-05-15,3.8,2
2022-05-15,3.9,1
2022-05-16,3.10,1
2022-05-16,3.7,2
2022-05-16,null,17
2022-05-17,3.10,1
2022-05-17,3.7,28
2022-05-17,3.8,1
2022-05-17,3.9,3
2022-05-17,null,395
2022-05-18,3.7,4
2022-05-18,null,103
2022-05-19,3.10,1
2022-05-19,3.7,6
2022-05-19,3.8,4
2022-05-19,3.9,5
2022-05-19,null,70
2022-05-20,2.7,1
2022-05-20,3.10,10
2022-05-20,3.6,6
2022-05-20,3.7,18
2022-05-20,3.8,23
2022-05-20,3.9,32
2022-05-20,null,38
2022-05-21,3.7,3
2022-05-21,3.8,4
2022-05-21,3.9,9
2022-05-21,null,41
2022-05-22,3.10,1
2022-05-22,3.7,2
2022-05-22,3.8,4
2022-05-22,3.9,3
2022-05-22,null,50
2022-05-23,2.7,1
2022-05-23,3.10,1
2022-05-23,3.6,1
2022-05-23,3.7,4
2022-05-23,3.8,8
2022-05-23,3.9,11
2022-05-23,null,11
2022-05-24,2.7,1
2022-05-24,3.10,4
2022-05-24,3.7,1
2022-05-24,3.8,4
2022-05-24,3.9,3
2022-05-24,null,15
2022-05-25,3.6,1
2022-05-25,3.7,13
2022-05-25,3.8,1
2022-05-25,3.9,3
2022-05-25,null,198
2022-05-26,3.7,10
2022-05-26,3.8,2
2022-05-26,null,63
2022-05-27,3.7,6
2022-05-27,3.8,1
2022-05-27,3.9,4
2022-05-27,null,27
2022-05-28,3.10,1
2022-05-28,3.7,12
2022-05-28,3.8,2
2022-05-28,3.9,5
2022-05-28,null,225
2022-05-29,3.7,4
2022-05-29,3.8,2
2022-05-29,null,68
2022-05-30,3.10,9
2022-05-30,3.6,2
2022-05-30,3.7,4
2022-05-30,3.8,2
2022-05-30,3.9,10
2022-05-30,null,26
2022-05-31,3.7,5
2022-05-31,3.8,7
2022-05-31,3.9,4
2022-05-31,null,47
2022-06-01,3.7,5
2022-06-01,3.8,3
2022-06-01,3.9,6
2022-06-01,null,79
2022-06-02,3.6,1
2022-06-02,3.7,1
2022-06-02,3.8,1
2022-06-02,3.9,2
2022-06-02,null,14
2022-06-03,3.10,1
2022-06-03,3.7,26
2022-06-03,3.8,2
2022-06-03,3.9,2
2022-06-03,null,94
2022-06-04,3.8,1
2022-06-04,null,134
2022-06-05,3.7,3
2022-06-05,3.8,1
2022-06-05,3.9,1
2022-06-05,null,96
2022-06-06,2.7,2
2022-06-06,3.10,4
2022-06-06,3.6,1
2022-06-06,3.7,5
2022-06-06,3.9,1
2022-06-06,null,81
2022-06-07,2.7,1
2022-06-07,3.7,3
2022-06-07,3.8,2
2022-06-07,3.9,2
2022-06-07,null,14
2022-06-08,3.10,3
2022-06-08,3.7,10
2022-06-08,3.8,5
2022-06-08,3.9,7
2022-06-08,null,128
2022-06-09,3.10,2
2022-06-09,3.7,18
2022-06-09,3.8,8
2022-06-09,3.9,8
2022-06-09,null,215
2022-06-10,3.7,3
2022-06-10,3.8,3
2022-06-10,3.9,4
2022-06-10,null,195
2022-06-11,3.10,1
2022-06-11,3.7,3
2022-06-11,3.9,1
2022-06-11,null,86
2022-06-12,3.10,1
2022-06-12,3.7,1
2022-06-12,null,18
2022-06-13,3.10,1
2022-06-13,3.7,2
2022-06-13,3.8,5
2022-06-13,3.9,3
2022-06-13,null,27
2022-06-14,3.8,15
2022-06-14,3.9,1
2022-06-14,null,78
2022-06-15,3.7,2
2022-06-15,3.9,2
2022-06-15,null,77
2022-06-16,3.6,11
2022-06-16,3.7,3
2022-06-16,3.8,1
2022-06-16,3.9,3
2022-06-16,null,43
2022-06-17,3.10,1
2022-06-17,3.7,2
2022-06-17,null,42
2022-06-18,3.7,3
2022-06-18,3.9,2
2022-06-18,null,38
2022-06-19,null,43
2022-06-20,3.7,1
2022-06-20,3.8,1
2022-06-20,null,7
2022-06-21,3.6,1
2022-06-21,3.7,6
2022-06-21,3.9,1
2022-06-21,null,65
2022-06-22,2.7,1
2022-06-22,3.7,3
2022-06-22,3.8,2
2022-06-22,3.9,4
2022-06-22,null,10
2022-06-23,3.6,2
2022-06-23,3.7,2
2022-06-23,3.8,1
2022-06-23,3.9,1
2022-06-23,null,71
2022-06-24,3.6,2
2022-06-24,3.7,10
2022-06-24,3.8,1
2022-06-24,3.9,5
2022-06-24,null,143
2022-06-25,3.7,3
2022-06-25,3.8,1
2022-06-25,3.9,1
2022-06-25,null,141
2022-06-26,3.10,2
2022-06-26,3.7,1
2022-06-26,null,44
2022-06-27,2.7,1
2022-06-27,3.10,1
2022-06-27,3.6,1
2022-06-27,3.7,15
2022-06-27,3.8,8
2022-06-27,3.9,5
2022-06-27,null,264
2022-06-28,2.7,1
2022-06-28,3.10,2
2022-06-28,3.7,5
2022-06-28,3.8,3
2022-06-28,3.9,4
2022-06-28,null,93
2022-06-29,3.6,3
2022-06-29,3.7,10
2022-06-29,3.9,4
2022-06-29,null,191
2022-06-30,3.6,2
2022-06-30,3.7,6
2022-06-30,3.8,5
2022-06-30,3.9,3
2022-06-30,null,188
2022-07-01,3.10,1
2022-07-01,3.6,1
2022-07-01,3.7,9
2022-07-01,3.9,1
2022-07-01,null,261
2022-07-02,3.7,3
2022-07-02,null,42
2022-07-03,3.7,1
2022-07-03,null,136
2022-07-04,3.10,1
2022-07-04,3.7,1
2022-07-04,3.8,1
2022-07-04,3.9,1
2022-07-04,null,41
2022-07-05,3.7,4
2022-07-05,3.9,2
2022-07-05,null,63
2022-07-06,3.7,2
2022-07-06,null,38
2022-07-07,3.7,5
2022-07-07,3.9,2
2022-07-07,null,71
2022-07-08,3.10,2
2022-07-08,3.7,16
2022-07-08,3.8,3
2022-07-08,3.9,6
2022-07-08,null,240
2022-07-09,3.7,3
2022-07-09,3.8,1
2022-07-09,3.9,2
2022-07-09,null,101
2022-07-10,3.6,35
2022-07-10,3.7,1
2022-07-10,3.9,1
2022-07-10,null,85
2022-07-11,3.7,4
2022-07-11,3.8,1
2022-07-11,null,23
2022-07-12,3.7,2
2022-07-12,3.8,1
2022-07-12,null,31
2022-07-13,3.10,1
2022-07-13,3.7,2
2022-07-13,3.9,3
2022-07-13,null,11
2022-07-14,3.10,4
2022-07-14,3.7,1
2022-07-14,null,14
2022-07-15,3.10,1
2022-07-15,3.7,2
2022-07-15,null,4
2022-07-16,3.7,3
2022-07-16,3.8,1
2022-07-16,3.9,1
2022-07-16,null,4
2022-07-17,3.10,2
2022-07-17,3.7,3
2022-07-17,null,40
2022-07-18,3.9,2
2022-07-18,null,56
2022-07-19,3.10,2
2022-07-19,3.7,1
2022-07-19,3.8,1
2022-07-19,3.9,2
2022-07-19,null,37
2022-07-20,3.7,1
2022-07-20,null,43
2022-07-21,3.7,1
2022-07-21,3.8,1
2022-07-21,3.9,1
2022-07-21,null,74
2022-07-22,2.7,1
2022-07-22,3.6,1
2022-07-22,3.7,4
2022-07-22,3.9,1
2022-07-22,null,60
2022-07-23,null,88
2022-07-24,3.7,1
2022-07-24,3.9,1
2022-07-25,3.9,1
2022-07-25,null,105
2022-07-26,3.10,1
2022-07-26,3.7,1
2022-07-26,3.8,1
2022-07-26,3.9,5
2022-07-26,null,64
2022-07-27,3.7,2
2022-07-27,3.8,1
2022-07-27,3.9,4
2022-07-27,null,31
2022-07-28,3.7,2
2022-07-28,3.8,4
2022-07-28,3.9,1
2022-07-28,null,14
2022-07-29,3.7,9
2022-07-29,3.8,2
2022-07-29,3.9,2
2022-07-29,null,116
2022-07-30,3.7,5
2022-07-30,3.8,1
2022-07-30,null,33
2022-07-31,null,59
2022-08-01,3.8,3
2022-08-01,null,35
2022-08-02,3.7,4
2022-08-02,3.8,3
2022-08-02,null,11
2022-08-03,3.8,3
2022-08-03,3.9,1
2022-08-03,null,18
2022-08-04,3.7,12
2022-08-04,3.9,4
2022-08-04,null,54
2022-08-05,3.7,36
2022-08-05,3.8,5
2022-08-05,3.9,8
2022-08-05,null,218
2022-08-06,2.7,2
2022-08-06,3.10,8
2022-08-06,3.6,3
2022-08-06,3.7,33
2022-08-06,3.8,18
2022-08-06,3.9,14
2022-08-06,null,266
2022-08-07,2.7,10
2022-08-07,3.10,24
2022-08-07,3.6,4
2022-08-07,3.7,58
2022-08-07,3.8,21
2022-08-07,3.9,35
2022-08-07,null,74
2022-08-08,2.7,2
2022-08-08,3.10,28
2022-08-08,3.5,4
2022-08-08,3.6,2
2022-08-08,3.7,43
2022-08-08,3.8,30
2022-08-08,3.9,31
2022-08-08,null,77
2022-08-09,2.7,5
2022-08-09,3.10,5
2022-08-09,3.6,3
2022-08-09,3.7,35
2022-08-09,3.8,23
2022-08-09,3.9,27
2022-08-09,null,142
2022-08-10,2.7,1
2022-08-10,3.10,9
2022-08-10,3.5,1
2022-08-10,3.6,2
2022-08-10,3.7,12
2022-08-10,3.8,15
2022-08-10,3.9,14
2022-08-10,null,88
2022-08-11,2.7,1
2022-08-11,3.10,1
2022-08-11,3.6,2
2022-08-11,3.7,13
2022-08-11,3.8,9
2022-08-11,3.9,7
2022-08-11,null,76
2022-08-12,2.7,1
2022-08-12,3.10,3
2022-08-12,3.6,3
2022-08-12,3.7,26
2022-08-12,3.8,5
2022-08-12,3.9,9
2022-08-12,null,207
2022-08-13,2.7,4
2022-08-13,3.10,3
2022-08-13,3.6,1
2022-08-13,3.7,5
2022-08-13,3.8,2
2022-08-13,3.9,1
2022-08-13,null,116
2022-08-14,3.7,9
2022-08-14,3.8,1
2022-08-14,3.9,2
2022-08-14,null,29
2022-08-15,2.7,1
2022-08-15,3.7,7
2022-08-15,3.8,4
2022-08-15,3.9,7
2022-08-15,null,131
2022-08-16,3.10,1
2022-08-16,3.5,1
2022-08-16,3.6,4
2022-08-16,3.7,5
2022-08-16,3.8,5
2022-08-16,3.9,11
2022-08-16,null,205
2022-08-17,3.10,5
2022-08-17,3.6,1
2022-08-17,3.7,10
2022-08-17,3.8,2
2022-08-17,3.9,5
2022-08-17,null,11
2022-08-18,3.10,2
2022-08-18,3.6,16
2022-08-18,3.7,13
2022-08-18,3.8,5
2022-08-18,3.9,6
2022-08-18,null,116
2022-08-19,3.10,3
2022-08-19,3.7,5
2022-08-19,3.8,5
2022-08-19,3.9,6
2022-08-19,null,95
2022-08-20,3.10,2
2022-08-20,3.6,1
2022-08-20,3.7,2
2022-08-20,null,143
2022-08-21,3.10,2
2022-08-21,3.7,2
2022-08-21,3.8,1
2022-08-21,3.9,2
2022-08-21,null,191
2022-08-22,2.7,1
2022-08-22,3.10,3
2022-08-22,3.6,1
2022-08-22,3.7,8
2022-08-22,3.8,6
2022-08-22,3.9,3
2022-08-22,null,66
2022-08-23,2.7,2
2022-08-23,3.10,3
2022-08-23,3.6,1
2022-08-23,3.7,6
2022-08-23,3.9,4
2022-08-23,null,150
2022-08-24,3.10,2
2022-08-24,3.6,1
2022-08-24,3.7,20
2022-08-24,3.8,3
2022-08-24,3.9,4
2022-08-24,null,199
2022-08-25,3.10,3
2022-08-25,3.7,15
2022-08-25,3.8,4
2022-08-25,3.9,3
2022-08-25,null,105
2022-08-26,3.10,1
2022-08-26,3.6,2
2022-08-26,3.7,3
2022-08-26,3.8,2
2022-08-26,3.9,3
2022-08-26,null,316
2022-08-27,3.10,1
2022-08-27,3.7,2
2022-08-27,3.9,1
2022-08-27,null,58
2022-08-28,3.7,2
2022-08-28,null,77
2022-08-29,3.7,1
2022-08-29,3.8,3
2022-08-29,3.9,4
2022-08-29,null,23
2022-08-30,3.10,5
2022-08-30,3.7,4
2022-08-30,3.8,3
2022-08-30,3.9,2
2022-08-30,null,68
2022-08-31,3.10,6
2022-08-31,3.6,1
2022-08-31,3.7,7
2022-08-31,3.8,5
2022-08-31,3.9,9
2022-08-31,null,102
2022-09-01,3.10,1
2022-09-01,3.7,2
2022-09-01,3.8,3
2022-09-01,3.9,32
2022-09-01,null,139
2022-09-02,2.7,7
2022-09-02,3.10,2
2022-09-02,3.6,1
2022-09-02,3.7,9
2022-09-02,3.8,2
2022-09-02,3.9,5
2022-09-02,null,135
2022-09-03,3.10,1
2022-09-03,3.9,3
2022-09-03,null,242
2022-09-04,3.10,1
2022-09-04,3.8,3
2022-09-04,null,49
2022-09-05,3.7,8
2022-09-05,3.8,3
2022-09-05,3.9,4
2022-09-05,null,98
2022-09-06,3.10,2
2022-09-06,3.7,4
2022-09-06,3.8,1
2022-09-06,3.9,3
2022-09-06,null,73
2022-09-07,3.10,7
2022-09-07,3.6,3
2022-09-07,3.7,14
2022-09-07,3.8,4
2022-09-07,3.9,3
2022-09-07,null,86
2022-09-08,3.10,1
2022-09-08,3.7,10
2022-09-08,3.8,2
2022-09-08,3.9,1
2022-09-08,null,129
2022-09-09,3.10,4
2022-09-09,3.7,23
2022-09-09,3.8,1
2022-09-09,3.9,6
2022-09-09,null,222
2022-09-10,3.7,7
2022-09-10,3.8,1
2022-09-10,null,61
2022-09-11,3.7,1
2022-09-11,3.8,1
2022-09-11,null,78
2022-09-12,3.10,1
2022-09-12,3.6,1
2022-09-12,3.7,5
2022-09-12,3.8,2
2022-09-12,3.9,4
2022-09-12,null,99
2022-09-13,2.7,1
2022-09-13,3.7,4
2022-09-13,3.8,2
2022-09-13,3.9,1
2022-09-13,null,19
2022-09-14,3.10,3
2022-09-14,3.7,28
2022-09-14,3.8,4
2022-09-14,3.9,2
2022-09-14,null,148
2022-09-15,3.6,1
2022-09-15,3.7,5
2022-09-15,3.8,1
2022-09-15,3.9,1
2022-09-15,null,175
2022-09-16,3.10,1
2022-09-16,3.7,4
2022-09-16,3.8,2
2022-09-16,3.9,2
2022-09-16,null,102
2022-09-17,3.6,1
2022-09-17,3.9,1
2022-09-17,null,115
2022-09-18,3.7,1
2022-09-18,null,54
2022-09-19,2.7,1
2022-09-19,3.10,1
2022-09-19,3.7,6
2022-09-19,3.8,3
2022-09-19,3.9,8
2022-09-19,null,147
2022-09-20,3.10,2
2022-09-20,3.7,12
2022-09-20,3.8,1
2022-09-20,3.9,6
2022-09-20,null,20
2022-09-21,2.7,1
2022-09-21,3.10,1
2022-09-21,3.6,1
2022-09-21,3.7,5
2022-09-21,3.8,3
2022-09-21,3.9,6
2022-09-21,null,23
2022-09-22,3.10,1
2022-09-22,3.6,4
2022-09-22,3.7,4
2022-09-22,3.9,4
2022-09-22,null,138
2022-09-23,3.10,4
2022-09-23,3.7,1
2022-09-23,3.8,2
2022-09-23,null,94
2022-09-24,3.9,1
2022-09-24,null,10
2022-09-25,3.10,1
2022-09-25,3.7,3
2022-09-25,3.9,2
2022-09-25,null,7
2022-09-26,3.7,5
2022-09-26,3.8,4
2022-09-26,3.9,1
2022-09-26,null,147
2022-09-27,3.10,2
2022-09-27,3.7,2
2022-09-27,3.8,2
2022-09-27,3.9,3
2022-09-27,null,122
2022-09-28,3.10,6
2022-09-28,3.7,4
2022-09-28,3.8,2
2022-09-28,3.9,2
2022-09-28,null,65
2022-09-29,3.10,6
2022-09-29,3.7,8
2022-09-29,3.9,3
2022-09-29,null,7
2022-09-30,3.10,24
2022-09-30,3.6,1
2022-09-30,3.7,1
2022-09-30,3.9,3
2022-09-30,null,86
2022-10-01,3.9,1
2022-10-01,null,122
2022-10-02,3.7,2
2022-10-02,3.9,1
2022-10-02,null,7
2022-10-03,3.10,2
2022-10-03,3.7,3
2022-10-03,3.8,2
2022-10-03,3.9,3
2022-10-03,null,92
2022-10-04,2.7,1
2022-10-04,3.10,1
2022-10-04,3.6,1
2022-10-04,3.7,3
2022-10-04,3.9,1
2022-10-04,null,182
2022-10-05,3.10,2
2022-10-05,3.6,1
2022-10-05,3.7,6
2022-10-05,3.8,2
2022-10-05,3.9,4
2022-10-05,null,78
2022-10-06,3.10,1
2022-10-06,3.7,2
2022-10-06,3.9,5
2022-10-06,null,28
2022-10-07,3.10,5
2022-10-07,3.6,1
2022-10-07,3.9,60
2022-10-07,null,86
2022-10-08,3.10,1
2022-10-08,3.7,11
2022-10-08,3.8,1
2022-10-08,3.9,4
2022-10-08,null,13
2022-10-09,3.7,2
2022-10-09,null,46
2022-10-10,3.10,6
2022-10-10,3.7,7
2022-10-10,3.8,3
2022-10-10,3.9,1
2022-10-10,null,36
2022-10-11,3.10,4
2022-10-11,3.7,5
2022-10-11,3.8,2
2022-10-11,null,8
2022-10-12,3.10,3
2022-10-12,3.7,2
2022-10-12,3.8,2
2022-10-12,null,104
2022-10-13,3.7,2
2022-10-13,3.8,1
2022-10-13,null,161
2022-10-14,3.10,1
2022-10-14,3.6,1
2022-10-14,3.7,6
2022-10-14,3.8,5
2022-10-14,3.9,5
2022-10-14,null,66
2022-10-15,3.10,1
2022-10-15,3.7,14
2022-10-15,3.8,1
2022-10-15,null,87
2022-10-16,3.7,10
2022-10-16,null,66
2022-10-17,3.10,4
2022-10-17,3.7,7
2022-10-17,3.9,4
2022-10-17,null,38
2022-10-18,3.10,3
2022-10-18,3.6,20
2022-10-18,3.7,4
2022-10-18,3.8,2
2022-10-18,3.9,1
2022-10-18,null,94
2022-10-19,2.7,1
2022-10-19,3.10,4
2022-10-19,3.7,5
2022-10-19,null,123
2022-10-20,3.10,2
2022-10-20,3.7,5
2022-10-20,3.9,2
2022-10-20,null,48
2022-10-21,3.10,5
2022-10-21,3.7,2
2022-10-21,3.9,1
2022-10-21,null,65
2022-10-22,3.10,1
2022-10-22,3.7,7
2022-10-22,3.8,2
2022-10-22,3.9,5
2022-10-22,null,144
2022-10-23,3.9,1
2022-10-23,null,14
2022-10-24,3.7,1
2022-10-24,3.8,1
2022-10-24,3.9,4
2022-10-24,null,7
2022-10-25,3.10,2
2022-10-25,3.7,11
2022-10-25,3.9,9
2022-10-25,null,64
2022-10-26,3.10,2
2022-10-26,3.7,7
2022-10-26,3.8,2
2022-10-26,3.9,4
2022-10-26,null,121
2022-10-27,3.10,2
2022-10-27,3.7,5
2022-10-27,3.8,2
2022-10-27,null,66
2022-10-28,3.10,3
2022-10-28,3.7,2
2022-10-28,3.8,2
2022-10-28,3.9,1
2022-10-28,null,7
2022-10-29,null,130
2022-10-30,3.7,3
2022-10-30,3.8,1
2022-10-30,3.9,1
2022-10-30,null,133
2022-10-31,3.10,2
2022-10-31,3.7,2
2022-10-31,3.8,1
2022-10-31,null,7
2022-11-01,3.10,1
2022-11-01,null,30
2022-11-02,3.10,4
2022-11-02,3.9,1
2022-11-02,null,47
2022-11-03,2.7,1
2022-11-03,3.10,3
2022-11-03,3.7,1
2022-11-03,3.8,1
2022-11-03,null,19
2022-11-04,3.10,3
2022-11-04,3.7,1
2022-11-04,3.8,1
2022-11-04,3.9,2
2022-11-04,null,75
2022-11-05,3.10,1
2022-11-05,3.7,2
2022-11-05,3.8,1
2022-11-05,null,71
2022-11-06,3.10,4
2022-11-06,3.6,1
2022-11-06,3.7,2
2022-11-06,3.9,2
2022-11-06,null,163
2022-11-07,3.10,3
2022-11-07,3.6,1
2022-11-07,3.7,2
2022-11-07,3.9,2
2022-11-07,null,64
2022-11-08,3.11,1
2022-11-08,3.7,1
2022-11-08,null,32
2022-11-09,2.7,1
2022-11-09,3.11,1
2022-11-09,3.7,1
2022-11-09,3.9,5
2022-11-09,null,7
2022-11-10,3.10,1
2022-11-10,3.7,21
2022-11-10,3.9,3
2022-11-10,null,206
2022-11-11,3.10,2
2022-11-11,3.6,1
2022-11-11,3.7,9
2022-11-11,3.9,3
2022-11-11,null,193
2022-11-12,3.7,2
2022-11-12,null,104
2022-11-13,3.11,1
2022-11-13,3.9,1
2022-11-13,null,97
2022-11-14,3.10,1
2022-11-14,3.7,17
2022-11-14,3.8,1
2022-11-14,null,23
2022-11-15,3.7,21
2022-11-15,3.8,4
2022-11-15,3.9,3
2022-11-15,null,67
2022-11-16,3.7,18
2022-11-16,3.8,1
2022-11-16,3.9,4
2022-11-16,null,11
2022-11-17,3.7,20
2022-11-17,3.9,2
2022-11-17,null,97
2022-11-18,3.10,1
2022-11-18,3.8,2
2022-11-18,null,68
2022-11-19,3.7,2
2022-11-19,3.9,1
2022-11-19,null,111
2022-11-20,3.10,1
2022-11-20,3.8,4
2022-11-20,null,32
2022-11-21,3.10,5
2022-11-21,3.7,1
2022-11-21,null,142
2022-11-22,3.10,2
2022-11-22,3.11,1
2022-11-22,3.7,1
2022-11-22,3.9,1
2022-11-22,null,5
2022-11-23,3.6,1
2022-11-23,3.7,11
2022-11-23,3.8,1
2022-11-23,3.9,1
2022-11-23,null,12
2022-11-24,3.7,6
2022-11-24,3.8,2
2022-11-24,3.9,1
2022-11-24,null,206
2022-11-25,3.10,2
2022-11-25,3.8,1
2022-11-25,3.9,1
2022-11-25,null,140
2022-11-26,3.9,1
2022-11-26,null,62
2022-11-27,null,137
2022-11-28,3.10,3
2022-11-28,3.11,1
2022-11-28,3.7,6
2022-11-28,3.8,2
2022-11-28,3.9,2
2022-11-28,null,7
2022-11-29,3.10,1
2022-11-29,3.11,1
2022-11-29,3.7,29
2022-11-29,3.8,1
2022-11-29,3.9,2
2022-11-29,null,131
2022-11-30,3.10,3
2022-11-30,3.7,30
2022-11-30,3.8,2
2022-11-30,3.9,2
2022-11-30,null,1
2022-12-01,3.10,1
2022-12-01,3.7,2
2022-12-01,3.8,3
2022-12-01,3.9,1
2022-12-01,null,63
2022-12-02,3.8,2
2022-12-02,3.9,4
2022-12-02,null,127
2022-12-03,3.10,1
2022-12-03,3.8,1
2022-12-03,3.9,1
2022-12-03,null,70
2022-12-04,3.10,1
2022-12-04,3.7,1
2022-12-04,3.8,1
2022-12-04,null,4
2022-12-05,3.7,1
2022-12-05,3.8,6
2022-12-05,null,7
2022-12-06,3.10,8
2022-12-06,3.7,4
2022-12-06,3.8,10
2022-12-06,3.9,1
2022-12-06,null,10
2022-12-07,3.10,1
2022-12-07,3.7,1
2022-12-07,3.8,6
2022-12-07,3.9,1
2022-12-07,null,117
2022-12-08,3.10,1
2022-12-08,3.8,6
2022-12-08,3.9,1
2022-12-08,null,126
2022-12-09,3.10,2
2022-12-09,3.8,4
2022-12-09,3.9,2
2022-12-09,null,62
2022-12-10,2.7,1
2022-12-10,3.6,1
2022-12-10,3.7,3
2022-12-10,3.8,1
2022-12-10,3.9,2
2022-12-10,null,121
2022-12-11,3.10,2
2022-12-11,3.7,2
2022-12-11,3.8,1
2022-12-11,null,83
2022-12-12,3.10,2
2022-12-12,3.8,4
2022-12-12,3.9,1
2022-12-12,null,30
2022-12-13,3.8,8
2022-12-13,3.9,3
2022-12-13,null,20
2022-12-14,2.7,1
2022-12-14,3.10,1
2022-12-14,3.7,2
2022-12-14,3.8,1
2022-12-14,3.9,1
2022-12-14,null,10
2022-12-15,3.7,5
2022-12-15,3.8,7
2022-12-15,3.9,3
2022-12-15,null,7
2022-12-16,3.7,2
2022-12-16,3.8,2
2022-12-16,3.9,2
2022-12-16,null,7
2022-12-17,3.10,2
2022-12-17,3.8,8
2022-12-17,null,12
2022-12-18,3.8,1
2022-12-18,null,9
2022-12-19,3.10,1
2022-12-19,3.7,11
2022-12-19,3.8,1
2022-12-19,null,13
2022-12-20,null,76
2022-12-21,3.10,1
2022-12-21,null,100
2022-12-22,3.7,1
2022-12-22,3.8,3
2022-12-22,3.9,1
2022-12-22,null,41
2022-12-23,3.7,4
2022-12-23,3.9,1
2022-12-23,null,20
2022-12-24,3.7,9
2022-12-24,3.9,1
2022-12-24,null,1
2022-12-25,null,66
2022-12-26,3.7,8
2022-12-26,null,88
2022-12-27,3.10,2
2022-12-27,3.9,1
2022-12-27,null,128
2022-12-28,3.10,1
2022-12-28,3.7,7
2022-12-28,null,44
2022-12-29,3.10,2
2022-12-29,3.7,10
2022-12-29,3.9,5
2022-12-29,null,6
2022-12-30,3.6,1
2022-12-30,3.7,6
2022-12-30,3.8,13
2022-12-30,3.9,2
2022-12-30,null,84
2022-12-31,3.7,2
2022-12-31,3.8,2
2022-12-31,null,113
2023-01-01,3.7,4
2023-01-01,3.8,3
2023-01-01,3.9,1
2023-01-01,null,110
2023-01-02,3.7,3
2023-01-02,3.8,3
2023-01-02,null,97
2023-01-03,3.10,1
2023-01-03,3.8,1
2023-01-03,3.9,1
2023-01-03,null,108
2023-01-04,3.7,10
2023-01-04,3.8,1
2023-01-04,3.9,2
2023-01-04,null,110
2023-01-05,3.8,5
2023-01-05,null,94
2023-01-06,2.7,1
2023-01-06,3.5,4
2023-01-06,3.6,2
2023-01-06,3.7,3
2023-01-06,3.8,13
2023-01-06,3.9,13
2023-01-06,null,34
2023-01-07,3.10,2
2023-01-07,3.8,5
2023-01-07,null,205
2023-01-08,3.10,2
2023-01-08,3.6,1
2023-01-08,3.8,3
2023-01-08,3.9,3
2023-01-08,null,286
2023-01-09,2.7,1
2023-01-09,3.10,1
2023-01-09,3.11,1
2023-01-09,3.6,2
2023-01-09,3.7,8
2023-01-09,3.8,9
2023-01-09,3.9,6
2023-01-09,null,73
2023-01-10,2.7,1
2023-01-10,3.10,6
2023-01-10,3.11,2
2023-01-10,3.6,1
2023-01-10,3.7,5
2023-01-10,3.8,21
2023-01-10,3.9,5
2023-01-10,null,12
2023-01-11,3.10,2
2023-01-11,3.7,1
2023-01-11,3.8,6
2023-01-11,3.9,7
2023-01-11,null,53
2023-01-12,2.7,2
2023-01-12,3.10,2
2023-01-12,3.11,1
2023-01-12,3.6,2
2023-01-12,3.7,1
2023-01-12,3.8,13
2023-01-12,3.9,16
2023-01-12,null,94
2023-01-13,2.7,2
2023-01-13,3.10,2
2023-01-13,3.11,1
2023-01-13,3.6,1
2023-01-13,3.7,4
2023-01-13,3.8,6
2023-01-13,3.9,6
2023-01-13,null,46
2023-01-14,3.8,4
2023-01-14,3.9,1
2023-01-14,null,71
2023-01-15,3.7,2
2023-01-15,3.8,9
2023-01-15,null,12
2023-01-16,3.7,1
2023-01-16,3.8,5
2023-01-16,3.9,4
2023-01-16,null,28
2023-01-17,3.10,3
2023-01-17,3.11,1
2023-01-17,3.7,2
2023-01-17,3.8,8
2023-01-17,3.9,3
2023-01-17,null,11
2023-01-18,3.10,2
2023-01-18,3.11,1
2023-01-18,3.7,2
2023-01-18,3.8,2
2023-01-18,3.9,1
2023-01-18,null,2
2023-01-19,2.7,1
2023-01-19,3.10,1
2023-01-19,3.11,1
2023-01-19,3.6,1
2023-01-19,3.7,1
2023-01-19,3.8,5
2023-01-19,3.9,1
2023-01-19,null,36
2023-01-20,3.10,1
2023-01-20,3.11,2
2023-01-20,3.7,1
2023-01-20,3.8,5
2023-01-20,3.9,19
2023-01-20,null,80
2023-01-21,2.7,1
2023-01-21,3.10,2
2023-01-21,3.8,1
2023-01-21,3.9,5
2023-01-21,null,2
2023-01-22,3.8,2
2023-01-22,3.9,2
2023-01-22,null,88
2023-01-23,3.11,2
2023-01-23,3.7,1
2023-01-23,3.8,2
2023-01-23,3.9,2
2023-01-23,null,1
2023-01-24,3.10,2
2023-01-24,3.7,1
2023-01-24,3.8,1
2023-01-24,3.9,1
2023-01-24,null,38
2023-01-25,3.10,3
2023-01-25,3.6,1
2023-01-25,3.7,1
2023-01-25,3.8,4
2023-01-25,3.9,2
2023-01-25,null,136
2023-01-26,3.10,3
2023-01-26,3.11,1
2023-01-26,3.6,1
2023-01-26,3.7,2
2023-01-26,3.8,3
2023-01-26,3.9,4
2023-01-26,null,4
2023-01-27,2.7,1
2023-01-27,3.10,1
2023-01-27,3.6,2
2023-01-27,3.8,4
2023-01-27,3.9,2
2023-01-27,null,3
2023-01-28,3.10,1
2023-01-28,null,29
2023-01-29,3.10,1
2023-01-29,3.6,2
2023-01-29,3.7,1
2023-01-29,3.8,1
2023-01-29,null,53
2023-01-30,3.7,1
2023-01-30,3.8,1
2023-01-30,3.9,5
2023-01-30,null,2
2023-01-31,3.8,2
2023-01-31,3.9,4
2023-01-31,null,70
2023-02-01,3.10,4
2023-02-01,3.8,2
2023-02-01,3.9,2
2023-02-01,null,16
2023-02-02,2.7,1
2023-02-02,3.10,1
2023-02-02,3.11,1
2023-02-02,3.6,1
2023-02-02,3.7,1
2023-02-02,3.8,6
2023-02-02,3.9,5
2023-02-02,null,68
2023-02-03,3.11,2
2023-02-03,3.6,1
2023-02-03,3.7,2
2023-02-03,3.8,3
2023-02-03,3.9,6
2023-02-04,3.10,1
2023-02-04,3.7,1
2023-02-04,3.8,7
2023-02-04,3.9,1
2023-02-04,null,66
2023-02-05,3.10,3
2023-02-05,3.11,3
2023-02-05,3.7,1
2023-02-05,3.8,18
2023-02-05,3.9,4
2023-02-06,3.10,2
2023-02-06,3.11,1
2023-02-06,3.6,1
2023-02-06,3.7,5
2023-02-06,3.8,5
2023-02-06,3.9,1
2023-02-07,3.10,1
2023-02-07,3.6,1
2023-02-07,3.7,20
2023-02-07,3.8,4
2023-02-07,null,2
2023-02-08,3.11,1
2023-02-08,3.6,4
2023-02-08,3.7,3
2023-02-08,3.8,3
2023-02-08,3.9,1
2023-02-08,null,67
2023-02-09,3.10,2
2023-02-09,3.7,3
2023-02-09,3.8,2
2023-02-09,3.9,3
2023-02-10,3.11,4
2023-02-10,3.7,1
2023-02-10,3.9,2
2023-02-10,null,67
2023-02-11,3.7,10
2023-02-11,null,70
2023-02-12,3.10,1
2023-02-12,3.7,3
2023-02-12,3.8,2
2023-02-12,null,162
2023-02-13,3.9,1
2023-02-13,null,219
2023-02-14,3.10,1
2023-02-14,3.6,1
2023-02-14,3.9,3
2023-02-14,null,5
2023-02-15,3.10,15
2023-02-15,3.8,5
2023-02-15,3.9,14
2023-02-15,null,156
2023-02-16,3.10,8
2023-02-16,3.8,2
2023-02-16,3.9,7
2023-02-16,null,144
2023-02-17,3.10,3
2023-02-17,3.8,2
2023-02-17,null,201
2023-02-18,3.10,5
2023-02-18,3.8,2
2023-02-18,3.9,4
2023-02-18,null,6
2023-02-19,3.10,1
2023-02-19,3.7,2
2023-02-19,3.8,3
2023-02-19,null,74
2023-02-20,3.10,2
2023-02-20,3.6,1
2023-02-20,3.7,2
2023-02-20,3.8,3
2023-02-20,3.9,2
2023-02-20,null,1
2023-02-21,3.10,20
2023-02-21,3.8,4
2023-02-21,3.9,23
2023-02-21,null,10
2023-02-22,3.10,31
2023-02-22,3.8,1
2023-02-22,3.9,29
2023-02-22,null,157
2023-02-23,3.10,12
2023-02-23,3.8,8
2023-02-23,3.9,11
2023-02-23,null,9
2023-02-24,2.7,1
2023-02-24,3.10,18
2023-02-24,3.8,2
2023-02-24,3.9,17
2023-02-24,null,241
2023-02-25,3.10,24
2023-02-25,3.8,1
2023-02-25,3.9,23
2023-02-25,null,22
2023-02-26,3.10,9
2023-02-26,3.8,2
2023-02-26,3.9,10
2023-02-26,null,11
2023-02-27,3.10,17
2023-02-27,3.8,3
2023-02-27,3.9,16
2023-02-27,null,131
2023-02-28,3.10,11
2023-02-28,3.9,12
2023-02-28,null,19
2023-03-01,3.10,10
2023-03-01,3.7,2
2023-03-01,3.9,10
2023-03-01,null,172
2023-03-02,3.10,3
2023-03-02,3.11,2
2023-03-02,3.6,1
2023-03-02,3.8,4
2023-03-02,3.9,2
2023-03-02,null,87
2023-03-03,3.10,1
2023-03-03,3.11,2
2023-03-03,3.8,2
2023-03-03,null,32
2023-03-04,null,169
2023-03-05,null,67
2023-03-06,3.10,2
2023-03-06,3.11,1
2023-03-06,3.8,6
2023-03-06,3.9,2
2023-03-06,null,1
2023-03-07,3.10,11
2023-03-07,3.11,1
2023-03-07,3.8,3
2023-03-07,3.9,13
2023-03-07,null,68
2023-03-08,3.10,1
2023-03-08,3.8,3
2023-03-08,3.9,3
2023-03-08,null,68
2023-03-09,3.7,2
2023-03-09,3.8,2
2023-03-09,3.9,5
2023-03-09,null,10
2023-03-10,3.10,3
2023-03-10,3.11,1
2023-03-10,3.8,2
2023-03-10,3.9,6
2023-03-10,null,105
2023-03-11,3.6,1
2023-03-11,3.7,4
2023-03-11,3.8,2
2023-03-11,3.9,7
2023-03-11,null,240
2023-03-12,3.10,2
2023-03-12,3.11,1
2023-03-12,3.7,2
2023-03-12,3.8,1
2023-03-12,3.9,1
2023-03-12,null,61
2023-03-13,2.7,1
2023-03-13,3.10,1
2023-03-13,3.7,2
2023-03-13,3.8,1
2023-03-13,3.9,5
2023-03-13,null,68
2023-03-14,3.10,6
2023-03-14,3.11,1
2023-03-14,3.9,12
2023-03-14,null,65
2023-03-15,3.10,7
2023-03-15,3.11,1
2023-03-15,3.7,4
2023-03-15,3.8,1
2023-03-15,3.9,33
2023-03-15,null,296
2023-03-16,3.10,13
2023-03-16,3.9,27
2023-03-16,null,4
2023-03-17,3.6,1
2023-03-17,3.8,1
2023-03-17,3.9,19
2023-03-17,null,19
2023-03-18,3.6,1
2023-03-18,3.9,22
2023-03-18,null,71
2023-03-19,3.10,1
2023-03-19,3.6,1
2023-03-19,3.7,5
2023-03-19,3.8,3
2023-03-19,3.9,12
2023-03-19,null,106
2023-03-20,2.7,2
2023-03-20,3.10,4
2023-03-20,3.7,3
2023-03-20,3.8,3
2023-03-20,3.9,8
2023-03-20,null,364
2023-03-21,2.7,2
2023-03-21,3.10,4
2023-03-21,3.11,1
2023-03-21,3.6,1
2023-03-21,3.8,1
2023-03-21,3.9,7
2023-03-21,null,215
2023-03-22,3.10,1
2023-03-22,3.7,2
2023-03-22,3.8,2
2023-03-22,3.9,4
2023-03-22,null,13
2023-03-23,3.10,2
2023-03-23,3.11,1
2023-03-23,3.7,1
2023-03-23,3.8,2
2023-03-23,3.9,6
2023-03-23,null,38
2023-03-24,3.10,7
2023-03-24,3.7,1
2023-03-24,3.8,3
2023-03-24,3.9,4
2023-03-24,null,160
2023-03-25,3.10,2
2023-03-25,3.9,2
2023-03-25,null,74
2023-03-26,3.10,8
2023-03-26,3.9,10
2023-03-26,null,214
2023-03-27,3.10,2
2023-03-27,3.7,1
2023-03-27,3.8,1
2023-03-27,3.9,4
2023-03-27,null,69
2023-03-28,2.7,1
2023-03-28,3.10,5
2023-03-28,3.8,1
2023-03-28,3.9,12
2023-03-28,null,3
2023-03-29,3.10,5
2023-03-29,3.11,1
2023-03-29,3.6,1
2023-03-29,3.7,1
2023-03-29,3.8,1
2023-03-29,3.9,13
2023-03-29,null,84
2023-03-30,3.10,1
2023-03-30,3.8,3
2023-03-30,3.9,4
2023-03-30,null,149
2023-03-31,3.10,1
2023-03-31,3.7,1
2023-03-31,3.8,2
2023-03-31,3.9,4
2023-03-31,null,150
2023-04-01,3.10,1
2023-04-01,3.7,1
2023-04-01,3.8,1
2023-04-01,3.9,1
2023-04-01,null,19
2023-04-02,3.10,1
2023-04-02,3.11,1
2023-04-02,3.8,2
2023-04-02,3.9,1
2023-04-02,null,22
2023-04-03,3.10,2
2023-04-03,3.11,1
2023-04-03,3.7,1
2023-04-03,3.8,2
2023-04-03,3.9,3
2023-04-03,null,7
2023-04-04,3.10,5
2023-04-04,3.8,2
2023-04-04,3.9,7
2023-04-04,null,233
2023-04-05,3.8,1
2023-04-05,null,21
2023-04-06,3.10,2
2023-04-06,3.11,1
2023-04-06,3.7,3
2023-04-06,3.8,3
2023-04-06,3.9,8
2023-04-06,null,79
2023-04-07,3.11,1
2023-04-07,3.6,2
2023-04-07,3.8,1
2023-04-07,null,170
2023-04-08,3.10,1
2023-04-08,3.11,1
2023-04-08,3.8,1
2023-04-08,3.9,3
2023-04-08,null,31
2023-04-09,3.10,2
2023-04-09,3.8,1
2023-04-09,3.9,2
2023-04-09,null,15
2023-04-10,3.10,1
2023-04-10,3.8,2
2023-04-10,3.9,2
2023-04-10,null,65
2023-04-11,3.10,4
2023-04-11,3.11,1
2023-04-11,3.7,19
2023-04-11,3.8,4
2023-04-11,3.9,5
2023-04-11,null,102
2023-04-12,3.10,3
2023-04-12,3.8,1
2023-04-12,3.9,1
2023-04-12,null,154
2023-04-13,2.7,2
2023-04-13,3.10,2
2023-04-13,3.7,1
2023-04-13,3.8,1
2023-04-13,3.9,17
2023-04-13,null,77
2023-04-14,3.10,2
2023-04-14,3.7,3
2023-04-14,3.8,1
2023-04-14,3.9,6
2023-04-14,null,31
2023-04-15,3.8,1
2023-04-15,null,23
2023-04-16,3.7,2
2023-04-16,3.8,1
2023-04-16,null,76
2023-04-17,3.10,1
2023-04-17,3.8,1
2023-04-17,3.9,1
2023-04-17,null,72
2023-04-18,3.10,3
2023-04-18,3.11,1
2023-04-18,3.7,2
2023-04-18,3.8,3
2023-04-18,3.9,1
2023-04-18,null,51
2023-04-19,3.10,3
2023-04-19,3.6,1
2023-04-19,3.7,1
2023-04-19,3.8,3
2023-04-19,3.9,5
2023-04-19,null,80
2023-04-20,3.10,2
2023-04-20,3.11,1
2023-04-20,3.7,2
2023-04-20,3.8,2
2023-04-20,3.9,2
2023-04-20,null,50
2023-04-21,3.10,1
2023-04-21,3.8,4
2023-04-21,3.9,4
2023-04-21,null,113
2023-04-22,3.11,2
2023-04-22,3.7,2
2023-04-22,3.8,6
2023-04-22,3.9,1
2023-04-22,null,194
2023-04-23,3.10,3
2023-04-23,3.11,1
2023-04-23,null,113
2023-04-24,3.7,1
2023-04-24,3.8,1
2023-04-24,3.9,1
2023-04-24,null,99
2023-04-25,3.10,1
2023-04-25,3.11,1
2023-04-25,3.7,3
2023-04-25,3.8,3
2023-04-25,3.9,5
2023-04-25,null,200
2023-04-26,3.10,1
2023-04-26,3.8,4
2023-04-26,3.9,2
2023-04-26,null,118
2023-04-27,3.11,1
2023-04-27,3.7,2
2023-04-27,3.9,1
2023-04-27,null,57
2023-04-28,3.10,1
2023-04-28,3.8,1
2023-04-28,null,38
2023-04-29,3.7,1
2023-04-29,3.8,1
2023-04-29,null,197
2023-04-30,3.8,2
2023-04-30,null,73
2023-05-01,3.10,5
2023-05-01,3.8,2
2023-05-01,3.9,2
2023-05-01,null,27
2023-05-02,3.10,9
2023-05-02,3.11,2
2023-05-02,3.7,6
2023-05-02,3.8,8
2023-05-02,3.9,9
2023-05-02,null,198
2023-05-03,3.10,4
2023-05-03,3.7,1
2023-05-03,3.8,2
2023-05-03,3.9,1
2023-05-03,null,116
2023-05-04,3.10,4
2023-05-04,3.11,1
2023-05-04,3.8,5
2023-05-04,3.9,3
2023-05-04,null,98
2023-05-05,3.10,2
2023-05-05,3.8,5
2023-05-05,3.9,1
2023-05-05,null,34
2023-05-06,3.10,1
2023-05-06,3.11,2
2023-05-06,3.8,1
2023-05-06,3.9,1
2023-05-06,null,10
2023-05-07,3.10,1
2023-05-07,3.8,1
2023-05-07,3.9,1
2023-05-07,null,21
2023-05-08,3.10,3
2023-05-08,3.8,2
2023-05-08,3.9,4
2023-05-08,null,113
2023-05-09,3.10,19
2023-05-09,3.8,1
2023-05-09,3.9,1
2023-05-09,null,4
2023-05-10,3.10,10
2023-05-10,3.7,1
2023-05-10,3.8,3
2023-05-10,null,30
2023-05-11,3.10,9
2023-05-11,3.11,1
2023-05-11,3.6,1
2023-05-11,3.7,1
2023-05-11,3.8,2
2023-05-11,3.9,4
2023-05-11,null,139
2023-05-12,3.10,5
2023-05-12,3.8,1
2023-05-12,3.9,2
2023-05-12,null,208
2023-05-13,3.10,1
2023-05-13,3.7,1
2023-05-13,3.8,1
2023-05-13,3.9,2
2023-05-13,null,87
2023-05-14,3.8,5
2023-05-14,null,79
2023-05-15,3.10,6
2023-05-15,3.7,1
2023-05-15,3.8,6
2023-05-15,3.9,4
2023-05-15,null,37
2023-05-16,3.10,15
2023-05-16,3.11,1
2023-05-16,3.6,1
2023-05-16,3.7,6
2023-05-16,3.8,6
2023-05-16,3.9,3
2023-05-16,null,327
2023-05-17,3.10,8
2023-05-17,3.7,8
2023-05-17,3.8,1
2023-05-17,3.9,7
2023-05-17,null,140
2023-05-18,3.10,4
2023-05-18,3.8,2
2023-05-18,3.9,3
2023-05-18,null,97
2023-05-19,3.10,10
2023-05-19,3.11,2
2023-05-19,3.8,2
2023-05-19,null,115
2023-05-20,3.10,1
2023-05-20,3.8,1
2023-05-20,3.9,1
2023-05-20,null,263
2023-05-21,3.10,2
2023-05-21,3.8,1
2023-05-21,3.9,1
2023-05-21,null,48
2023-05-22,3.10,22
2023-05-22,3.7,2
2023-05-22,3.8,1
2023-05-22,3.9,4
2023-05-22,null,123
2023-05-23,3.10,30
2023-05-23,3.8,3
2023-05-23,null,165
2023-05-24,2.7,1
2023-05-24,3.10,16
2023-05-24,3.7,1
2023-05-24,3.8,4
2023-05-24,3.9,5
2023-05-24,null,97
2023-05-25,3.10,6
2023-05-25,3.11,2
2023-05-25,3.8,4
2023-05-25,3.9,1
2023-05-25,null,18
2023-05-26,3.10,5
2023-05-26,3.11,1
2023-05-26,3.6,1
2023-05-26,3.8,3
2023-05-26,3.9,1
2023-05-26,null,2
2023-05-27,3.10,3
2023-05-27,3.11,2
2023-05-27,3.7,1
2023-05-27,3.8,1
2023-05-27,null,26
2023-05-28,3.10,9
2023-05-28,3.11,1
2023-05-28,3.7,1
2023-05-28,3.8,1
2023-05-28,null,6
2023-05-29,3.10,7
2023-05-29,3.8,1
2023-05-29,3.9,2
2023-05-29,null,17
2023-05-30,3.10,7
2023-05-30,3.11,1
2023-05-30,3.7,3
2023-05-30,3.8,2
2023-05-30,3.9,3
2023-05-30,null,135
2023-05-31,3.10,7
2023-05-31,3.6,1
2023-05-31,3.7,1
2023-05-31,3.8,1
2023-05-31,3.9,2
2023-05-31,null,63
2023-06-01,3.10,21
2023-06-01,3.11,1
2023-06-01,3.7,1
2023-06-01,3.8,2
2023-06-01,3.9,3
2023-06-01,null,92
2023-06-02,3.10,8
2023-06-02,3.8,1
2023-06-02,3.9,1
2023-06-02,null,69
2023-06-03,3.10,4
2023-06-03,3.7,2
2023-06-03,3.8,1
2023-06-03,3.9,2
2023-06-03,null,57
2023-06-04,3.10,1
2023-06-04,3.7,2
2023-06-04,3.8,1
2023-06-04,null,92
2023-06-05,3.10,9
2023-06-05,3.11,1
2023-06-05,3.8,3
2023-06-05,null,218
2023-06-06,3.10,8
2023-06-06,3.8,2
2023-06-06,3.9,1
2023-06-06,null,71
2023-06-07,3.10,6
2023-06-07,3.8,1
2023-06-07,3.9,1
2023-06-07,null,214
2023-06-08,3.10,6
2023-06-08,3.8,2
2023-06-08,3.9,1
2023-06-08,null,65
2023-06-09,3.10,85
2023-06-09,3.11,1
2023-06-09,3.8,1
2023-06-09,3.9,1
2023-06-09,null,79
2023-06-10,3.10,113
2023-06-10,3.7,2
2023-06-10,3.8,1
2023-06-10,null,249
2023-06-11,3.10,146
2023-06-11,3.8,1
2023-06-11,3.9,1
2023-06-11,null,173
2023-06-12,3.10,112
2023-06-12,3.7,3
2023-06-12,3.8,2
2023-06-12,3.9,2
2023-06-12,null,157
2023-06-13,3.10,2
2023-06-13,3.7,2
2023-06-13,3.8,5
2023-06-13,null,67
2023-06-14,3.10,2
2023-06-14,3.6,1
2023-06-14,3.7,2
2023-06-14,3.8,3
2023-06-14,null,103
2023-06-15,2.7,1
2023-06-15,3.10,3
2023-06-15,3.11,1
2023-06-15,3.7,1
2023-06-15,3.8,2
2023-06-15,3.9,1
2023-06-15,null,204
2023-06-16,3.10,4
2023-06-16,3.8,2
2023-06-16,3.9,77
2023-06-16,null,189
2023-06-17,3.10,4
2023-06-17,3.11,1
2023-06-17,3.8,1
2023-06-17,null,147
2023-06-18,3.7,2
2023-06-18,3.8,1
2023-06-18,3.9,1
2023-06-18,null,99
2023-06-19,3.10,7
2023-06-19,3.6,1
2023-06-19,3.8,3
2023-06-19,3.9,2
2023-06-19,null,151
2023-06-20,2.7,1
2023-06-20,3.10,6
2023-06-20,3.6,1
2023-06-20,3.8,1
2023-06-20,3.9,1
2023-06-20,null,86
2023-06-21,3.10,5
2023-06-21,3.6,39
2023-06-21,3.7,3
2023-06-21,3.8,2
2023-06-21,3.9,3
2023-06-21,null,188
2023-06-22,3.10,15
2023-06-22,3.8,1
2023-06-22,3.9,1
2023-06-22,null,172
2023-06-23,3.10,8
2023-06-23,3.7,1
2023-06-23,3.8,1
2023-06-23,null,179
2023-06-24,3.10,4
2023-06-24,3.7,1
2023-06-24,3.8,1
2023-06-24,null,105
2023-06-25,3.10,3
2023-06-25,3.11,1
2023-06-25,3.8,2
2023-06-25,null,50
2023-06-26,3.10,9
2023-06-26,3.7,3
2023-06-26,3.8,3
2023-06-26,3.9,1
2023-06-26,null,168
2023-06-27,2.7,1
2023-06-27,3.10,9
2023-06-27,3.11,2
2023-06-27,3.8,1
2023-06-27,3.9,3
2023-06-27,null,177
2023-06-28,3.10,6
2023-06-28,3.11,2
2023-06-28,3.8,2
2023-06-28,3.9,1
2023-06-28,null,99
2023-06-29,3.10,2
2023-06-29,3.8,2
2023-06-29,3.9,1
2023-06-29,null,84
2023-06-30,3.10,5
2023-06-30,3.7,1
2023-06-30,3.8,2
2023-06-30,3.9,1
2023-06-30,null,109
2023-07-01,3.8,1
2023-07-01,3.9,1
2023-07-01,null,83
2023-07-02,3.10,12
2023-07-02,3.7,1
2023-07-02,3.8,2
2023-07-02,3.9,1
2023-07-02,null,189
2023-07-03,3.10,7
2023-07-03,3.11,1
2023-07-03,3.8,5
2023-07-03,3.9,1
2023-07-03,null,157
2023-07-04,3.10,5
2023-07-04,3.8,2
2023-07-04,3.9,1
2023-07-04,null,187
2023-07-05,3.10,3
2023-07-05,3.11,1
2023-07-05,3.8,1
2023-07-05,3.9,1
2023-07-05,null,109
2023-07-06,3.10,14
2023-07-06,3.11,1
2023-07-06,3.8,3
2023-07-06,3.9,3
2023-07-06,null,107
2023-07-07,3.10,1
2023-07-07,3.7,1
2023-07-07,3.8,1
2023-07-07,3.9,4
2023-07-07,null,182
2023-07-08,3.10,1
2023-07-08,3.7,2
2023-07-08,3.8,1
2023-07-08,null,110
2023-07-09,3.10,2
2023-07-09,3.8,1
2023-07-09,3.9,1
2023-07-09,null,216
2023-07-10,3.10,5
2023-07-10,3.11,1
2023-07-10,3.7,2
2023-07-10,3.8,1
2023-07-10,null,125
2023-07-11,3.10,5
2023-07-11,3.8,2
2023-07-11,3.9,2
2023-07-11,null,172
2023-07-12,2.7,2
2023-07-12,3.10,19
2023-07-12,3.11,1
2023-07-12,3.7,4
2023-07-12,3.8,6
2023-07-12,3.9,5
2023-07-12,null,215
2023-07-13,3.10,13
2023-07-13,3.7,3
2023-07-13,3.8,3
2023-07-13,null,71
2023-07-14,3.10,6
2023-07-14,3.11,1
2023-07-14,3.8,9
2023-07-14,null,38
2023-07-15,3.10,4
2023-07-15,3.8,1
2023-07-15,null,172
2023-07-16,3.10,4
2023-07-16,3.11,1
2023-07-16,3.8,1
2023-07-16,null,271
2023-07-17,3.10,5
2023-07-17,3.7,1
2023-07-17,3.8,3
2023-07-17,3.9,2
2023-07-17,null,89
2023-07-18,3.10,23
2023-07-18,3.8,5
2023-07-18,null,77
2023-07-19,3.10,5
2023-07-19,3.8,3
2023-07-19,3.9,1
2023-07-19,null,152
2023-07-20,3.10,4
2023-07-20,3.8,4
2023-07-20,3.9,1
2023-07-20,null,122
2023-07-21,3.10,5
2023-07-21,3.11,2
2023-07-21,3.8,3
2023-07-21,null,63
2023-07-22,3.10,1
2023-07-22,3.7,2
2023-07-22,3.8,1
2023-07-22,3.9,2
2023-07-22,null,111
2023-07-23,3.10,1
2023-07-23,3.8,1
2023-07-23,3.9,1
2023-07-23,null,110
2023-07-24,3.10,9
2023-07-24,3.11,2
2023-07-24,3.8,1
2023-07-24,3.9,3
2023-07-24,null,95
2023-07-25,3.10,6
2023-07-25,3.11,1
2023-07-25,3.7,2
2023-07-25,3.8,6
2023-07-25,null,67
2023-07-26,3.10,12
2023-07-26,3.11,6
2023-07-26,3.8,2
2023-07-26,3.9,5
2023-07-26,null,210
2023-07-27,3.10,1
2023-07-27,3.11,1
2023-07-27,3.7,2
2023-07-27,3.8,2
2023-07-27,null,65
2023-07-28,3.10,2
2023-07-28,3.11,1
2023-07-28,3.8,1
2023-07-28,null,113
2023-07-29,3.8,1
2023-07-29,null,437
2023-07-30,3.8,1
2023-07-30,null,159
2023-07-31,3.10,2
2023-07-31,3.11,2
2023-07-31,3.8,3
2023-07-31,3.9,2
2023-07-31,null,353
2023-08-01,3.10,6
2023-08-01,3.8,1
2023-08-01,null,194
2023-08-02,3.10,6
2023-08-02,3.8,4
2023-08-02,null,87
2023-08-03,3.10,1
2023-08-03,3.8,1
2023-08-03,3.9,7
2023-08-03,null,52
2023-08-04,3.10,1
2023-08-04,3.11,2
2023-08-04,3.6,4
2023-08-04,3.8,4
2023-08-04,3.9,2
2023-08-04,null,174
2023-08-05,3.10,8
2023-08-05,3.11,1
2023-08-05,3.7,1
2023-08-05,3.8,2
2023-08-05,null,153
2023-08-06,3.10,1
2023-08-06,3.11,1
2023-08-06,3.8,1
2023-08-06,3.9,1
2023-08-06,null,234
2023-08-07,3.10,15
2023-08-07,3.6,10
2023-08-07,3.7,8
2023-08-07,3.8,5
2023-08-07,3.9,5
2023-08-07,null,261
2023-08-08,3.10,6
2023-08-08,3.11,2
2023-08-08,3.6,15
2023-08-08,3.8,1
2023-08-08,3.9,1
2023-08-08,null,330
2023-08-09,2.7,1
2023-08-09,3.10,10
2023-08-09,3.11,1
2023-08-09,3.6,3
2023-08-09,3.8,6
2023-08-09,3.9,2
2023-08-09,null,371
2023-08-10,2.7,1
2023-08-10,3.10,4
2023-08-10,3.11,5
2023-08-10,3.6,4
2023-08-10,3.8,2
2023-08-10,3.9,2
2023-08-10,null,200
2023-08-11,3.10,8
2023-08-11,3.6,1
2023-08-11,3.7,2
2023-08-11,3.8,6
2023-08-11,3.9,3
2023-08-11,null,303
2023-08-12,3.10,1
2023-08-12,3.6,1
2023-08-12,3.8,2
2023-08-12,null,207
2023-08-13,3.7,3
2023-08-13,3.8,5
2023-08-13,null,168
2023-08-14,3.10,8
2023-08-14,3.7,1
2023-08-14,3.8,3
2023-08-14,3.9,1
2023-08-14,null,43
2023-08-15,3.10,9
2023-08-15,3.8,7
2023-08-15,3.9,4
2023-08-15,null,93
2023-08-16,3.10,25
2023-08-16,3.11,2
2023-08-16,3.8,5
2023-08-16,3.9,1
2023-08-16,null,22
2023-08-17,3.10,11
2023-08-17,3.11,8
2023-08-17,3.7,2
2023-08-17,3.8,4
2023-08-17,3.9,5
2023-08-17,null,3
2023-08-18,2.7,1
2023-08-18,3.10,1
2023-08-18,3.7,3
2023-08-18,3.8,5
2023-08-18,3.9,1
2023-08-18,null,26
2023-08-19,3.10,4
2023-08-19,3.8,2
2023-08-19,null,103
2023-08-20,3.8,2
2023-08-20,null,2
2023-08-21,3.10,11
2023-08-21,3.11,3
2023-08-21,3.7,1
2023-08-21,3.8,7
2023-08-21,3.9,2
2023-08-21,null,48
2023-08-22,3.10,6
2023-08-22,3.11,6
2023-08-22,3.8,3
2023-08-22,null,32
2023-08-23,3.10,3
2023-08-23,3.11,2
2023-08-23,3.7,1
2023-08-23,3.8,3
2023-08-23,null,44
2023-08-24,3.10,6
2023-08-24,3.11,1
2023-08-24,3.6,1
2023-08-24,3.8,2
2023-08-24,null,264
2023-08-25,3.10,1
2023-08-25,3.8,2
2023-08-25,3.9,1
2023-08-25,null,104
2023-08-26,3.10,2
2023-08-26,3.7,2
2023-08-26,3.8,2
2023-08-26,3.9,1
2023-08-26,null,2
2023-08-27,3.8,2
2023-08-27,3.9,1
2023-08-27,null,1
2023-08-28,3.10,5
2023-08-28,3.8,2
2023-08-28,null,46
2023-08-29,3.10,4
2023-08-29,3.6,1
2023-08-29,3.8,3
2023-08-29,3.9,1
2023-08-29,null,20
2023-08-30,3.11,4
2023-08-30,3.8,4
2023-08-30,null,120
2023-08-31,3.10,6
2023-08-31,3.8,3
2023-08-31,null,14
2023-09-01,3.11,1
2023-09-01,3.6,1
2023-09-01,3.8,3
2023-09-01,3.9,5
2023-09-01,null,192
2023-09-02,3.11,1
2023-09-02,3.8,2
2023-09-02,null,74
2023-09-03,3.10,2
2023-09-03,3.8,4
2023-09-03,null,115
2023-09-04,3.10,5
2023-09-04,3.11,2
2023-09-04,3.7,2
2023-09-04,3.8,3
2023-09-04,null,65
2023-09-05,3.10,3
2023-09-05,3.8,2
2023-09-05,null,87
2023-09-06,2.7,1
2023-09-06,3.10,3
2023-09-06,3.11,3
2023-09-06,3.6,6
2023-09-06,3.8,3
2023-09-06,null,156
2023-09-07,3.10,3
2023-09-07,3.11,1
2023-09-07,3.7,4
2023-09-07,3.8,2
2023-09-07,null,60
2023-09-08,3.7,2
2023-09-08,3.8,2
2023-09-08,null,143
2023-09-09,3.10,2
2023-09-09,3.11,1
2023-09-09,3.8,2
2023-09-09,null,125
2023-09-10,3.8,2
2023-09-10,null,237
2023-09-11,3.10,5
2023-09-11,3.7,2
2023-09-11,3.8,4
2023-09-11,null,23
2023-09-12,3.10,3
2023-09-12,3.8,2
2023-09-12,3.9,1
2023-09-12,null,73
2023-09-13,3.10,2
2023-09-13,3.11,2
2023-09-13,3.7,1
2023-09-13,3.8,2
2023-09-13,3.9,2
2023-09-13,null,42
2023-09-14,3.10,8
2023-09-14,3.11,31
2023-09-14,3.6,1
2023-09-14,3.7,2
2023-09-14,3.8,4
2023-09-14,3.9,1
2023-09-14,null,27
2023-09-15,3.10,2
2023-09-15,3.11,1
2023-09-15,3.8,2
2023-09-15,null,55
2023-09-16,3.11,1
2023-09-16,null,2
2023-09-17,3.10,3
2023-09-17,3.11,5
2023-09-17,3.7,2
2023-09-17,null,23
2023-09-18,3.10,4
2023-09-18,3.11,17
2023-09-18,null,59
2023-09-19,3.10,9
2023-09-19,3.11,38
2023-09-19,3.6,1
2023-09-19,3.9,2
2023-09-19,null,23
2023-09-20,3.10,10
2023-09-20,3.11,4
2023-09-20,3.6,1
2023-09-20,3.8,1
2023-09-20,null,98
2023-09-21,3.10,5
2023-09-21,3.11,5
2023-09-21,3.7,2
2023-09-21,3.8,3
2023-09-21,3.9,4
2023-09-21,null,47
2023-09-22,3.10,5
2023-09-22,3.11,2
2023-09-22,3.8,3
2023-09-22,null,49
2023-09-23,3.10,6
2023-09-23,3.11,2
2023-09-23,3.8,2
2023-09-23,null,222
2023-09-24,3.10,5
2023-09-24,3.11,1
2023-09-24,3.8,4
2023-09-24,3.9,4
2023-09-24,null,107
2023-09-25,3.10,11
2023-09-25,3.11,1
2023-09-25,3.7,2
2023-09-25,3.8,3
2023-09-25,3.9,1
2023-09-25,null,187
2023-09-26,3.10,4
2023-09-26,3.11,7
2023-09-26,3.8,4
2023-09-26,null,41
2023-09-27,3.10,10
2023-09-27,3.8,2
2023-09-27,null,54
2023-09-28,3.10,7
2023-09-28,3.7,2
2023-09-28,3.8,5
2023-09-28,null,35
2023-09-29,3.10,4
2023-09-29,3.11,2
2023-09-29,3.3,2
2023-09-29,3.8,2
2023-09-29,3.9,2
2023-09-29,null,20
2023-09-30,3.10,6
2023-09-30,3.8,2
2023-09-30,null,9
2023-10-01,3.10,1
2023-10-01,3.8,2
2023-10-01,null,17
2023-10-02,3.10,6
2023-10-02,3.11,4
2023-10-02,3.7,2
2023-10-02,3.8,2
2023-10-02,3.9,4
2023-10-02,null,47
2023-10-03,3.10,7
2023-10-03,3.11,18
2023-10-03,3.7,1
2023-10-03,3.8,4
2023-10-03,3.9,2
2023-10-03,null,185
2023-10-04,2.7,1
2023-10-04,3.10,4
2023-10-04,3.7,2
2023-10-04,3.8,2
2023-10-04,null,30
2023-10-05,3.10,6
2023-10-05,3.11,1
2023-10-05,3.8,4
2023-10-05,3.9,3
2023-10-05,null,15
2023-10-06,2.7,1
2023-10-06,3.10,8
2023-10-06,3.11,3
2023-10-06,3.6,1
2023-10-06,3.7,2
2023-10-06,3.8,2
2023-10-06,null,13
2023-10-07,3.10,3
2023-10-07,3.7,2
2023-10-07,3.8,2
2023-10-07,3.9,2
2023-10-07,null,94
2023-10-08,3.10,1
2023-10-08,3.11,2
2023-10-08,3.8,2
2023-10-08,null,174
2023-10-09,3.10,6
2023-10-09,3.11,5
2023-10-09,3.8,2
2023-10-09,3.9,2
2023-10-09,null,23
2023-10-10,3.10,14
2023-10-10,3.11,4
2023-10-10,3.8,4
2023-10-10,3.9,3
2023-10-10,null,97
2023-10-11,3.10,12
2023-10-11,3.11,2
2023-10-11,3.7,3
2023-10-11,3.8,2
2023-10-11,null,19
2023-10-12,3.10,14
2023-10-12,3.11,4
2023-10-12,3.7,3
2023-10-12,3.8,6
2023-10-12,3.9,1
2023-10-12,null,11
2023-10-13,3.10,10
2023-10-13,3.7,2
2023-10-13,3.8,2
2023-10-13,3.9,1
2023-10-13,null,14
2023-10-14,3.10,11
2023-10-14,3.12,3
2023-10-14,3.8,2
2023-10-14,3.9,1
2023-10-14,null,18
2023-10-15,3.10,2
2023-10-15,3.11,3
2023-10-15,3.8,2
2023-10-15,null,16
2023-10-16,3.10,16
2023-10-16,3.11,6
2023-10-16,3.8,4
2023-10-16,3.9,2
2023-10-16,null,32
2023-10-17,2.7,1
2023-10-17,3.10,11
2023-10-17,3.8,2
2023-10-17,3.9,1
2023-10-17,null,31
2023-10-18,3.10,6
2023-10-18,3.11,1
2023-10-18,3.8,5
2023-10-18,3.9,1
2023-10-18,null,69
2023-10-19,3.10,11
2023-10-19,3.11,5
2023-10-19,3.8,3
2023-10-19,3.9,1
2023-10-19,null,2
2023-10-20,3.10,10
2023-10-20,3.11,2
2023-10-20,3.8,2
2023-10-20,3.9,4
2023-10-20,null,107
2023-10-21,3.10,3
2023-10-21,3.11,2
2023-10-21,3.6,1
2023-10-21,3.8,2
2023-10-21,null,16
2023-10-22,3.10,2
2023-10-22,3.3,2
2023-10-22,3.8,2
2023-10-22,null,11
2023-10-23,3.10,15
2023-10-23,3.11,2
2023-10-23,3.7,2
2023-10-23,3.8,2
2023-10-23,3.9,2
2023-10-23,null,6
2023-10-24,3.10,8
2023-10-24,3.11,4
2023-10-24,3.8,3
2023-10-24,null,102
2023-10-25,3.10,4
2023-10-25,3.11,1
2023-10-25,3.12,2
2023-10-25,3.7,3
2023-10-25,3.8,6
2023-10-25,null,131
2023-10-26,3.10,16
2023-10-26,3.11,14
2023-10-26,3.6,1
2023-10-26,3.8,2
2023-10-26,3.9,2
2023-10-26,null,91
2023-10-27,3.10,4
2023-10-27,3.11,4
2023-10-27,3.9,2
2023-10-27,null,184
2023-10-28,3.10,1
2023-10-28,3.11,2
2023-10-28,3.8,2
2023-10-28,null,110
2023-10-29,3.10,1
2023-10-29,3.7,2
2023-10-29,3.8,2
2023-10-29,null,103
2023-10-30,3.10,11
2023-10-30,3.7,2
2023-10-30,3.8,3
2023-10-30,3.9,5
2023-10-30,null,122
2023-10-31,3.10,5
2023-10-31,3.8,2
2023-10-31,3.9,1
2023-10-31,null,212
2023-11-01,3.10,7
2023-11-01,3.8,3
2023-11-01,null,31
2023-11-02,3.10,10
2023-11-02,3.8,11
2023-11-02,null,89
2023-11-03,3.10,5
2023-11-03,3.11,2
2023-11-03,3.7,2
2023-11-03,3.8,2
2023-11-03,3.9,1
2023-11-03,null,91
2023-11-04,3.10,1
2023-11-04,3.8,2
2023-11-04,3.9,1
2023-11-04,null,14
2023-11-05,3.10,5
2023-11-05,3.7,2
2023-11-05,3.8,3
2023-11-05,3.9,2
2023-11-05,null,12
2023-11-06,3.10,12
2023-11-06,3.8,6
2023-11-06,3.9,1
2023-11-06,null,49
2023-11-07,3.10,5
2023-11-07,3.8,2
2023-11-07,3.9,3
2023-11-07,null,115
2023-11-08,3.10,1
2023-11-08,3.8,2
2023-11-08,null,17
2023-11-09,3.10,8
2023-11-09,3.8,4
2023-11-09,3.9,4
2023-11-09,null,4
2023-11-10,3.10,13
2023-11-10,3.11,3
2023-11-10,3.7,2
2023-11-10,3.8,6
2023-11-10,null,20
2023-11-11,3.10,4
2023-11-11,3.7,2
2023-11-11,3.8,2
2023-11-11,null,11
2023-11-12,3.10,24
2023-11-12,3.3,2
2023-11-12,3.7,3
2023-11-12,3.8,4
2023-11-12,null,213
2023-11-13,3.10,12
2023-11-13,3.11,4
2023-11-13,3.8,4
2023-11-13,3.9,4
2023-11-13,null,137
2023-11-14,3.10,13
2023-11-14,3.11,2
2023-11-14,3.3,2
2023-11-14,3.7,2
2023-11-14,3.8,2
2023-11-14,3.9,2
2023-11-14,null,58
2023-11-15,3.10,7
2023-11-15,3.11,4
2023-11-15,3.8,2
2023-11-15,null,127
2023-11-16,3.10,13
2023-11-16,3.11,4
2023-11-16,3.7,5
2023-11-16,3.8,3
2023-11-16,null,120
2023-11-17,3.10,8
2023-11-17,3.11,1
2023-11-17,3.3,2
2023-11-17,3.8,2
2023-11-17,null,50
2023-11-18,3.10,4
2023-11-18,3.11,2
2023-11-18,3.12,2
2023-11-18,3.8,4
2023-11-18,null,125
2023-11-19,3.10,3
2023-11-19,3.11,5
2023-11-19,3.12,2
2023-11-19,3.6,1
2023-11-19,3.8,2
2023-11-19,null,36
2023-11-20,3.10,21
2023-11-20,3.11,2
2023-11-20,3.12,4
2023-11-20,3.7,4
2023-11-20,3.8,4
2023-11-20,3.9,2
2023-11-20,null,53
2023-11-21,3.10,32
2023-11-21,3.6,1
2023-11-21,3.7,2
2023-11-21,3.8,2
2023-11-21,3.9,6
2023-11-21,null,137
2023-11-22,3.10,5
2023-11-22,3.12,2
2023-11-22,3.8,4
2023-11-22,null,37
2023-11-23,3.10,6
2023-11-23,3.11,1
2023-11-23,3.6,3
2023-11-23,3.7,1
2023-11-23,3.8,3
2023-11-23,3.9,1
2023-11-23,null,18
2023-11-24,3.10,10
2023-11-24,3.11,1
2023-11-24,3.7,1
2023-11-24,3.8,2
2023-11-24,3.9,2
2023-11-24,null,4
2023-11-25,3.10,2
2023-11-25,3.8,2
2023-11-25,null,25
2023-11-26,3.6,1
2023-11-26,3.7,2
2023-11-26,3.8,3
2023-11-26,null,132
2023-11-27,3.10,12
2023-11-27,3.7,1
2023-11-27,3.8,3
2023-11-27,3.9,4
2023-11-27,null,122
2023-11-28,3.10,18
2023-11-28,3.11,2
2023-11-28,3.7,2
2023-11-28,3.8,5
2023-11-28,3.9,3
2023-11-28,null,28
2023-11-29,3.10,16
2023-11-29,null,190
2023-11-30,3.10,12
2023-11-30,3.11,3
2023-11-30,3.7,2
2023-11-30,3.8,1
2023-11-30,3.9,1
2023-11-30,null,25
2023-12-01,3.10,9
2023-12-01,3.11,2
2023-12-01,3.8,2
2023-12-01,3.9,2
2023-12-01,null,110
2023-12-02,3.10,19
2023-12-02,3.7,3
2023-12-02,3.8,8
2023-12-02,3.9,10
2023-12-02,null,18
2023-12-03,3.10,8
2023-12-03,null,10
2023-12-04,3.10,9
2023-12-04,3.6,1
2023-12-04,null,18
2023-12-05,2.7,1
2023-12-05,3.10,9
2023-12-05,3.11,2
2023-12-05,3.12,4
2023-12-05,3.7,1
2023-12-05,3.8,1
2023-12-05,3.9,1
2023-12-05,null,144
2023-12-06,3.10,6
2023-12-06,3.12,2
2023-12-06,3.8,4
2023-12-06,null,130
2023-12-07,3.10,7
2023-12-07,3.11,6
2023-12-07,3.3,4
2023-12-07,3.6,1
2023-12-07,3.9,1
2023-12-07,null,40
2023-12-08,3.10,20
2023-12-08,3.11,5
2023-12-08,3.7,2
2023-12-08,null,33
2023-12-09,3.10,17
2023-12-09,3.6,2
2023-12-09,null,18
2023-12-10,3.10,13
2023-12-10,3.7,2
2023-12-10,3.8,1
2023-12-10,null,11
2023-12-11,3.10,24
2023-12-11,3.11,1
2023-12-11,3.8,1
2023-12-11,3.9,2
2023-12-11,null,5
2023-12-12,3.10,30
2023-12-12,3.11,2
2023-12-12,3.12,2
2023-12-12,3.6,2
2023-12-12,null,20
2023-12-13,3.10,8
2023-12-13,3.11,3
2023-12-13,3.6,4
2023-12-13,3.7,2
2023-12-13,3.8,1
2023-12-13,3.9,2
2023-12-13,null,138
2023-12-14,3.10,26
2023-12-14,3.11,7
2023-12-14,3.6,1
2023-12-14,3.7,1
2023-12-14,3.8,5
2023-12-14,3.9,4
2023-12-14,null,97
2023-12-15,3.10,7
2023-12-15,3.9,4
2023-12-15,null,26
2023-12-16,3.10,2
2023-12-16,3.9,2
2023-12-16,null,14
2023-12-17,3.10,3
2023-12-17,3.11,2
2023-12-17,3.6,1
2023-12-17,3.7,1
2023-12-17,null,87
2023-12-18,3.10,7
2023-12-18,3.8,2
2023-12-18,3.9,2
2023-12-18,null,5
2023-12-19,3.10,9
2023-12-19,3.11,6
2023-12-19,3.6,3
2023-12-19,3.7,1
2023-12-19,3.8,1
2023-12-19,null,4
2023-12-20,3.10,4
2023-12-20,3.6,6
2023-12-20,3.7,1
2023-12-20,3.9,3
2023-12-20,null,89
2023-12-21,3.10,8
2023-12-21,3.12,2
2023-12-21,3.7,6
2023-12-21,3.8,4
2023-12-21,3.9,4
2023-12-21,null,217
2023-12-22,3.10,8
2023-12-22,3.7,2
2023-12-22,3.8,2
2023-12-22,3.9,4
2023-12-22,null,4
2023-12-23,3.10,8
2023-12-23,3.11,2
2023-12-23,null,88
2023-12-24,3.10,6
2023-12-24,3.8,4
2023-12-24,3.9,2
2023-12-24,null,12
2023-12-25,3.10,20
2023-12-25,null,51
2023-12-26,3.10,5
2023-12-26,3.8,1
2023-12-26,3.9,2
2023-12-26,null,14
2023-12-27,2.7,1
2023-12-27,3.10,3
2023-12-27,3.11,34
2023-12-27,3.9,2
2023-12-27,null,23
2023-12-28,3.10,5
2023-12-28,3.7,2
2023-12-28,null,22
2023-12-29,3.10,3
2023-12-29,3.11,2
2023-12-30,3.10,4
2023-12-30,3.9,1
2023-12-30,null,199
2023-12-31,3.10,6
2023-12-31,3.7,1
2023-12-31,null,8
2024-01-01,3.10,6
2024-01-02,3.10,5
2024-01-02,3.11,3
2024-01-02,3.12,1
2024-01-02,3.9,3
2024-01-02,null,2
2024-01-03,2.7,1
2024-01-03,3.10,5
2024-01-03,3.6,1
2024-01-03,3.7,2
2024-01-03,3.8,1
2024-01-03,3.9,13
2024-01-03,null,15
2024-01-04,3.10,15
2024-01-04,3.9,2
2024-01-04,null,80
2024-01-05,3.10,10
2024-01-05,3.11,4
2024-01-05,3.9,5
2024-01-05,null,160
2024-01-06,3.10,3
2024-01-06,null,5
2024-01-07,3.10,6
2024-01-07,3.11,1
2024-01-07,null,63
2024-01-08,3.10,16
2024-01-08,3.12,4
2024-01-08,3.6,1
2024-01-08,3.7,1
2024-01-08,3.9,4
2024-01-08,null,6
2024-01-09,3.10,6
2024-01-09,3.11,2
2024-01-09,3.8,3
2024-01-09,3.9,3
2024-01-09,null,62
2024-01-10,3.10,7
2024-01-10,3.7,1
2024-01-10,3.8,3
2024-01-10,3.9,2
2024-01-10,null,25
2024-01-11,3.10,7
2024-01-11,3.8,2
2024-01-11,null,27
2024-01-12,3.10,4
2024-01-12,3.11,3
2024-01-12,3.9,1
2024-01-12,null,73
2024-01-13,3.10,30
2024-01-13,3.12,2
2024-01-13,3.6,2
2024-01-13,3.7,1
2024-01-13,3.9,1
2024-01-13,null,71
2024-01-14,3.10,2
2024-01-14,null,10
2024-01-15,3.10,23
2024-01-15,3.7,1
2024-01-15,3.8,2
2024-01-15,3.9,3
2024-01-15,null,17
2024-01-16,3.10,16
2024-01-16,3.11,2
2024-01-16,null,3
2024-01-17,3.10,9
2024-01-17,null,2
2024-01-18,3.10,7
2024-01-18,3.6,6
2024-01-18,null,89
2024-01-19,3.10,6
2024-01-19,3.6,1
2024-01-19,null,88
2024-01-20,3.10,12
2024-01-20,3.11,2
2024-01-20,3.7,1
2024-01-20,null,11
2024-01-21,3.10,5
2024-01-21,3.9,6
2024-01-21,null,11
2024-01-22,3.10,15
2024-01-22,3.11,3
2024-01-22,3.7,3
2024-01-22,3.8,1
2024-01-22,3.9,10
2024-01-22,null,114
2024-01-23,3.10,11
2024-01-23,3.11,3
2024-01-23,3.3,2
2024-01-23,3.7,4
2024-01-23,3.9,5
2024-01-23,null,220
2024-01-24,3.10,8
2024-01-24,3.6,5
2024-01-24,3.8,2
2024-01-24,3.9,1
2024-01-24,null,13
2024-01-25,2.7,1
2024-01-25,3.10,15
2024-01-25,3.12,1
2024-01-25,3.3,2
2024-01-25,3.7,1
2024-01-25,3.8,5
2024-01-25,3.9,3
2024-01-25,null,20
2024-01-26,3.10,8
2024-01-26,3.11,6
2024-01-26,3.9,3
2024-01-26,null,259
2024-01-27,3.10,4
2024-01-27,3.11,4
2024-01-27,null,110
2024-01-28,3.10,4
2024-01-28,3.11,4
2024-01-28,3.8,1
2024-01-28,null,34
2024-01-29,3.10,8
2024-01-29,3.11,2
2024-01-29,3.12,2
2024-01-29,3.6,1
2024-01-29,3.7,1
2024-01-29,3.8,2
2024-01-29,3.9,1
2024-01-29,null,31
2024-01-30,3.10,11
2024-01-30,3.11,5
2024-01-30,3.8,2
2024-01-30,3.9,4
2024-01-30,null,85
2024-01-31,3.10,22
2024-01-31,3.11,4
2024-01-31,3.8,1
2024-01-31,null,32
2024-02-01,3.10,27
2024-02-01,3.11,4
2024-02-01,3.7,4
2024-02-01,3.8,2
2024-02-01,3.9,4
2024-02-01,null,231
2024-02-02,3.10,24
2024-02-02,3.11,1
2024-02-02,3.12,2
2024-02-02,3.7,2
2024-02-02,3.8,2
2024-02-02,null,128
2024-02-03,3.10,2
2024-02-03,3.11,89
2024-02-03,3.6,1
2024-02-03,null,110
2024-02-04,3.10,2
2024-02-04,3.11,2
2024-02-04,null,93
2024-02-05,3.10,9
2024-02-05,3.6,1
2024-02-05,3.8,2
2024-02-05,3.9,2
2024-02-05,null,12
2024-02-06,2.7,1
2024-02-06,3.10,5
2024-02-06,3.11,2
2024-02-06,3.8,5
2024-02-06,3.9,2
2024-02-06,null,12
2024-02-07,3.10,6
2024-02-07,3.11,10
2024-02-07,3.6,1
2024-02-07,3.8,3
2024-02-07,3.9,1
2024-02-07,null,115
2024-02-08,3.10,9
2024-02-08,3.11,91
2024-02-08,3.6,4
2024-02-08,3.9,5
2024-02-08,null,224
2024-02-09,3.10,11
2024-02-09,3.6,6
2024-02-09,3.9,12
2024-02-09,null,2
2024-02-10,3.10,4
2024-02-10,3.7,2
2024-02-10,null,93
2024-02-11,3.10,2
2024-02-11,null,9
2024-02-12,3.10,14
2024-02-12,3.9,8
2024-02-12,null,114
2024-02-13,3.10,7
2024-02-13,3.12,2
2024-02-13,null,6
2024-02-14,3.10,17
2024-02-14,3.11,4
2024-02-14,3.6,1
2024-02-14,3.7,1
2024-02-14,3.8,3
2024-02-14,3.9,11
2024-02-14,null,99
2024-02-15,3.10,7
2024-02-15,3.11,6
2024-02-15,3.6,1
2024-02-15,3.9,2
2024-02-15,null,113
2024-02-16,3.10,1
2024-02-16,3.11,4
2024-02-16,3.7,2
2024-02-16,null,100
2024-02-17,3.7,1
2024-02-17,null,14
2024-02-18,3.11,4
2024-02-18,3.7,2
2024-02-18,null,9
2024-02-19,3.10,7
2024-02-19,3.11,6
2024-02-19,3.9,2
2024-02-19,null,271
2024-02-20,3.10,7
2024-02-20,3.11,5
2024-02-20,3.7,1
2024-02-20,3.9,4
2024-02-20,null,110
2024-02-21,3.10,5
2024-02-21,3.11,38
2024-02-21,3.9,3
2024-02-21,null,34
2024-02-22,3.10,8
2024-02-22,3.11,39
2024-02-22,3.12,2
2024-02-22,3.8,2
2024-02-22,3.9,2
2024-02-22,null,14
2024-02-23,3.11,12
2024-02-23,null,118
2024-02-24,3.10,2
2024-02-24,3.11,2
2024-02-24,3.7,1
2024-02-24,null,12
2024-02-25,3.10,2
2024-02-25,3.9,2
2024-02-25,null,13
2024-02-26,3.10,10
2024-02-26,3.8,1
2024-02-26,3.9,1
2024-02-26,null,105
2024-02-27,3.10,1
2024-02-27,3.11,2
2024-02-27,3.12,2
2024-02-27,3.7,1
2024-02-27,3.8,1
2024-02-27,null,112
2024-02-28,3.10,2
2024-02-28,3.11,6
2024-02-28,3.8,2
2024-02-28,null,157
2024-02-29,3.10,5
2024-02-29,3.8,2
2024-02-29,null,94
2024-03-01,3.10,2
2024-03-01,3.11,1
2024-03-01,3.7,2
2024-03-01,3.8,3
2024-03-01,null,22
2024-03-02,3.10,7
2024-03-02,3.9,3
2024-03-02,null,133
2024-03-03,3.10,2
2024-03-03,3.8,1
2024-03-03,null,5
2024-03-04,3.10,4
2024-03-04,3.7,1
2024-03-04,3.8,2
2024-03-04,3.9,10
2024-03-04,null,4
2024-03-05,3.10,2
2024-03-05,3.9,25
2024-03-05,null,225
2024-03-06,3.10,3
2024-03-06,3.11,6
2024-03-06,3.9,34
2024-03-06,null,26
2024-03-07,3.10,18
2024-03-07,3.7,2
2024-03-07,3.9,7
2024-03-07,null,4
2024-03-08,3.10,2
2024-03-08,3.11,2
2024-03-08,3.7,2
2024-03-08,3.9,4
2024-03-08,null,5
2024-03-09,3.10,1
2024-03-09,3.11,3
2024-03-09,null,90
2024-03-10,3.10,1
2024-03-10,null,80
2024-03-11,3.10,9
2024-03-11,3.11,4
2024-03-11,3.7,1
2024-03-11,3.8,7
2024-03-11,3.9,18
2024-03-11,null,7
2024-03-12,3.10,5
2024-03-12,3.11,10
2024-03-12,3.12,2
2024-03-12,3.7,2
2024-03-12,3.9,26
2024-03-12,null,91
2024-03-13,3.10,2
2024-03-13,3.11,1
2024-03-13,3.12,4
2024-03-13,3.9,2
2024-03-13,null,18
2024-03-14,3.10,6
2024-03-14,3.12,2
2024-03-14,3.7,1
2024-03-14,3.8,1
2024-03-14,3.9,2
2024-03-14,null,15
2024-03-15,3.10,7
2024-03-15,3.7,2
2024-03-15,3.9,2
2024-03-15,null,31
2024-03-16,3.10,1
2024-03-16,3.8,1
2024-03-16,null,25
2024-03-17,3.10,6
2024-03-17,3.8,1
2024-03-17,3.9,5
2024-03-17,null,6
2024-03-18,3.10,14
2024-03-18,3.11,3
2024-03-18,3.8,3
2024-03-18,3.9,5
2024-03-18,null,26
2024-03-19,3.10,1
2024-03-19,3.9,6
2024-03-19,null,12
2024-03-20,3.10,13
2024-03-20,3.11,2
2024-03-20,3.12,6
2024-03-20,3.9,10
2024-03-20,null,106
2024-03-21,3.10,15
2024-03-21,3.11,2
2024-03-21,3.9,3
2024-03-21,null,95
2024-03-22,2.7,1
2024-03-22,3.10,5
2024-03-22,3.11,6
2024-03-22,3.12,2
2024-03-22,3.9,32
2024-03-22,null,29
2024-03-23,3.10,38
2024-03-23,3.12,2
2024-03-23,3.9,14
2024-03-23,null,12
2024-03-24,3.10,32
2024-03-24,3.11,5
2024-03-24,3.7,2
2024-03-24,3.8,1
2024-03-24,3.9,26
2024-03-24,null,47
2024-03-25,3.10,30
2024-03-25,3.11,10
2024-03-25,3.7,12
2024-03-25,3.9,44
2024-03-25,null,40
2024-03-26,3.10,93
2024-03-26,3.11,14
2024-03-26,3.12,2
2024-03-26,3.7,2
2024-03-26,3.8,4
2024-03-26,3.9,48
2024-03-26,null,54
2024-03-27,3.10,61
2024-03-27,3.11,18
2024-03-27,3.12,24
2024-03-27,3.7,13
2024-03-27,3.8,3
2024-03-27,3.9,22
2024-03-27,null,113
2024-03-28,3.10,42
2024-03-28,3.11,8
2024-03-28,3.12,1
2024-03-28,3.7,9
2024-03-28,3.8,2
2024-03-28,3.9,60
2024-03-28,null,204
2024-03-29,3.10,32
2024-03-29,3.11,15
2024-03-29,3.7,4
2024-03-29,3.8,1
2024-03-29,3.9,29
2024-03-29,null,26
2024-03-30,3.10,29
2024-03-30,3.11,4
2024-03-30,3.7,10
2024-03-30,3.8,4
2024-03-30,3.9,19
2024-03-31,3.10,36
2024-03-31,3.11,12
2024-03-31,3.7,6
2024-03-31,3.9,34
2024-03-31,null,7
2024-04-01,3.10,38
2024-04-01,3.11,7
2024-04-01,3.7,14
2024-04-01,3.8,3
2024-04-01,3.9,34
2024-04-01,null,24
2024-04-02,3.10,41
2024-04-02,3.11,10
2024-04-02,3.12,4
2024-04-02,3.7,7
2024-04-02,3.8,2
2024-04-02,3.9,34
2024-04-02,null,2
2024-04-03,3.10,48
2024-04-03,3.11,8
2024-04-03,3.7,8
2024-04-03,3.9,28
2024-04-03,null,65
2024-04-04,3.10,33
2024-04-04,3.11,4
2024-04-04,3.7,12
2024-04-04,3.8,3
2024-04-04,3.9,33
2024-04-04,null,27
2024-04-05,3.10,33
2024-04-05,3.11,71
2024-04-05,3.12,4
2024-04-05,3.7,4
2024-04-05,3.9,18
2024-04-05,null,103
2024-04-06,3.10,35
2024-04-06,3.11,15
2024-04-06,3.7,12
2024-04-06,3.8,2
2024-04-06,3.9,3
2024-04-07,3.10,12
2024-04-07,3.11,4
2024-04-07,3.12,2
2024-04-07,3.7,12
2024-04-07,3.9,10
2024-04-07,null,90
2024-04-08,3.10,35
2024-04-08,3.11,16
2024-04-08,3.12,4
2024-04-08,3.7,2
2024-04-08,3.9,34
2024-04-08,null,188
2024-04-09,3.10,38
2024-04-09,3.11,12
2024-04-09,3.7,11
2024-04-09,3.9,49
2024-04-09,null,12
2024-04-10,3.10,117
2024-04-10,3.11,14
2024-04-10,3.12,34
2024-04-10,3.7,11
2024-04-10,3.8,5
2024-04-10,3.9,58
2024-04-10,null,12
2024-04-11,3.10,56
2024-04-11,3.11,8
2024-04-11,3.12,40
2024-04-11,3.7,17
2024-04-11,3.8,2
2024-04-11,3.9,44
2024-04-11,null,104
2024-04-12,3.10,107
2024-04-12,3.11,16
2024-04-12,3.12,14
2024-04-12,3.7,1
2024-04-12,3.9,31
2024-04-12,null,21
2024-04-13,3.10,14
2024-04-13,3.11,1
2024-04-13,3.7,2
2024-04-13,3.9,25
2024-04-13,null,3
2024-04-14,3.10,16
2024-04-14,3.11,2
2024-04-14,3.7,3
2024-04-14,3.9,56
2024-04-14,null,90
2024-04-15,3.10,55
2024-04-15,3.11,52
2024-04-15,3.7,6
2024-04-15,3.8,3
2024-04-15,3.9,104
2024-04-15,null,10
2024-04-16,3.10,71
2024-04-16,3.11,56
2024-04-16,3.12,8
2024-04-16,3.7,12
2024-04-16,3.8,3
2024-04-16,3.9,29
2024-04-16,null,25
2024-04-17,3.10,63
2024-04-17,3.11,16
2024-04-17,3.7,19
2024-04-17,3.8,8
2024-04-17,3.9,86
2024-04-17,null,158
2024-04-18,3.10,50
2024-04-18,3.11,16
2024-04-18,3.12,24
2024-04-18,3.7,9
2024-04-18,3.8,7
2024-04-18,3.9,71
2024-04-18,null,96
2024-04-19,3.10,32
2024-04-19,3.11,10
2024-04-19,3.12,2
2024-04-19,3.7,11
2024-04-19,3.8,51
2024-04-19,3.9,6
2024-04-19,null,122
2024-04-20,3.10,20
2024-04-20,3.11,1
2024-04-20,3.7,11
2024-04-20,3.9,8
2024-04-20,null,3
2024-04-21,3.10,25
2024-04-21,3.11,6
2024-04-21,3.7,3
2024-04-21,3.9,17
2024-04-21,null,103
2024-04-22,3.10,65
2024-04-22,3.11,6
2024-04-22,3.12,4
2024-04-22,3.6,1
2024-04-22,3.7,14
2024-04-22,3.8,2
2024-04-22,3.9,26
2024-04-22,null,84
2024-04-23,3.10,89
2024-04-23,3.11,21
2024-04-23,3.12,6
2024-04-23,3.7,14
2024-04-23,3.8,7
2024-04-23,3.9,53
2024-04-23,null,36
2024-04-24,3.10,58
2024-04-24,3.11,12
2024-04-24,3.12,12
2024-04-24,3.7,7
2024-04-24,3.8,11
2024-04-24,3.9,10
2024-04-24,null,96
2024-04-25,3.10,38
2024-04-25,3.11,6
2024-04-25,3.7,15
2024-04-25,3.8,15
2024-04-25,3.9,16
2024-04-25,null,44
2024-04-26,3.10,59
2024-04-26,3.11,7
2024-04-26,3.12,6
2024-04-26,3.7,8
2024-04-26,3.8,3
2024-04-26,3.9,29
2024-04-26,null,31
2024-04-27,3.10,41
2024-04-27,3.11,2
2024-04-27,3.7,9
2024-04-27,3.8,2
2024-04-27,3.9,7
2024-04-27,null,95
2024-04-28,3.10,41
2024-04-28,3.11,2
2024-04-28,3.7,7
2024-04-28,3.8,7
2024-04-28,3.9,7
2024-04-28,null,92
2024-04-29,3.10,31
2024-04-29,3.11,8
2024-04-29,3.7,17
2024-04-29,3.8,9
2024-04-29,3.9,58
2024-04-29,null,56
2024-04-30,3.10,270
2024-04-30,3.11,10
2024-04-30,3.12,2
2024-04-30,3.7,16
2024-04-30,3.8,2
2024-04-30,3.9,31
2024-04-30,null,13
2024-05-01,3.10,96
2024-05-01,3.11,4
2024-05-01,3.12,4
2024-05-01,3.7,8
2024-05-01,3.9,23
2024-05-01,null,127
2024-05-02,3.10,34
2024-05-02,3.11,15
2024-05-02,3.12,2
2024-05-02,3.7,10
2024-05-02,3.8,1
2024-05-02,3.9,26
2024-05-02,null,28
2024-05-03,3.10,87
2024-05-03,3.11,6
2024-05-03,3.7,13
2024-05-03,3.9,12
2024-05-03,null,103
2024-05-04,3.10,39
2024-05-04,3.11,3
2024-05-04,3.7,8
2024-05-04,3.8,1
2024-05-04,3.9,4
2024-05-04,null,185
2024-05-05,3.10,46
2024-05-05,3.11,6
2024-05-05,3.12,2
2024-05-05,3.7,17
2024-05-05,3.9,47
2024-05-05,null,104
2024-05-06,3.10,77
2024-05-06,3.11,8
2024-05-06,3.12,2
2024-05-06,3.7,2
2024-05-06,3.9,59
2024-05-06,null,6
2024-05-07,3.10,73
2024-05-07,3.11,12
2024-05-07,3.12,2
2024-05-07,3.7,1
2024-05-07,3.8,1
2024-05-07,3.9,15
2024-05-07,null,95
2024-05-08,3.10,75
2024-05-08,3.11,11
2024-05-08,3.7,9
2024-05-08,3.9,35
2024-05-08,null,7
2024-05-09,3.10,69
2024-05-09,3.11,8
2024-05-09,3.7,21
2024-05-09,3.9,20
2024-05-09,null,69
2024-05-10,3.10,30
2024-05-10,3.11,6
2024-05-10,3.12,1
2024-05-10,3.7,4
2024-05-10,3.8,2
2024-05-10,3.9,14
2024-05-10,null,112
2024-05-11,3.10,28
2024-05-11,3.11,6
2024-05-11,3.7,16
2024-05-11,3.9,8
2024-05-11,null,84
2024-05-12,3.10,39
2024-05-12,3.11,1
2024-05-12,3.12,2
2024-05-12,3.7,4
2024-05-12,3.9,51
2024-05-12,null,50
2024-05-13,3.10,65
2024-05-13,3.11,4
2024-05-13,3.7,11
2024-05-13,3.9,35
2024-05-13,null,60
2024-05-14,3.10,98
2024-05-14,3.11,6
2024-05-14,3.12,4
2024-05-14,3.7,5
2024-05-14,3.8,2
2024-05-14,3.9,58
2024-05-14,null,7
2024-05-15,3.10,98
2024-05-15,3.11,24
2024-05-15,3.12,2
2024-05-15,3.6,1
2024-05-15,3.7,15
2024-05-15,3.9,78
2024-05-15,null,201
2024-05-16,3.10,77
2024-05-16,3.11,11
2024-05-16,3.12,8
2024-05-16,3.7,10
2024-05-16,3.9,62
2024-05-16,null,111
2024-05-17,3.10,120
2024-05-17,3.11,12
2024-05-17,3.7,10
2024-05-17,3.9,19
2024-05-17,null,43
2024-05-18,3.10,47
2024-05-18,3.11,7
2024-05-18,3.7,3
2024-05-18,3.9,34
2024-05-18,null,20
2024-05-19,3.10,36
2024-05-19,3.11,4
2024-05-19,3.7,7
2024-05-19,3.9,16
2024-05-19,null,104
2024-05-20,3.10,37
2024-05-20,3.11,11
2024-05-20,3.12,2
2024-05-20,3.7,13
2024-05-20,3.9,22
2024-05-20,null,47
2024-05-21,3.10,89
2024-05-21,3.11,22
2024-05-21,3.7,8
2024-05-21,3.9,60
2024-05-21,null,3
2024-05-22,2.7,1
2024-05-22,3.10,83
2024-05-22,3.11,8
2024-05-22,3.7,7
2024-05-22,3.9,20
2024-05-22,null,23
2024-05-23,3.10,48
2024-05-23,3.11,6
2024-05-23,3.7,5
2024-05-23,3.8,1
2024-05-23,3.9,45
2024-05-23,null,17
2024-05-24,3.10,90
2024-05-24,3.11,8
2024-05-24,3.7,15
2024-05-24,3.8,1
2024-05-24,3.9,16
2024-05-24,null,19
2024-05-25,3.10,58
2024-05-25,3.11,5
2024-05-25,3.7,2
2024-05-25,3.8,1
2024-05-25,3.9,4
2024-05-25,null,4
2024-05-26,3.10,42
2024-05-26,3.11,5
2024-05-26,3.7,3
2024-05-26,3.9,26
2024-05-26,null,1
2024-05-27,3.10,93
2024-05-27,3.11,6
2024-05-27,3.12,4
2024-05-27,3.7,13
2024-05-27,3.9,29
2024-05-27,null,6
2024-05-28,3.10,104
2024-05-28,3.11,15
2024-05-28,3.12,2
2024-05-28,3.6,3
2024-05-28,3.7,9
2024-05-28,3.8,2
2024-05-28,3.9,16
2024-05-28,null,15
2024-05-29,3.10,52
2024-05-29,3.11,9
2024-05-29,3.12,4
2024-05-29,3.7,14
2024-05-29,3.8,2
2024-05-29,3.9,23
2024-05-29,null,14
2024-05-30,3.10,74
2024-05-30,3.11,28
2024-05-30,3.7,15
2024-05-30,3.8,4
2024-05-30,3.9,19
2024-05-30,null,179
2024-05-31,3.10,80
2024-05-31,3.11,9
2024-05-31,3.6,1
2024-05-31,3.9,14
2024-05-31,null,30
2024-06-01,3.10,24
2024-06-01,3.11,4
2024-06-01,3.7,9
2024-06-01,3.9,8
2024-06-01,null,113
2024-06-02,3.10,31
2024-06-02,3.11,8
2024-06-02,3.6,1
2024-06-02,3.7,6
2024-06-02,3.9,7
2024-06-02,null,192
2024-06-03,3.10,70
2024-06-03,3.11,16
2024-06-03,3.12,2
2024-06-03,3.7,13
2024-06-03,3.8,2
2024-06-03,3.9,18
2024-06-03,null,201
2024-06-04,3.10,76
2024-06-04,3.11,21
2024-06-04,3.12,2
2024-06-04,3.7,13
2024-06-04,3.8,8
2024-06-04,3.9,59
2024-06-04,null,68
2024-06-05,2.7,1
2024-06-05,3.10,41
2024-06-05,3.11,2
2024-06-05,3.12,4
2024-06-05,3.7,9
2024-06-05,3.8,3
2024-06-05,3.9,20
2024-06-05,null,66
2024-06-06,3.10,50
2024-06-06,3.11,14
2024-06-06,3.6,2
2024-06-06,3.7,3
2024-06-06,3.8,1
2024-06-06,3.9,16
2024-06-06,null,49
2024-06-07,3.10,134
2024-06-07,3.11,8
2024-06-07,3.6,3
2024-06-07,3.7,13
2024-06-07,3.9,24
2024-06-07,null,49
2024-06-08,3.10,128
2024-06-08,3.11,4
2024-06-08,3.7,2
2024-06-08,3.9,2
2024-06-08,null,99
2024-06-09,3.10,92
2024-06-09,3.11,8
2024-06-09,3.7,8
2024-06-09,3.8,2
2024-06-09,3.9,19
2024-06-09,null,13
2024-06-10,3.10,91
2024-06-10,3.11,17
2024-06-10,3.12,1
2024-06-10,3.7,5
2024-06-10,3.8,2
2024-06-10,3.9,17
2024-06-10,null,22
2024-06-11,3.10,111
2024-06-11,3.11,17
2024-06-11,3.12,6
2024-06-11,3.7,2
2024-06-11,3.8,1
2024-06-11,3.9,6
2024-06-11,null,91
2024-06-12,3.10,118
2024-06-12,3.11,9
2024-06-12,3.12,28
2024-06-12,3.7,14
2024-06-12,3.8,1
2024-06-12,3.9,16
2024-06-12,null,45
2024-06-13,3.10,103
2024-06-13,3.11,14
2024-06-13,3.12,4
2024-06-13,3.7,15
2024-06-13,3.8,1
2024-06-13,3.9,21
2024-06-13,null,47
2024-06-14,3.10,133
2024-06-14,3.11,16
2024-06-14,3.12,8
2024-06-14,3.7,16
2024-06-14,3.8,2
2024-06-14,3.9,37
2024-06-14,null,202
2024-06-15,3.10,34
2024-06-15,3.11,3
2024-06-15,3.12,6
2024-06-15,3.7,4
2024-06-15,null,28
2024-06-16,3.10,21
2024-06-16,3.11,38
2024-06-16,3.12,12
2024-06-16,3.7,6
2024-06-16,3.9,8
2024-06-16,null,7
2024-06-17,3.10,115
2024-06-17,3.11,28
2024-06-17,3.12,12
2024-06-17,3.7,12
2024-06-17,3.8,1
2024-06-17,3.9,28
2024-06-17,null,11
2024-06-18,2.7,1
2024-06-18,3.10,204
2024-06-18,3.11,32
2024-06-18,3.12,6
2024-06-18,3.7,12
2024-06-18,3.8,1
2024-06-18,3.9,23
2024-06-18,null,34
2024-06-19,3.10,118
2024-06-19,3.11,24
2024-06-19,3.12,4
2024-06-19,3.7,14
2024-06-19,3.9,4
2024-06-19,null,55
2024-06-20,3.10,49
2024-06-20,3.11,22
2024-06-20,3.12,2
2024-06-20,3.7,8
2024-06-20,3.9,22
2024-06-20,null,143
2024-06-21,3.10,66
2024-06-21,3.11,15
2024-06-21,3.12,8
2024-06-21,3.7,2
2024-06-21,3.9,13
2024-06-21,null,90
2024-06-22,3.10,59
2024-06-22,3.11,6
2024-06-22,3.12,26
2024-06-22,3.7,14
2024-06-22,3.9,3
2024-06-22,null,99
2024-06-23,3.10,40
2024-06-23,3.11,12
2024-06-23,3.12,12
2024-06-23,3.7,7
2024-06-23,3.9,15
2024-06-23,null,17
2024-06-24,3.10,79
2024-06-24,3.11,23
2024-06-24,3.12,6
2024-06-24,3.7,10
2024-06-24,3.9,20
2024-06-24,null,131
2024-06-25,3.10,116
2024-06-25,3.11,12
2024-06-25,3.7,3
2024-06-25,3.9,41
2024-06-25,null,92
2024-06-26,3.10,133
2024-06-26,3.11,26
2024-06-26,3.12,8
2024-06-26,3.7,10
2024-06-26,3.8,1
2024-06-26,3.9,26
2024-06-26,null,50
2024-06-27,3.10,66
2024-06-27,3.11,11
2024-06-27,3.12,2
2024-06-27,3.7,10
2024-06-27,3.8,7
2024-06-27,3.9,9
2024-06-27,null,74
2024-06-28,3.10,54
2024-06-28,3.11,11
2024-06-28,3.12,6
2024-06-28,3.7,2
2024-06-28,3.8,2
2024-06-28,3.9,6
2024-06-28,null,57
2024-06-29,3.10,31
2024-06-29,3.11,9
2024-06-29,3.7,15
2024-06-29,null,18
2024-06-30,3.10,60
2024-06-30,3.11,11
2024-06-30,3.12,2
2024-06-30,3.7,10
2024-06-30,3.9,2
2024-06-30,null,12
2024-07-01,3.10,75
2024-07-01,3.11,16
2024-07-01,3.12,2
2024-07-01,3.7,7
2024-07-01,3.9,8
2024-07-01,null,33
2024-07-02,3.10,92
2024-07-02,3.11,12
2024-07-02,3.12,4
2024-07-02,3.7,16
2024-07-02,3.8,3
2024-07-02,3.9,8
2024-07-02,null,262
2024-07-03,2.7,1
2024-07-03,3.10,83
2024-07-03,3.11,24
2024-07-03,3.12,6
2024-07-03,3.7,8
2024-07-03,3.8,4
2024-07-03,3.9,46
2024-07-03,null,222
2024-07-04,3.10,47
2024-07-04,3.11,12
2024-07-04,3.12,4
2024-07-04,3.7,8
2024-07-04,3.9,5
2024-07-04,null,36
2024-07-05,3.10,81
2024-07-05,3.11,14
2024-07-05,3.12,6
2024-07-05,3.7,10
2024-07-05,3.8,2
2024-07-05,3.9,9
2024-07-05,null,122
2024-07-06,3.10,38
2024-07-06,3.11,4
2024-07-06,3.7,9
2024-07-06,3.9,8
2024-07-06,null,107
2024-07-07,3.10,95
2024-07-07,3.11,7
2024-07-07,3.8,1
2024-07-07,3.9,2
2024-07-07,null,10
2024-07-08,3.10,116
2024-07-08,3.11,32
2024-07-08,3.12,4
2024-07-08,3.7,7
2024-07-08,3.8,2
2024-07-08,3.9,18
2024-07-08,null,121
2024-07-09,3.10,56
2024-07-09,3.11,15
2024-07-09,3.12,3
2024-07-09,3.7,7
2024-07-09,3.8,2
2024-07-09,3.9,19
2024-07-09,null,72
2024-07-10,3.10,55
2024-07-10,3.11,12
2024-07-10,3.12,6
2024-07-10,3.7,1
2024-07-10,3.8,3
2024-07-10,3.9,16
2024-07-10,null,226
2024-07-11,3.10,90
2024-07-11,3.11,4
2024-07-11,3.12,9
2024-07-11,3.7,2
2024-07-11,3.9,42
2024-07-11,null,68
2024-07-12,3.10,54
2024-07-12,3.11,1
2024-07-12,3.7,1
2024-07-12,3.9,47
2024-07-12,null,54
2024-07-13,3.10,34
2024-07-13,3.11,7
2024-07-13,3.7,1
2024-07-13,3.9,7
2024-07-13,null,201
2024-07-14,3.10,77
2024-07-14,3.11,6
2024-07-14,3.7,5
2024-07-14,3.9,8
2024-07-14,null,18
2024-07-15,3.10,133
2024-07-15,3.11,9
2024-07-15,3.12,8
2024-07-15,3.6,2
2024-07-15,3.7,4
2024-07-15,3.9,31
2024-07-15,null,49
2024-07-16,3.10,135
2024-07-16,3.11,16
2024-07-16,3.12,2
2024-07-16,3.7,1
2024-07-16,3.9,13
2024-07-16,null,40
2024-07-17,3.10,199
2024-07-17,3.11,9
2024-07-17,3.7,7
2024-07-17,3.8,3
2024-07-17,3.9,36
2024-07-17,null,163
2024-07-18,3.10,137
2024-07-18,3.11,12
2024-07-18,3.12,2
2024-07-18,3.7,2
2024-07-18,3.8,2
2024-07-18,3.9,27
2024-07-18,null,138
2024-07-19,3.10,99
2024-07-19,3.11,11
2024-07-19,3.6,1
2024-07-19,3.7,1
2024-07-19,3.9,2
2024-07-19,null,133
2024-07-20,3.10,50
2024-07-20,3.11,4
2024-07-20,3.7,3
2024-07-20,3.9,1
2024-07-20,null,98
2024-07-21,3.10,40
2024-07-21,3.11,19
2024-07-21,3.7,2
2024-07-21,3.9,8
2024-07-21,null,24
2024-07-22,3.10,144
2024-07-22,3.11,45
2024-07-22,3.12,2
2024-07-22,3.7,12
2024-07-22,3.8,2
2024-07-22,3.9,47
2024-07-22,null,95
2024-07-23,3.10,160
2024-07-23,3.11,50
2024-07-23,3.7,1
2024-07-23,3.9,56
2024-07-23,null,205
2024-07-24,3.10,83
2024-07-24,3.11,24
2024-07-24,3.7,6
2024-07-24,3.8,4
2024-07-24,3.9,29
2024-07-24,null,148
2024-07-25,3.10,112
2024-07-25,3.11,19
2024-07-25,3.7,1
2024-07-25,3.8,2
2024-07-25,3.9,79
2024-07-25,null,38
2024-07-26,3.10,50
2024-07-26,3.11,10
2024-07-26,3.12,2
2024-07-26,3.7,9
2024-07-26,3.9,15
2024-07-26,null,54
2024-07-27,3.10,49
2024-07-27,3.11,2
2024-07-27,3.8,1
2024-07-27,3.9,14
2024-07-27,null,13
2024-07-28,3.10,30
2024-07-28,3.11,16
2024-07-28,3.7,7
2024-07-28,3.9,10
2024-07-28,null,2
2024-07-29,3.10,80
2024-07-29,3.11,12
2024-07-29,3.12,4
2024-07-29,3.7,1
2024-07-29,3.8,2
2024-07-29,3.9,29
2024-07-29,null,39
2024-07-30,3.10,106
2024-07-30,3.11,14
2024-07-30,3.12,4
2024-07-30,3.7,2
2024-07-30,3.8,2
2024-07-30,3.9,23
2024-07-30,null,140
2024-07-31,3.10,96
2024-07-31,3.11,22
2024-07-31,3.12,6
2024-07-31,3.7,8
2024-07-31,3.8,3
2024-07-31,3.9,42
2024-07-31,null,207
2024-08-01,3.10,87
2024-08-01,3.11,16
2024-08-01,3.12,6
2024-08-01,3.7,3
2024-08-01,3.8,2
2024-08-01,3.9,18
2024-08-01,null,14
2024-08-02,3.10,72
2024-08-02,3.11,15
2024-08-02,3.9,29
2024-08-02,null,139
2024-08-03,3.10,34
2024-08-03,3.11,10
2024-08-03,3.7,8
2024-08-03,3.9,2
2024-08-03,null,4
2024-08-04,3.10,53
2024-08-04,3.11,24
2024-08-04,3.7,1
2024-08-04,3.9,12
2024-08-04,null,5
2024-08-05,3.10,93
2024-08-05,3.11,49
2024-08-05,3.7,7
2024-08-05,3.9,37
2024-08-05,null,19
2024-08-06,3.10,73
2024-08-06,3.11,25
2024-08-06,3.12,4
2024-08-06,3.6,1
2024-08-06,3.7,5
2024-08-06,3.8,3
2024-08-06,3.9,60
2024-08-06,null,90
2024-08-07,3.10,68
2024-08-07,3.11,23
2024-08-07,3.12,6
2024-08-07,3.9,59
2024-08-07,null,54
2024-08-08,3.10,76
2024-08-08,3.11,21
2024-08-08,3.12,2
2024-08-08,3.7,6
2024-08-08,3.8,2
2024-08-08,3.9,44
2024-08-08,null,43
2024-08-09,3.10,62
2024-08-09,3.11,13
2024-08-09,3.12,1
2024-08-09,3.7,2
2024-08-09,3.8,2
2024-08-09,3.9,36
2024-08-09,null,33
2024-08-10,3.10,16
2024-08-10,3.11,12
2024-08-10,3.7,2
2024-08-10,3.9,40
2024-08-10,null,17
2024-08-11,3.10,57
2024-08-11,3.11,12
2024-08-11,3.12,2
2024-08-11,3.7,1
2024-08-11,3.9,6
2024-08-11,null,64
2024-08-12,3.10,154
2024-08-12,3.11,20
2024-08-12,3.12,2
2024-08-12,3.7,6
2024-08-12,3.9,42
2024-08-12,null,47
2024-08-13,3.10,87
2024-08-13,3.11,12
2024-08-13,3.12,5
2024-08-13,3.7,6
2024-08-13,3.9,34
2024-08-13,null,122
2024-08-14,3.10,90
2024-08-14,3.11,7
2024-08-14,3.12,2
2024-08-14,3.7,7
2024-08-14,3.9,66
2024-08-14,null,35
2024-08-15,3.10,68
2024-08-15,3.11,9
2024-08-15,3.7,3
2024-08-15,3.9,18
2024-08-15,null,43
2024-08-16,3.10,60
2024-08-16,3.11,14
2024-08-16,3.12,4
2024-08-16,3.7,4
2024-08-16,3.9,16
2024-08-16,null,118
2024-08-17,3.10,28
2024-08-17,3.11,2
2024-08-17,3.12,2
2024-08-17,3.7,5
2024-08-17,null,312
2024-08-18,3.10,53
2024-08-18,3.11,3
2024-08-18,3.12,2
2024-08-18,3.7,1
2024-08-18,3.9,4
2024-08-18,null,196
2024-08-19,3.10,78
2024-08-19,3.11,4
2024-08-19,3.12,4
2024-08-19,3.7,2
2024-08-19,3.9,20
2024-08-19,null,132
2024-08-20,3.10,79
2024-08-20,3.11,3
2024-08-20,3.12,2
2024-08-20,3.7,4
2024-08-20,3.9,61
2024-08-20,null,61
2024-08-21,3.10,99
2024-08-21,3.11,9
2024-08-21,3.12,2
2024-08-21,3.7,4
2024-08-21,3.9,7
2024-08-21,null,91
2024-08-22,3.10,126
2024-08-22,3.11,13
2024-08-22,3.7,2
2024-08-22,3.8,1
2024-08-22,3.9,2
2024-08-22,null,30
2024-08-23,3.10,117
2024-08-23,3.11,4
2024-08-23,3.12,4
2024-08-23,3.7,6
2024-08-23,3.9,15
2024-08-23,null,50
2024-08-24,3.10,65
2024-08-24,3.9,7
2024-08-24,null,14
2024-08-25,3.10,65
2024-08-25,3.11,20
2024-08-25,3.12,2
2024-08-25,3.7,6
2024-08-25,3.9,52
2024-08-25,null,107
2024-08-26,3.10,120
2024-08-26,3.11,9
2024-08-26,3.12,4
2024-08-26,3.7,4
2024-08-26,3.9,35
2024-08-26,null,34
2024-08-27,3.10,66
2024-08-27,3.11,13
2024-08-27,3.12,4
2024-08-27,3.7,1
2024-08-27,3.8,3
2024-08-27,3.9,69
2024-08-27,null,48
2024-08-28,3.10,295
2024-08-28,3.11,13
2024-08-28,3.7,2
2024-08-28,3.9,6
2024-08-28,null,56
2024-08-29,3.10,148
2024-08-29,3.11,6
2024-08-29,3.12,6
2024-08-29,3.6,1
2024-08-29,3.7,3
2024-08-29,3.9,48
2024-08-29,null,24
2024-08-30,3.10,127
2024-08-30,3.11,10
2024-08-30,3.7,5
2024-08-30,3.9,54
2024-08-30,null,134
2024-08-31,3.10,58
2024-08-31,3.11,6
2024-08-31,3.7,3
2024-08-31,3.9,12
2024-08-31,null,9
2024-09-01,3.10,49
2024-09-01,3.11,6
2024-09-01,3.7,3
2024-09-01,3.8,1
2024-09-01,3.9,13
2024-09-01,null,7
2024-09-02,3.10,75
2024-09-02,3.11,17
2024-09-02,3.7,4
2024-09-02,3.8,1
2024-09-02,3.9,15
2024-09-02,null,118
2024-09-03,3.10,102
2024-09-03,3.11,12
2024-09-03,3.12,4
2024-09-03,3.7,2
2024-09-03,3.9,18
2024-09-03,null,54
2024-09-04,3.10,218
2024-09-04,3.11,4
2024-09-04,3.12,6
2024-09-04,3.7,5
2024-09-04,3.8,4
2024-09-04,3.9,33
2024-09-04,null,164
2024-09-05,3.10,133
2024-09-05,3.11,14
2024-09-05,3.12,8
2024-09-05,3.7,6
2024-09-05,3.9,29
2024-09-05,null,54
2024-09-06,3.10,99
2024-09-06,3.11,6
2024-09-06,3.12,3
2024-09-06,3.7,3
2024-09-06,3.8,2
2024-09-06,3.9,8
2024-09-06,null,239
2024-09-07,3.10,82
2024-09-07,3.11,5
2024-09-07,3.7,4
2024-09-07,3.8,1
2024-09-07,3.9,6
2024-09-07,null,8
2024-09-08,3.10,37
2024-09-08,3.11,10
2024-09-08,3.12,2
2024-09-08,3.9,15
2024-09-08,null,113
2024-09-09,3.10,124
2024-09-09,3.11,14
2024-09-09,3.12,41
2024-09-09,3.7,6
2024-09-09,3.9,33
2024-09-09,null,134
2024-09-10,3.10,123
2024-09-10,3.11,8
2024-09-10,3.12,4
2024-09-10,3.7,3
2024-09-10,3.8,1
2024-09-10,3.9,17
2024-09-10,null,57
2024-09-11,3.10,83
2024-09-11,3.11,24
2024-09-11,3.12,4
2024-09-11,3.7,3
2024-09-11,3.9,22
2024-09-11,null,26
2024-09-12,3.10,110
2024-09-12,3.11,32
2024-09-12,3.7,2
2024-09-12,3.8,2
2024-09-12,3.9,8
2024-09-12,null,113
2024-09-13,3.10,132
2024-09-13,3.11,5
2024-09-13,3.12,2
2024-09-13,3.7,3
2024-09-13,3.8,2
2024-09-13,3.9,19
2024-09-13,null,109
2024-09-14,3.10,66
2024-09-14,3.11,2
2024-09-14,3.12,4
2024-09-14,3.7,1
2024-09-14,3.9,2
2024-09-14,null,267
2024-09-15,3.10,71
2024-09-15,3.11,1
2024-09-15,3.7,2
2024-09-15,3.9,21
2024-09-15,null,17
2024-09-16,3.10,304
2024-09-16,3.11,15
2024-09-16,3.12,4
2024-09-16,3.7,2
2024-09-16,3.9,32
2024-09-16,null,115
2024-09-17,3.10,94
2024-09-17,3.11,13
2024-09-17,3.12,8
2024-09-17,3.7,1
2024-09-17,3.8,1
2024-09-17,3.9,40
2024-09-17,null,142
2024-09-18,3.10,77
2024-09-18,3.11,11
2024-09-18,3.7,10
2024-09-18,3.9,16
2024-09-18,null,49
2024-09-19,3.10,127
2024-09-19,3.11,9
2024-09-19,3.12,6
2024-09-19,3.7,2
2024-09-19,3.8,2
2024-09-19,3.9,4
2024-09-19,null,38
2024-09-20,3.10,120
2024-09-20,3.11,12
2024-09-20,3.7,6
2024-09-20,3.9,21
2024-09-20,null,40
2024-09-21,3.10,41
2024-09-21,3.11,1
2024-09-21,3.7,2
2024-09-21,3.9,2
2024-09-21,null,97
2024-09-22,3.10,34
2024-09-22,3.11,5
2024-09-22,3.12,3
2024-09-22,3.7,8
2024-09-22,3.8,1
2024-09-22,3.9,8
2024-09-22,null,27
2024-09-23,3.10,77
2024-09-23,3.11,8
2024-09-23,3.12,5
2024-09-23,3.7,2
2024-09-23,3.9,44
2024-09-23,null,119
2024-09-24,3.10,94
2024-09-24,3.11,9
2024-09-24,3.12,2
2024-09-24,3.7,2
2024-09-24,3.8,1
2024-09-24,3.9,38
2024-09-24,null,107
2024-09-25,3.10,122
2024-09-25,3.11,23
2024-09-25,3.12,2
2024-09-25,3.7,3
2024-09-25,3.9,23
2024-09-25,null,53
2024-09-26,3.10,115
2024-09-26,3.11,33
2024-09-26,3.12,6
2024-09-26,3.7,4
2024-09-26,3.8,1
2024-09-26,3.9,55
2024-09-26,null,387
2024-09-27,3.10,132
2024-09-27,3.11,20
2024-09-27,3.12,5
2024-09-27,3.7,2
2024-09-27,3.8,1
2024-09-27,3.9,59
2024-09-27,null,126
2024-09-28,3.10,48
2024-09-28,3.11,1
2024-09-28,3.12,6
2024-09-28,3.7,1
2024-09-28,3.9,8
2024-09-28,null,128
2024-09-29,3.10,126
2024-09-29,3.11,5
2024-09-29,3.12,5
2024-09-29,3.7,1
2024-09-29,3.9,13
2024-09-29,null,205
2024-09-30,3.10,161
2024-09-30,3.11,10
2024-09-30,3.7,4
2024-09-30,3.8,1
2024-09-30,3.9,25
2024-09-30,null,61
2024-10-01,3.10,95
2024-10-01,3.11,9
2024-10-01,3.12,4
2024-10-01,3.7,1
2024-10-01,3.9,47
2024-10-01,null,49
2024-10-02,3.10,98
2024-10-02,3.11,11
2024-10-02,3.12,4
2024-10-02,3.7,13
2024-10-02,3.9,20
2024-10-02,null,168
2024-10-03,3.10,88
2024-10-03,3.11,20
2024-10-03,3.12,4
2024-10-03,3.7,1
2024-10-03,3.9,31
2024-10-03,null,135
2024-10-04,3.10,134
2024-10-04,3.11,60
2024-10-04,3.12,2
2024-10-04,3.7,4
2024-10-04,3.8,2
2024-10-04,3.9,7
2024-10-04,null,127
2024-10-05,3.10,65
2024-10-05,3.11,21
2024-10-05,3.12,4
2024-10-05,3.7,1
2024-10-05,3.9,4
2024-10-05,null,110
2024-10-06,3.10,66
2024-10-06,3.11,33
2024-10-06,3.12,2
2024-10-06,3.9,9
2024-10-06,null,284
2024-10-07,3.10,139
2024-10-07,3.11,20
2024-10-07,3.12,4
2024-10-07,3.7,2
2024-10-07,3.9,25
2024-10-07,null,242
2024-10-08,3.10,209
2024-10-08,3.11,16
2024-10-08,3.12,6
2024-10-08,3.8,1
2024-10-08,3.9,14
2024-10-08,null,413
2024-10-09,3.10,168
2024-10-09,3.11,20
2024-10-09,3.12,12
2024-10-09,3.7,2
2024-10-09,3.8,5
2024-10-09,3.9,7
2024-10-09,null,499
2024-10-10,3.10,92
2024-10-10,3.11,32
2024-10-10,3.12,4
2024-10-10,3.8,1
2024-10-10,3.9,9
2024-10-10,null,321
2024-10-11,3.10,70
2024-10-11,3.11,29
2024-10-11,3.12,7
2024-10-11,3.9,3
2024-10-11,null,268
2024-10-12,3.10,51
2024-10-12,3.11,13
2024-10-12,3.12,3
2024-10-12,3.7,2
2024-10-12,3.8,1
2024-10-12,3.9,14
2024-10-12,null,208
2024-10-13,3.10,115
2024-10-13,3.11,7
2024-10-13,3.12,4
2024-10-13,3.9,19
2024-10-13,null,106
2024-10-14,3.10,160
2024-10-14,3.11,19
2024-10-14,3.12,6
2024-10-14,3.6,2
2024-10-14,3.8,1
2024-10-14,3.9,23
2024-10-14,null,32
2024-10-15,3.10,199
2024-10-15,3.11,13
2024-10-15,3.12,9
2024-10-15,3.7,2
2024-10-15,3.9,29
2024-10-15,null,127
2024-10-16,3.10,85
2024-10-16,3.11,23
2024-10-16,3.7,3
2024-10-16,3.8,1
2024-10-16,3.9,35
2024-10-16,null,129
2024-10-17,3.10,84
2024-10-17,3.11,50
2024-10-17,3.12,2
2024-10-17,3.7,2
2024-10-17,3.8,1
2024-10-17,3.9,6
2024-10-17,null,208
2024-10-18,3.10,136
2024-10-18,3.11,19
2024-10-18,3.12,15
2024-10-18,3.13,2
2024-10-18,3.8,2
2024-10-18,3.9,19
2024-10-18,null,242
2024-10-19,3.10,81
2024-10-19,3.11,9
2024-10-19,3.12,2
2024-10-19,3.7,2
2024-10-19,3.8,2
2024-10-19,3.9,12
2024-10-19,null,373
2024-10-20,3.10,84
2024-10-20,3.11,11
2024-10-20,3.12,28
2024-10-20,3.8,1
2024-10-20,3.9,9
2024-10-20,null,225
2024-10-21,3.10,118
2024-10-21,3.11,37
2024-10-21,3.12,4
2024-10-21,3.7,1
2024-10-21,3.8,2
2024-10-21,3.9,18
2024-10-21,null,137
2024-10-22,3.10,154
2024-10-22,3.11,19
2024-10-22,3.12,8
2024-10-22,3.7,2
2024-10-22,3.8,4
2024-10-22,3.9,14
2024-10-22,null,128
2024-10-23,3.10,171
2024-10-23,3.11,57
2024-10-23,3.12,2
2024-10-23,3.13,3
2024-10-23,3.7,7
2024-10-23,3.9,6
2024-10-23,null,383
2024-10-24,3.10,83
2024-10-24,3.11,35
2024-10-24,3.12,28
2024-10-24,3.7,1
2024-10-24,3.8,1
2024-10-24,3.9,5
2024-10-24,null,370
2024-10-25,3.10,102
2024-10-25,3.11,42
2024-10-25,3.12,1
2024-10-25,3.7,1
2024-10-25,3.8,2
2024-10-25,3.9,13
2024-10-25,null,318
2024-10-26,3.10,48
2024-10-26,3.11,3
2024-10-26,3.12,2
2024-10-26,3.7,1
2024-10-26,3.9,5
2024-10-26,null,162
2024-10-27,3.10,173
2024-10-27,3.11,47
2024-10-27,3.12,2
2024-10-27,3.7,2
2024-10-27,3.9,5
2024-10-27,null,10
2024-10-28,3.10,243
2024-10-28,3.11,59
2024-10-28,3.12,16
2024-10-28,3.8,6
2024-10-28,3.9,23
2024-10-28,null,145
2024-10-29,3.10,160
2024-10-29,3.11,52
2024-10-29,3.12,18
2024-10-29,3.7,2
2024-10-29,3.9,10
2024-10-29,null,44
2024-10-30,3.10,120
2024-10-30,3.11,44
2024-10-30,3.12,14
2024-10-30,3.7,6
2024-10-30,3.9,15
2024-10-30,null,41
2024-10-31,3.10,108
2024-10-31,3.11,14
2024-10-31,3.12,10
2024-10-31,3.7,2
2024-10-31,3.9,17
2024-10-31,null,39
2024-11-01,3.10,90
2024-11-01,3.11,28
2024-11-01,3.12,10
2024-11-01,3.13,2
2024-11-01,3.7,2
2024-11-01,3.9,6
2024-11-01,null,38
2024-11-02,3.10,60
2024-11-02,3.11,7
2024-11-02,3.12,2
2024-11-02,3.7,1
2024-11-02,3.8,2
2024-11-02,3.9,2
2024-11-02,null,116
2024-11-03,3.10,45
2024-11-03,3.11,13
2024-11-03,3.12,2
2024-11-03,3.8,1
2024-11-03,3.9,38
2024-11-03,null,140
2024-11-04,3.10,85
2024-11-04,3.11,18
2024-11-04,3.12,2
2024-11-04,3.9,39
2024-11-04,null,74
2024-11-05,3.10,188
2024-11-05,3.11,14
2024-11-05,3.12,4
2024-11-05,3.8,1
2024-11-05,3.9,2
2024-11-05,null,134
2024-11-06,2.7,1
2024-11-06,3.10,186
2024-11-06,3.11,21
2024-11-06,3.12,15
2024-11-06,3.6,1
2024-11-06,3.7,1
2024-11-06,3.8,3
2024-11-06,3.9,5
2024-11-06,null,121
2024-11-07,3.10,140
2024-11-07,3.11,37
2024-11-07,3.12,2
2024-11-07,3.7,1
2024-11-07,3.9,20
2024-11-07,null,59
2024-11-08,3.10,91
2024-11-08,3.11,27
2024-11-08,3.12,2
2024-11-08,3.7,3
2024-11-08,3.9,36
2024-11-08,null,175
2024-11-09,3.10,49
2024-11-09,3.11,36
2024-11-09,3.12,2
2024-11-09,3.8,2
2024-11-09,3.9,12
2024-11-09,null,17
2024-11-10,3.10,126
2024-11-10,3.11,19
2024-11-10,3.12,2
2024-11-10,3.7,3
2024-11-10,3.8,1
2024-11-10,3.9,17
2024-11-10,null,262
2024-11-11,3.10,114
2024-11-11,3.11,22
2024-11-11,3.12,4
2024-11-11,3.6,2
2024-11-11,3.7,2
2024-11-11,3.8,2
2024-11-11,3.9,54
2024-11-11,null,118
2024-11-12,3.10,182
2024-11-12,3.11,24
2024-11-12,3.12,2
2024-11-12,3.7,3
2024-11-12,3.8,6
2024-11-12,3.9,40
2024-11-12,null,329
2024-11-13,3.10,188
2024-11-13,3.11,43
2024-11-13,3.12,6
2024-11-13,3.7,1
2024-11-13,3.8,2
2024-11-13,3.9,73
2024-11-13,null,185
2024-11-14,3.10,195
2024-11-14,3.11,68
2024-11-14,3.12,4
2024-11-14,3.7,1
2024-11-14,3.8,4
2024-11-14,3.9,125
2024-11-14,null,181
2024-11-15,3.10,134
2024-11-15,3.11,24
2024-11-15,3.12,4
2024-11-15,3.8,1
2024-11-15,3.9,28
2024-11-15,null,237
2024-11-16,3.10,56
2024-11-16,3.11,4
2024-11-16,3.12,4
2024-11-16,3.7,2
2024-11-16,3.8,1
2024-11-16,null,26
2024-11-17,3.10,100
2024-11-17,3.11,29
2024-11-17,3.8,4
2024-11-17,3.9,14
2024-11-17,null,245
2024-11-18,2.7,1
2024-11-18,3.10,177
2024-11-18,3.11,42
2024-11-18,3.12,4
2024-11-18,3.7,1
2024-11-18,3.8,1
2024-11-18,3.9,52
2024-11-18,null,119
2024-11-19,3.10,99
2024-11-19,3.11,76
2024-11-19,3.12,8
2024-11-19,3.7,1
2024-11-19,3.8,2
2024-11-19,3.9,76
2024-11-19,null,225
2024-11-20,3.10,140
2024-11-20,3.11,59
2024-11-20,3.12,4
2024-11-20,3.7,3
2024-11-20,3.9,72
2024-11-20,null,114
2024-11-21,3.10,137
2024-11-21,3.11,29
2024-11-21,3.12,4
2024-11-21,3.8,4
2024-11-21,3.9,70
2024-11-21,null,39
2024-11-22,3.10,161
2024-11-22,3.11,59
2024-11-22,3.12,4
2024-11-22,3.7,3
2024-11-22,3.9,46
2024-11-22,null,56
2024-11-23,3.10,70
2024-11-23,3.11,31
2024-11-23,3.12,2
2024-11-23,3.7,4
2024-11-23,3.9,61
2024-11-23,null,126
2024-11-24,3.10,75
2024-11-24,3.11,13
2024-11-24,3.13,2
2024-11-24,3.7,4
2024-11-24,3.9,33
2024-11-24,null,5
2024-11-25,3.10,150
2024-11-25,3.11,46
2024-11-25,3.12,6
2024-11-25,3.7,4
2024-11-25,3.8,2
2024-11-25,3.9,77
2024-11-25,null,51
2024-11-26,3.10,114
2024-11-26,3.11,18
2024-11-26,3.12,4
2024-11-26,3.8,1
2024-11-26,3.9,29
2024-11-26,null,103
2024-11-27,3.10,134
2024-11-27,3.11,31
2024-11-27,3.12,2
2024-11-27,3.7,6
2024-11-27,3.8,3
2024-11-27,3.9,9
2024-11-27,null,140
2024-11-28,3.10,120
2024-11-28,3.11,29
2024-11-28,3.12,9
2024-11-28,3.7,1
2024-11-28,3.9,9
2024-11-28,null,19
2024-11-29,3.10,89
2024-11-29,3.11,6
2024-11-29,3.12,4
2024-11-29,3.6,1
2024-11-29,3.7,1
2024-11-29,3.8,2
2024-11-29,3.9,3
2024-11-29,null,13
2024-11-30,3.10,81
2024-11-30,3.11,13
2024-11-30,3.12,2
2024-11-30,3.8,1
2024-11-30,3.9,4
2024-11-30,null,11
2024-12-01,3.10,104
2024-12-01,3.11,10
2024-12-01,3.7,3
2024-12-01,3.9,9
2024-12-01,null,100
2024-12-02,3.10,159
2024-12-02,3.11,28
2024-12-02,3.12,28
2024-12-02,3.7,7
2024-12-02,3.8,2
2024-12-02,3.9,31
2024-12-02,null,37
2024-12-03,3.10,131
2024-12-03,3.11,27
2024-12-03,3.12,10
2024-12-03,3.13,2
2024-12-03,3.6,1
2024-12-03,3.7,3
2024-12-03,3.8,1
2024-12-03,3.9,28
2024-12-03,null,54
2024-12-04,3.10,101
2024-12-04,3.11,29
2024-12-04,3.12,4
2024-12-04,3.7,1
2024-12-04,3.9,6
2024-12-04,null,43
2024-12-05,3.10,126
2024-12-05,3.11,27
2024-12-05,3.12,2
2024-12-05,3.13,2
2024-12-05,3.7,1
2024-12-05,3.8,1
2024-12-05,3.9,14
2024-12-05,null,158
2024-12-06,3.10,91
2024-12-06,3.11,18
2024-12-06,3.12,2
2024-12-06,3.8,2
2024-12-06,3.9,12
2024-12-06,null,54
2024-12-07,3.10,155
2024-12-07,3.11,6
2024-12-07,3.12,6
2024-12-07,3.9,5
2024-12-07,null,109
2024-12-08,3.10,57
2024-12-08,3.11,15
2024-12-08,3.7,3
2024-12-08,3.9,4
2024-12-08,null,50
2024-12-09,3.10,101
2024-12-09,3.11,33
2024-12-09,3.12,1
2024-12-09,3.7,1
2024-12-09,3.8,5
2024-12-09,3.9,42
2024-12-09,null,317
2024-12-10,3.10,152
2024-12-10,3.11,16
2024-12-10,3.12,4
2024-12-10,3.9,21
2024-12-10,null,434
2024-12-11,3.10,112
2024-12-11,3.11,15
2024-12-11,3.12,7
2024-12-11,3.7,2
2024-12-11,3.8,1
2024-12-11,3.9,16
2024-12-11,null,139
2024-12-12,3.10,172
2024-12-12,3.11,20
2024-12-12,3.12,4
2024-12-12,3.13,2
2024-12-12,3.7,2
2024-12-12,3.9,19
2024-12-12,null,126
2024-12-13,3.10,116
2024-12-13,3.11,44
2024-12-13,3.12,7
2024-12-13,3.7,1
2024-12-13,3.8,1
2024-12-13,3.9,8
2024-12-13,null,224
2024-12-14,3.10,61
2024-12-14,3.11,12
2024-12-14,3.12,6
2024-12-14,3.7,4
2024-12-14,null,342
2024-12-15,3.10,75
2024-12-15,3.11,19
2024-12-15,3.9,10
2024-12-15,null,97
2024-12-16,3.10,104
2024-12-16,3.11,36
2024-12-16,3.12,7
2024-12-16,3.7,1
2024-12-16,3.9,16
2024-12-16,null,248
2024-12-17,3.10,54
2024-12-17,3.11,15
2024-12-17,3.7,3
2024-12-17,3.8,1
2024-12-17,3.9,38
2024-12-17,null,195
2024-12-18,3.10,97
2024-12-18,3.11,25
2024-12-18,3.12,14
2024-12-18,3.9,36
2024-12-18,null,131
2024-12-19,3.10,100
2024-12-19,3.11,60
2024-12-19,3.12,4
2024-12-19,3.7,2
2024-12-19,3.9,13
2024-12-19,null,196
2024-12-20,3.10,66
2024-12-20,3.11,11
2024-12-20,3.12,2
2024-12-20,3.7,2
2024-12-20,3.9,6
2024-12-20,null,205
2024-12-21,3.10,46
2024-12-21,3.11,19
2024-12-21,3.9,28
2024-12-21,null,11
2024-12-22,3.10,57
2024-12-22,3.11,14
2024-12-22,3.7,5
2024-12-22,null,119
2024-12-23,3.10,94
2024-12-23,3.11,81
2024-12-23,3.12,6
2024-12-23,3.7,8
2024-12-23,3.8,3
2024-12-23,3.9,59
2024-12-23,null,215
2024-12-24,3.10,34
2024-12-24,3.11,20
2024-12-24,3.7,3
2024-12-24,3.8,2
2024-12-24,3.9,1
2024-12-24,null,1
2024-12-25,3.10,36
2024-12-25,3.11,14
2024-12-25,3.7,1
2024-12-25,3.8,2
2024-12-25,3.9,4
2024-12-25,null,1
2024-12-26,3.10,49
2024-12-26,3.11,16
2024-12-26,3.12,2
2024-12-26,3.7,1
2024-12-26,3.9,2
2024-12-26,null,98
2024-12-27,3.10,46
2024-12-27,3.11,6
2024-12-27,3.12,8
2024-12-27,3.6,1
2024-12-27,3.7,2
2024-12-27,null,134
2024-12-28,3.10,55
2024-12-28,3.11,8
2024-12-28,3.9,3
2024-12-28,null,145
2024-12-29,3.10,58
2024-12-29,3.11,20
2024-12-29,3.12,2
2024-12-29,3.13,5
2024-12-29,3.7,4
2024-12-29,3.9,3
2024-12-29,null,30
2024-12-30,3.10,54
2024-12-30,3.11,17
2024-12-30,3.12,2
2024-12-30,3.7,2
2024-12-30,3.8,2
2024-12-30,3.9,16
2024-12-30,null,18
2024-12-31,3.10,31
2024-12-31,3.11,12
2024-12-31,3.13,2
2024-12-31,3.7,1
2024-12-31,3.9,6
2024-12-31,null,123
2025-01-01,3.10,34
2025-01-01,3.11,4
2025-01-01,3.7,1
2025-01-01,3.9,2
2025-01-01,null,56
2025-01-02,3.10,61
2025-01-02,3.11,18
2025-01-02,3.12,3
2025-01-02,3.7,4
2025-01-02,3.9,24
2025-01-02,null,7
2025-01-03,3.10,53
2025-01-03,3.11,11
2025-01-03,3.12,2
2025-01-03,3.13,2
2025-01-03,3.7,2
2025-01-03,3.9,14
2025-01-03,null,52
2025-01-04,3.10,45
2025-01-04,3.11,6
2025-01-04,3.12,2
2025-01-04,3.9,5
2025-01-04,null,3
2025-01-05,3.10,56
2025-01-05,3.11,30
2025-01-05,3.12,3
2025-01-05,3.7,1
2025-01-05,3.9,6
2025-01-05,null,96
2025-01-06,3.10,142
2025-01-06,3.11,35
2025-01-06,3.12,2
2025-01-06,3.7,3
2025-01-06,3.9,23
2025-01-06,null,63
2025-01-07,3.10,190
2025-01-07,3.11,57
2025-01-07,3.12,4
2025-01-07,3.6,2
2025-01-07,3.7,2
2025-01-07,3.8,2
2025-01-07,3.9,40
2025-01-07,null,24
2025-01-08,3.10,133
2025-01-08,3.11,20
2025-01-08,3.12,6
2025-01-08,3.7,1
2025-01-08,3.9,30
2025-01-08,null,115
2025-01-09,3.10,115
2025-01-09,3.11,53
2025-01-09,3.12,6
2025-01-09,3.7,2
2025-01-09,3.8,1
2025-01-09,3.9,14
2025-01-09,null,327
2025-01-10,3.10,200
2025-01-10,3.11,19
2025-01-10,3.12,2
2025-01-10,3.7,2
2025-01-10,3.8,1
2025-01-10,3.9,5
2025-01-10,null,122
2025-01-11,3.10,183
2025-01-11,3.11,23
2025-01-11,3.7,4
2025-01-11,3.9,16
2025-01-11,null,209
2025-01-12,3.10,68
2025-01-12,3.11,7
2025-01-12,3.7,3
2025-01-12,3.8,2
2025-01-12,3.9,1
2025-01-12,null,280
2025-01-13,3.10,174
2025-01-13,3.11,38
2025-01-13,3.12,12
2025-01-13,3.7,3
2025-01-13,3.9,22
2025-01-13,null,214
2025-01-14,3.10,77
2025-01-14,3.11,28
2025-01-14,3.12,2
2025-01-14,3.7,5
2025-01-14,3.8,3
2025-01-14,3.9,6
2025-01-14,null,233
2025-01-15,3.10,144
2025-01-15,3.11,44
2025-01-15,3.9,5
2025-01-15,null,133
2025-01-16,3.10,68
2025-01-16,3.11,72
2025-01-16,3.12,2
2025-01-16,3.7,3
2025-01-16,3.9,7
2025-01-16,null,130
2025-01-17,3.10,77
2025-01-17,3.11,47
2025-01-17,3.12,12
2025-01-17,3.13,4
2025-01-17,3.9,4
2025-01-17,null,107
2025-01-18,3.10,6
2025-01-18,3.11,55
2025-01-18,3.12,4
2025-01-18,3.7,1
2025-01-18,3.9,11
2025-01-18,null,17
2025-01-19,3.10,42
2025-01-19,3.11,44
2025-01-19,3.7,2
2025-01-19,3.8,1
2025-01-19,3.9,1
2025-01-19,null,2
2025-01-20,3.10,145
2025-01-20,3.11,101
2025-01-20,3.12,6
2025-01-20,3.7,2
2025-01-20,3.9,36
2025-01-20,null,143
2025-01-21,3.10,107
2025-01-21,3.11,79
2025-01-21,3.12,2
2025-01-21,3.13,2
2025-01-21,3.7,2
2025-01-21,3.9,5
2025-01-21,null,69
2025-01-22,3.10,69
2025-01-22,3.11,73
2025-01-22,3.12,4
2025-01-22,3.9,4
2025-01-22,null,40
2025-01-23,3.10,85
2025-01-23,3.11,140
2025-01-23,3.7,3
2025-01-23,3.9,6
2025-01-23,null,152
2025-01-24,3.10,35
2025-01-24,3.11,96
2025-01-24,3.12,6
2025-01-24,3.13,4
2025-01-24,3.7,1
2025-01-24,3.9,23
2025-01-24,null,25
2025-01-25,3.10,20
2025-01-25,3.11,43
2025-01-25,3.7,2
2025-01-25,3.9,5
2025-01-25,null,94
2025-01-26,3.10,33
2025-01-26,3.11,56
2025-01-26,3.7,1
2025-01-26,3.9,3
2025-01-26,null,29
2025-01-27,3.10,45
2025-01-27,3.11,62
2025-01-27,3.12,2
2025-01-27,3.13,2
2025-01-27,3.9,20
2025-01-27,null,165
2025-01-28,3.10,29
2025-01-28,3.11,62
2025-01-28,3.12,17
2025-01-28,3.6,1
2025-01-28,3.7,2
2025-01-28,3.8,2
2025-01-28,3.9,6
2025-01-28,null,75
2025-01-29,3.10,54
2025-01-29,3.11,163
2025-01-29,3.12,11
2025-01-29,3.13,1
2025-01-29,3.7,1
2025-01-29,3.9,9
2025-01-29,null,36
2025-01-30,3.10,34
2025-01-30,3.11,72
2025-01-30,3.12,13
2025-01-30,3.13,4
2025-01-30,3.6,1
2025-01-30,3.7,5
2025-01-30,3.8,1
2025-01-30,3.9,4
2025-01-30,null,15
2025-01-31,3.10,11
2025-01-31,3.11,36
2025-01-31,3.12,16
2025-01-31,3.7,1
2025-01-31,3.8,1
2025-01-31,3.9,11
2025-01-31,null,110
2025-02-01,3.10,19
2025-02-01,3.11,28
2025-02-01,3.12,4
2025-02-01,3.9,7
2025-02-01,null,99
2025-02-02,3.10,100
2025-02-02,3.11,37
2025-02-02,3.12,2
2025-02-02,3.7,2
2025-02-02,3.9,30
2025-02-02,null,104
2025-02-03,3.10,51
2025-02-03,3.11,71
2025-02-03,3.12,12
2025-02-03,3.7,1
2025-02-03,3.9,36
2025-02-03,null,213
2025-02-04,3.10,45
2025-02-04,3.11,92
2025-02-04,3.12,21
2025-02-04,3.7,2
2025-02-04,3.8,2
2025-02-04,3.9,17
2025-02-04,null,68
2025-02-05,3.10,67
2025-02-05,3.11,89
2025-02-05,3.12,16
2025-02-05,3.7,3
2025-02-05,3.8,2
2025-02-05,3.9,14
2025-02-05,null,94
2025-02-06,3.10,114
2025-02-06,3.11,118
2025-02-06,3.12,14
2025-02-06,3.13,8
2025-02-06,3.8,3
2025-02-06,3.9,21
2025-02-06,null,43
2025-02-07,3.10,112
2025-02-07,3.11,102
2025-02-07,3.12,14
2025-02-07,3.7,2
2025-02-07,3.8,3
2025-02-07,3.9,31
2025-02-07,null,236
2025-02-08,3.10,21
2025-02-08,3.11,43
2025-02-08,3.8,1
2025-02-08,null,183
2025-02-09,3.10,61
2025-02-09,3.11,79
2025-02-09,3.9,19
2025-02-09,null,109
2025-02-10,3.10,106
2025-02-10,3.11,119
2025-02-10,3.12,6
2025-02-10,3.7,1
2025-02-10,3.8,2
2025-02-10,3.9,19
2025-02-10,null,51
2025-02-11,3.10,70
2025-02-11,3.11,145
2025-02-11,3.12,13
2025-02-11,3.7,3
2025-02-11,3.8,1
2025-02-11,3.9,64
2025-02-11,null,113
2025-02-12,3.10,91
2025-02-12,3.11,121
2025-02-12,3.12,35
2025-02-12,3.13,2
2025-02-12,3.9,49
2025-02-12,null,329
2025-02-13,3.10,66
2025-02-13,3.11,130
2025-02-13,3.12,24
2025-02-13,3.13,2
2025-02-13,3.9,64
2025-02-13,null,70
2025-02-14,3.10,49
2025-02-14,3.11,86
2025-02-14,3.12,34
2025-02-14,3.13,2
2025-02-14,3.7,3
2025-02-14,3.8,1
2025-02-14,3.9,1
2025-02-14,null,66
2025-02-15,3.10,50
2025-02-15,3.11,136
2025-02-15,3.12,8
2025-02-15,3.9,18
2025-02-15,null,23
2025-02-16,3.10,62
2025-02-16,3.11,119
2025-02-16,3.12,6
2025-02-16,3.13,2
2025-02-16,3.9,33
2025-02-16,null,102
2025-02-17,3.10,60
2025-02-17,3.11,166
2025-02-17,3.12,21
2025-02-17,3.13,4
2025-02-17,3.8,9
2025-02-17,3.9,21
2025-02-17,null,10
2025-02-18,3.10,112
2025-02-18,3.11,177
2025-02-18,3.12,14
2025-02-18,3.13,1
2025-02-18,3.7,2
2025-02-18,3.8,1
2025-02-18,3.9,41
2025-02-18,null,104
2025-02-19,3.10,90
2025-02-19,3.11,97
2025-02-19,3.12,14
2025-02-19,3.7,1
2025-02-19,3.8,4
2025-02-19,3.9,58
2025-02-19,null,28
2025-02-20,3.10,81
2025-02-20,3.11,97
2025-02-20,3.12,30
2025-02-20,3.13,2
2025-02-20,3.9,38
2025-02-20,null,195
2025-02-21,3.10,67
2025-02-21,3.11,79
2025-02-21,3.12,10
2025-02-21,3.13,2
2025-02-21,3.9,16
2025-02-21,null,42
2025-02-22,3.10,60
2025-02-22,3.11,76
2025-02-22,3.12,16
2025-02-22,3.7,1
2025-02-22,3.9,6
2025-02-22,null,4
2025-02-23,3.10,46
2025-02-23,3.11,110
2025-02-23,3.12,5
2025-02-23,3.9,1
2025-02-23,null,4
2025-02-24,3.10,40
2025-02-24,3.11,101
2025-02-24,3.12,16
2025-02-24,3.9,27
2025-02-24,null,8
2025-02-25,3.10,104
2025-02-25,3.11,111
2025-02-25,3.12,21
2025-02-25,3.13,4
2025-02-25,3.7,1
2025-02-25,3.8,4
2025-02-25,3.9,50
2025-02-25,null,13
2025-02-26,3.10,69
2025-02-26,3.11,103
2025-02-26,3.12,40
2025-02-26,3.13,2
2025-02-26,3.7,1
2025-02-26,3.8,1
2025-02-26,3.9,37
2025-02-26,null,205
2025-02-27,3.10,73
2025-02-27,3.11,115
2025-02-27,3.12,22
2025-02-27,3.13,4
2025-02-27,3.8,1
2025-02-27,3.9,23
2025-02-27,null,25
2025-02-28,3.10,68
2025-02-28,3.11,81
2025-02-28,3.12,16
2025-02-28,3.8,1
2025-02-28,3.9,28
2025-02-28,null,18
2025-03-01,3.10,19
2025-03-01,3.11,47
2025-03-01,3.12,4
2025-03-01,3.13,1
2025-03-01,3.9,3
2025-03-01,null,204
2025-03-02,3.10,52
2025-03-02,3.11,79
2025-03-02,3.12,3
2025-03-02,3.9,7
2025-03-02,null,7
2025-03-03,3.10,65
2025-03-03,3.11,133
2025-03-03,3.12,6
2025-03-03,3.8,2
2025-03-03,3.9,35
2025-03-03,null,111
2025-03-04,3.10,99
2025-03-04,3.11,95
2025-03-04,3.12,29
2025-03-04,3.7,1
2025-03-04,3.8,6
2025-03-04,3.9,50
2025-03-04,null,61
2025-03-05,3.10,61
2025-03-05,3.11,100
2025-03-05,3.12,18
2025-03-05,3.9,50
2025-03-05,null,134
2025-03-06,3.10,127
2025-03-06,3.11,121
2025-03-06,3.12,15
2025-03-06,3.13,2
2025-03-06,3.6,1
2025-03-06,3.7,6
2025-03-06,3.9,23
2025-03-06,null,57
2025-03-07,3.10,100
2025-03-07,3.11,110
2025-03-07,3.12,31
2025-03-07,3.6,1
2025-03-07,3.7,2
2025-03-07,3.9,47
2025-03-07,null,212
2025-03-08,3.10,44
2025-03-08,3.11,78
2025-03-08,3.12,8
2025-03-08,3.9,24
2025-03-08,null,350
2025-03-09,3.10,70
2025-03-09,3.11,89
2025-03-09,3.12,4
2025-03-09,3.13,2
2025-03-09,3.9,13
2025-03-09,null,14
2025-03-10,3.10,86
2025-03-10,3.11,106
2025-03-10,3.12,12
2025-03-10,3.8,2
2025-03-10,3.9,45
2025-03-10,null,203
2025-03-11,3.10,58
2025-03-11,3.11,111
2025-03-11,3.12,7
2025-03-11,3.7,4
2025-03-11,3.8,1
2025-03-11,3.9,35
2025-03-11,null,105
2025-03-12,3.10,118
2025-03-12,3.11,119
2025-03-12,3.12,10
2025-03-12,3.13,2
2025-03-12,3.6,2
2025-03-12,3.8,6
2025-03-12,3.9,2
2025-03-12,null,90
2025-03-13,3.10,96
2025-03-13,3.11,98
2025-03-13,3.12,18
2025-03-13,3.13,4
2025-03-13,3.7,2
2025-03-13,3.9,29
2025-03-13,null,234
2025-03-14,3.10,159
2025-03-14,3.11,91
2025-03-14,3.12,24
2025-03-14,3.7,1
2025-03-14,3.9,55
2025-03-14,null,10
2025-03-15,3.10,35
2025-03-15,3.11,69
2025-03-15,3.12,12
2025-03-15,3.7,3
2025-03-15,3.9,2
2025-03-15,null,5
2025-03-16,3.10,53
2025-03-16,3.11,102
2025-03-16,3.12,8
2025-03-16,3.8,2
2025-03-16,3.9,3
2025-03-16,null,206
2025-03-17,3.10,88
2025-03-17,3.11,140
2025-03-17,3.12,8
2025-03-17,3.7,1
2025-03-17,3.8,5
2025-03-17,3.9,26
2025-03-17,null,311
2025-03-18,3.10,104
2025-03-18,3.11,98
2025-03-18,3.12,12
2025-03-18,3.13,1
2025-03-18,3.7,3
2025-03-18,3.9,13
2025-03-18,null,21
2025-03-19,3.10,54
2025-03-19,3.11,106
2025-03-19,3.12,13
2025-03-19,3.13,2
2025-03-19,3.7,4
2025-03-19,3.9,23
2025-03-19,null,29
2025-03-20,3.10,39
2025-03-20,3.11,76
2025-03-20,3.12,6
2025-03-20,3.13,5
2025-03-20,3.7,2
2025-03-20,3.8,2
2025-03-20,3.9,11
2025-03-20,null,210
2025-03-21,3.10,45
2025-03-21,3.11,58
2025-03-21,3.12,8
2025-03-21,3.13,2
2025-03-21,3.7,8
2025-03-21,3.9,13
2025-03-21,null,213
2025-03-22,3.10,33
2025-03-22,3.11,59
2025-03-22,3.12,8
2025-03-22,3.13,4
2025-03-22,3.9,9
2025-03-22,null,25
2025-03-23,3.10,42
2025-03-23,3.11,135
2025-03-23,3.12,28
2025-03-23,3.8,1
2025-03-23,3.9,2
2025-03-23,null,190
2025-03-24,3.10,49
2025-03-24,3.11,116
2025-03-24,3.12,13
2025-03-24,3.13,2
2025-03-24,3.7,2
2025-03-24,3.8,2
2025-03-24,3.9,16
2025-03-24,null,21
2025-03-25,3.10,41
2025-03-25,3.11,70
2025-03-25,3.12,25
2025-03-25,3.7,4
2025-03-25,3.9,4
2025-03-25,null,26
2025-03-26,3.10,60
2025-03-26,3.11,80
2025-03-26,3.12,56
2025-03-26,3.13,8
2025-03-26,3.6,1
2025-03-26,3.7,1
2025-03-26,3.9,15
2025-03-26,null,14
2025-03-27,3.10,43
2025-03-27,3.11,82
2025-03-27,3.12,12
2025-03-27,3.8,1
2025-03-27,3.9,22
2025-03-27,null,163
2025-03-28,3.10,34
2025-03-28,3.11,82
2025-03-28,3.12,15
2025-03-28,3.7,60
2025-03-28,3.8,2
2025-03-28,3.9,13
2025-03-28,null,127
2025-03-29,3.10,16
2025-03-29,3.11,70
2025-03-29,3.12,4
2025-03-29,3.7,2
2025-03-29,3.9,3
2025-03-29,null,278
2025-03-30,3.10,67
2025-03-30,3.11,68
2025-03-30,3.12,2
2025-03-30,3.8,2
2025-03-30,3.9,5
2025-03-30,null,189
2025-03-31,3.10,105
2025-03-31,3.11,133
2025-03-31,3.12,15
2025-03-31,3.13,7
2025-03-31,3.8,1
2025-03-31,3.9,18
2025-03-31,null,112
2025-04-01,3.10,85
2025-04-01,3.11,141
2025-04-01,3.12,30
2025-04-01,3.7,4
2025-04-01,3.9,20
2025-04-01,null,57
2025-04-02,3.10,48
2025-04-02,3.11,83
2025-04-02,3.12,12
2025-04-02,3.7,5
2025-04-02,3.9,12
2025-04-02,null,39
2025-04-03,3.10,65
2025-04-03,3.11,119
2025-04-03,3.12,22
2025-04-03,3.13,1
2025-04-03,3.7,2
2025-04-03,3.8,1
2025-04-03,3.9,13
2025-04-03,null,26
2025-04-04,3.10,10
2025-04-04,3.11,88
2025-04-04,3.12,10
2025-04-04,3.13,1
2025-04-04,3.7,4
2025-04-04,3.9,3
2025-04-04,null,295
2025-04-05,3.10,20
2025-04-05,3.11,34
2025-04-05,3.12,19
2025-04-05,3.13,2
2025-04-05,3.7,1
2025-04-05,3.8,4
2025-04-05,3.9,7
2025-04-05,null,15
2025-04-06,3.10,49
2025-04-06,3.11,39
2025-04-06,3.12,4
2025-04-06,3.13,2
2025-04-06,3.7,1
2025-04-06,3.9,7
2025-04-06,null,90
2025-04-07,3.10,65
2025-04-07,3.11,117
2025-04-07,3.12,26
2025-04-07,3.7,2
2025-04-07,3.9,29
2025-04-07,null,58
2025-04-08,3.10,74
2025-04-08,3.11,107
2025-04-08,3.12,22
2025-04-08,3.13,1
2025-04-08,3.7,1
2025-04-08,3.9,11
2025-04-08,null,224
2025-04-09,3.10,90
2025-04-09,3.11,95
2025-04-09,3.12,35
2025-04-09,3.13,2
2025-04-09,3.8,3
2025-04-09,3.9,15
2025-04-09,null,238
2025-04-10,3.10,73
2025-04-10,3.11,92
2025-04-10,3.12,16
2025-04-10,3.7,5
2025-04-10,3.9,24
2025-04-10,null,216
2025-04-11,3.10,79
2025-04-11,3.11,143
2025-04-11,3.12,22
2025-04-11,3.7,1
2025-04-11,3.8,2
2025-04-11,3.9,10
2025-04-11,null,193
2025-04-12,3.10,52
2025-04-12,3.11,41
2025-04-12,3.12,6
2025-04-12,3.7,1
2025-04-12,3.9,8
2025-04-12,null,68
2025-04-13,3.10,47
2025-04-13,3.11,58
2025-04-13,3.12,2
2025-04-13,3.7,3
2025-04-13,null,110
2025-04-14,3.10,57
2025-04-14,3.11,80
2025-04-14,3.12,24
2025-04-14,3.7,5
2025-04-14,3.8,2
2025-04-14,3.9,14
2025-04-14,null,235
2025-04-15,3.10,35
2025-04-15,3.11,63
2025-04-15,3.12,33
2025-04-15,3.13,1
2025-04-15,3.7,1
2025-04-15,3.8,4
2025-04-15,3.9,20
2025-04-15,null,36
2025-04-16,3.10,27
2025-04-16,3.11,157
2025-04-16,3.12,41
2025-04-16,3.8,2
2025-04-16,3.9,9
2025-04-16,null,111
2025-04-17,3.10,48
2025-04-17,3.11,65
2025-04-17,3.12,49
2025-04-17,3.7,2
2025-04-17,3.9,14
2025-04-17,null,149
2025-04-18,3.10,39
2025-04-18,3.11,102
2025-04-18,3.12,12
2025-04-18,3.7,1
2025-04-18,3.8,4
2025-04-18,3.9,13
2025-04-18,null,223
2025-04-19,3.10,18
2025-04-19,3.11,80
2025-04-19,3.12,5
2025-04-19,3.8,1
2025-04-19,null,365
2025-04-20,3.10,35
2025-04-20,3.11,62
2025-04-20,3.12,9
2025-04-20,3.7,1
2025-04-20,3.8,3
2025-04-20,3.9,10
2025-04-20,null,102
2025-04-21,3.10,44
2025-04-21,3.11,106
2025-04-21,3.12,15
2025-04-21,3.13,1
2025-04-21,3.7,8
2025-04-21,3.8,1
2025-04-21,3.9,18
2025-04-21,null,263
2025-04-22,3.10,84
2025-04-22,3.11,134
2025-04-22,3.12,64
2025-04-22,3.13,2
2025-04-22,3.7,7
2025-04-22,3.8,5
2025-04-22,3.9,8
2025-04-22,null,395
2025-04-23,3.10,71
2025-04-23,3.11,71
2025-04-23,3.12,28
2025-04-23,3.13,3
2025-04-23,3.7,1
2025-04-23,3.9,11
2025-04-23,null,272
2025-04-24,3.10,59
2025-04-24,3.11,88
2025-04-24,3.12,25
2025-04-24,3.13,2
2025-04-24,3.8,29
2025-04-24,3.9,14
2025-04-24,null,43
2025-04-25,3.10,35
2025-04-25,3.11,129
2025-04-25,3.12,10
2025-04-25,3.7,1
2025-04-25,3.9,17
2025-04-25,null,49
2025-04-26,3.10,11
2025-04-26,3.11,40
2025-04-26,3.9,7
2025-04-26,null,312
2025-04-27,3.10,70
2025-04-27,3.11,55
2025-04-27,3.12,7
2025-04-27,3.9,15
2025-04-27,null,176
2025-04-28,3.10,50
2025-04-28,3.11,146
2025-04-28,3.12,42
2025-04-28,3.13,2
2025-04-28,3.9,17
2025-04-28,null,334
2025-04-29,3.10,39
2025-04-29,3.11,112
2025-04-29,3.12,22
2025-04-29,3.6,1
2025-04-29,3.7,1
2025-04-29,3.9,13
2025-04-29,null,42
2025-04-30,3.10,48
2025-04-30,3.11,111
2025-04-30,3.12,41
2025-04-30,3.13,2
2025-04-30,3.9,16
2025-04-30,null,112
2025-05-01,3.10,29
2025-05-01,3.11,82
2025-05-01,3.12,26
2025-05-01,3.9,17
2025-05-01,null,19
2025-05-02,3.10,29
2025-05-02,3.11,71
2025-05-02,3.12,20
2025-05-02,3.9,6
2025-05-02,null,30
2025-05-03,3.10,16
2025-05-03,3.11,67
2025-05-03,3.12,2
2025-05-03,3.13,2
2025-05-03,3.9,2
2025-05-03,null,128
2025-05-04,3.10,103
2025-05-04,3.11,59
2025-05-04,3.12,4
2025-05-04,3.7,2
2025-05-04,3.9,9
2025-05-04,null,94
2025-05-05,3.10,167
2025-05-05,3.11,91
2025-05-05,3.12,18
2025-05-05,3.9,16
2025-05-05,null,157
2025-05-06,3.10,257
2025-05-06,3.11,86
2025-05-06,3.12,27
2025-05-06,3.7,5
2025-05-06,3.8,1
2025-05-06,3.9,13
2025-05-06,null,42
2025-05-07,3.10,242
2025-05-07,3.11,139
2025-05-07,3.12,59
2025-05-07,3.13,4
2025-05-07,3.7,5
2025-05-07,3.9,6
2025-05-07,null,131
2025-05-08,3.10,252
2025-05-08,3.11,116
2025-05-08,3.12,27
2025-05-08,3.13,4
2025-05-08,3.9,11
2025-05-08,null,33
2025-05-09,3.10,174
2025-05-09,3.11,49
2025-05-09,3.12,8
2025-05-09,3.13,3
2025-05-09,3.7,4
2025-05-09,3.9,10
2025-05-09,null,14
2025-05-10,3.10,49
2025-05-10,3.11,20
2025-05-10,3.12,4
2025-05-10,3.7,1
2025-05-10,3.9,4
2025-05-10,null,55
2025-05-11,3.10,78
2025-05-11,3.11,51
2025-05-11,3.12,6
2025-05-11,3.8,2
2025-05-11,3.9,4
2025-05-11,null,16
2025-05-12,3.10,112
2025-05-12,3.11,120
2025-05-12,3.12,34
2025-05-12,3.13,10
2025-05-12,3.8,2
2025-05-12,3.9,18
2025-05-12,null,15
2025-05-13,3.10,158
2025-05-13,3.11,99
2025-05-13,3.12,14
2025-05-13,3.13,2
2025-05-13,3.7,1
2025-05-13,3.9,11
2025-05-13,null,18
2025-05-14,3.10,92
2025-05-14,3.11,114
2025-05-14,3.12,34
2025-05-14,3.8,2
2025-05-14,3.9,28
2025-05-14,null,228
2025-05-15,3.10,220
2025-05-15,3.11,90
2025-05-15,3.12,16
2025-05-15,3.13,2
2025-05-15,3.7,2
2025-05-15,3.8,1
2025-05-15,3.9,21
2025-05-15,null,38
2025-05-16,3.10,112
2025-05-16,3.11,127
2025-05-16,3.12,6
2025-05-16,3.13,4
2025-05-16,3.7,2
2025-05-16,3.9,16
2025-05-16,null,15
2025-05-17,3.10,49
2025-05-17,3.11,42
2025-05-17,3.12,4
2025-05-17,3.9,2
2025-05-17,null,42
2025-05-18,3.10,40
2025-05-18,3.11,64
2025-05-18,3.12,8
2025-05-18,3.9,8
2025-05-18,null,28
2025-05-19,3.10,232
2025-05-19,3.11,164
2025-05-19,3.12,30
2025-05-19,3.13,2
2025-05-19,3.9,31
2025-05-19,null,43
2025-05-20,3.10,465
2025-05-20,3.11,118
2025-05-20,3.12,7
2025-05-20,3.13,4
2025-05-20,3.7,4
2025-05-20,3.9,17
2025-05-20,null,14
2025-05-21,3.10,265
2025-05-21,3.11,166
2025-05-21,3.12,13
2025-05-21,3.13,1
2025-05-21,3.8,2
2025-05-21,3.9,20
2025-05-21,null,120
2025-05-22,3.10,436
2025-05-22,3.11,160
2025-05-22,3.12,46
2025-05-22,3.13,3
2025-05-22,3.7,4
2025-05-22,3.9,4
2025-05-22,null,51
2025-05-23,3.10,180
2025-05-23,3.11,73
2025-05-23,3.12,10
2025-05-23,3.8,2
2025-05-23,3.9,10
2025-05-23,null,18
2025-05-24,3.10,27
2025-05-24,3.11,38
2025-05-24,3.12,5
2025-05-24,3.13,1
2025-05-24,3.7,2
2025-05-24,3.9,2
2025-05-24,null,22
2025-05-25,3.10,68
2025-05-25,3.11,101
2025-05-25,3.12,4
2025-05-25,null,7
2025-05-26,3.10,115
2025-05-26,3.11,140
2025-05-26,3.12,14
2025-05-26,3.7,4
2025-05-26,3.9,28
2025-05-26,null,27
2025-05-27,3.10,119
2025-05-27,3.11,142
2025-05-27,3.12,13
2025-05-27,3.6,2
2025-05-27,3.7,2
2025-05-27,3.9,11
2025-05-27,null,23
2025-05-28,3.10,300
2025-05-28,3.11,144
2025-05-28,3.12,8
2025-05-28,3.13,1
2025-05-28,3.9,4
2025-05-28,null,134
2025-05-29,3.10,232
2025-05-29,3.11,120
2025-05-29,3.12,23
2025-05-29,3.7,2
2025-05-29,3.9,10
2025-05-29,null,50
2025-05-30,3.10,185
2025-05-30,3.11,123
2025-05-30,3.12,15
2025-05-30,3.13,2
2025-05-30,3.6,1
2025-05-30,3.7,2
2025-05-30,3.9,6
2025-05-30,null,124
2025-05-31,3.10,97
2025-05-31,3.11,26
2025-05-31,3.7,4
2025-05-31,3.8,1
2025-05-31,3.9,4
2025-05-31,null,14
2025-06-01,3.10,85
2025-06-01,3.11,66
2025-06-01,3.9,5
2025-06-01,null,20
2025-06-02,3.10,237
2025-06-02,3.11,109
2025-06-02,3.12,12
2025-06-02,3.8,1
2025-06-02,3.9,29
2025-06-02,null,181
2025-06-03,3.10,337
2025-06-03,3.11,129
2025-06-03,3.12,28
2025-06-03,3.7,1
2025-06-03,3.8,1
2025-06-03,3.9,8
2025-06-03,null,145
2025-06-04,3.10,236
2025-06-04,3.11,148
2025-06-04,3.12,27
2025-06-04,3.7,1
2025-06-04,3.9,30
2025-06-04,null,21
2025-06-05,3.10,191
2025-06-05,3.11,135
2025-06-05,3.12,18
2025-06-05,3.13,1
2025-06-05,3.7,1
2025-06-05,3.8,4
2025-06-05,3.9,26
2025-06-05,null,23
2025-06-06,3.10,288
2025-06-06,3.11,109
2025-06-06,3.12,21
2025-06-06,3.13,1
2025-06-06,3.7,3
2025-06-06,3.8,2
2025-06-06,3.9,8
2025-06-06,null,187
2025-06-07,3.10,84
2025-06-07,3.11,58
2025-06-07,3.12,8
2025-06-07,3.13,2
2025-06-07,3.7,2
2025-06-07,3.9,6
2025-06-07,null,17
2025-06-08,3.10,83
2025-06-08,3.11,51
2025-06-08,3.12,2
2025-06-08,3.13,2
2025-06-08,3.9,4
2025-06-08,null,112
2025-06-09,3.10,420
2025-06-09,3.11,76
2025-06-09,3.12,10
2025-06-09,3.13,1
2025-06-09,3.7,4
2025-06-09,3.9,24
2025-06-09,null,255
2025-06-10,3.10,576
2025-06-10,3.11,91
2025-06-10,3.12,36
2025-06-10,3.13,2
2025-06-10,3.7,3
2025-06-10,3.9,18
2025-06-10,null,28
2025-06-11,3.10,852
2025-06-11,3.11,162
2025-06-11,3.12,36
2025-06-11,3.9,7
2025-06-11,null,79
2025-06-12,3.10,226
2025-06-12,3.11,126
2025-06-12,3.12,11
2025-06-12,3.13,3
2025-06-12,3.6,1
2025-06-12,3.8,2
2025-06-12,3.9,6
2025-06-12,null,111
2025-06-13,3.10,462
2025-06-13,3.11,58
2025-06-13,3.12,25
2025-06-13,3.13,2
2025-06-13,3.9,4
2025-06-13,null,134
2025-06-14,3.10,126
2025-06-14,3.11,59
2025-06-14,3.12,4
2025-06-14,3.7,2
2025-06-14,3.9,2
2025-06-14,null,9
2025-06-15,3.10,23
2025-06-15,3.11,78
2025-06-15,3.12,6
2025-06-15,3.7,3
2025-06-15,3.9,5
2025-06-15,null,12
2025-06-16,3.10,356
2025-06-16,3.11,165
2025-06-16,3.12,32
2025-06-16,3.13,9
2025-06-16,3.8,2
2025-06-16,3.9,49
2025-06-16,null,118
2025-06-17,3.10,214
2025-06-17,3.11,118
2025-06-17,3.12,43
2025-06-17,3.8,1
2025-06-17,3.9,8
2025-06-17,null,28
2025-06-18,3.10,352
2025-06-18,3.11,107
2025-06-18,3.12,55
2025-06-18,3.13,3
2025-06-18,3.7,1
2025-06-18,3.9,12
2025-06-18,null,31
2025-06-19,3.10,157
2025-06-19,3.11,101
2025-06-19,3.12,37
2025-06-19,3.13,5
2025-06-19,3.7,3
2025-06-19,3.9,12
2025-06-19,null,20
2025-06-20,3.10,92
2025-06-20,3.11,73
2025-06-20,3.12,51
2025-06-20,3.13,11
2025-06-20,3.7,2
2025-06-20,3.8,2
2025-06-20,3.9,3
2025-06-20,null,122
2025-06-21,3.10,69
2025-06-21,3.11,92
2025-06-21,3.12,11
2025-06-21,3.7,4
2025-06-21,3.9,2
2025-06-21,null,11
2025-06-22,3.10,83
2025-06-22,3.11,142
2025-06-22,3.12,34
2025-06-22,3.7,5
2025-06-22,3.9,5
2025-06-22,null,111
2025-06-23,3.10,225
2025-06-23,3.11,260
2025-06-23,3.12,77
2025-06-23,3.13,4
2025-06-23,3.9,25
2025-06-23,null,18
2025-06-24,3.10,303
2025-06-24,3.11,212
2025-06-24,3.12,118
2025-06-24,3.13,2
2025-06-24,3.7,1
2025-06-24,3.8,1
2025-06-24,3.9,47
2025-06-24,null,24
2025-06-25,3.10,615
2025-06-25,3.11,340
2025-06-25,3.12,102
2025-06-25,3.13,2
2025-06-25,3.7,1
2025-06-25,3.9,44
2025-06-25,null,61
2025-06-26,3.10,506
2025-06-26,3.11,315
2025-06-26,3.12,113
2025-06-26,3.13,4
2025-06-26,3.7,3
2025-06-26,3.9,30
2025-06-26,null,43
2025-06-27,3.10,463
2025-06-27,3.11,86
2025-06-27,3.12,69
2025-06-27,3.13,2
2025-06-27,3.7,1
2025-06-27,3.9,14
2025-06-27,null,22
2025-06-28,3.10,145
2025-06-28,3.11,141
2025-06-28,3.12,22
2025-06-28,3.7,1
2025-06-28,3.9,13
2025-06-28,null,5
2025-06-29,3.10,86
2025-06-29,3.11,57
2025-06-29,3.12,27
2025-06-29,3.7,1
2025-06-29,3.9,6
2025-06-29,null,1
2025-06-30,3.10,380
2025-06-30,3.11,296
2025-06-30,3.12,102
2025-06-30,3.13,4
2025-06-30,3.7,2
2025-06-30,3.8,2
2025-06-30,3.9,40
2025-06-30,null,24
2025-07-01,3.10,344
2025-07-01,3.11,383
2025-07-01,3.12,102
2025-07-01,3.13,4
2025-07-01,3.7,1
2025-07-01,3.8,2
2025-07-01,3.9,134
2025-07-01,null,123
2025-07-02,3.10,511
2025-07-02,3.11,249
2025-07-02,3.12,141
2025-07-02,3.13,2
2025-07-02,3.7,5
2025-07-02,3.8,1
2025-07-02,3.9,113
2025-07-02,null,64
2025-07-03,3.10,280
2025-07-03,3.11,121
2025-07-03,3.12,68
2025-07-03,3.13,7
2025-07-03,3.7,3
2025-07-03,3.8,1
2025-07-03,3.9,11
2025-07-03,null,204
2025-07-04,3.10,352
2025-07-04,3.11,70
2025-07-04,3.12,270
2025-07-04,3.13,2
2025-07-04,3.7,1
2025-07-04,3.8,1
2025-07-04,3.9,7
2025-07-04,null,93
2025-07-05,3.10,127
2025-07-05,3.11,88
2025-07-05,3.12,150
2025-07-05,3.13,4
2025-07-05,3.8,1
2025-07-05,3.9,6
2025-07-05,null,13
2025-07-06,3.10,129
2025-07-06,3.11,153
2025-07-06,3.12,47
2025-07-06,3.13,2
2025-07-06,3.7,2
2025-07-06,3.9,6
2025-07-06,null,13
2025-07-07,3.10,279
2025-07-07,3.11,251
2025-07-07,3.12,60
2025-07-07,3.13,9
2025-07-07,3.7,1
2025-07-07,3.8,2
2025-07-07,3.9,37
2025-07-07,null,52
2025-07-08,3.10,496
2025-07-08,3.11,451
2025-07-08,3.12,97
2025-07-08,3.13,6
2025-07-08,3.8,9
2025-07-08,3.9,19
2025-07-08,null,42
2025-07-09,3.10,261
2025-07-09,3.11,209
2025-07-09,3.12,60
2025-07-09,3.13,6
2025-07-09,3.7,1
2025-07-09,3.8,1
2025-07-09,3.9,4
2025-07-09,null,85
2025-07-10,3.10,494
2025-07-10,3.11,140
2025-07-10,3.12,107
2025-07-10,3.13,6
2025-07-10,3.8,1
2025-07-10,3.9,13
2025-07-10,null,146
2025-07-11,3.10,463
2025-07-11,3.11,224
2025-07-11,3.12,62
2025-07-11,3.13,3
2025-07-11,3.8,3
2025-07-11,3.9,8
2025-07-11,null,127
2025-07-12,3.10,114
2025-07-12,3.11,118
2025-07-12,3.12,38
2025-07-12,3.13,2
2025-07-12,3.7,2
2025-07-12,3.9,9
2025-07-12,null,19
2025-07-13,3.10,95
2025-07-13,3.11,135
2025-07-13,3.12,34
2025-07-13,3.13,6
2025-07-13,3.7,1
2025-07-13,3.8,4
2025-07-13,3.9,7
2025-07-13,null,284
2025-07-14,3.10,563
2025-07-14,3.11,218
2025-07-14,3.12,129
2025-07-14,3.13,4
2025-07-14,3.7,2
2025-07-14,3.8,2
2025-07-14,3.9,23
2025-07-14,null,35
2025-07-15,3.10,607
2025-07-15,3.11,265
2025-07-15,3.12,179
2025-07-15,3.7,4
2025-07-15,3.9,18
2025-07-15,null,40
2025-07-16,3.10,439
2025-07-16,3.11,167
2025-07-16,3.12,58
2025-07-16,3.13,2
2025-07-16,3.7,2
2025-07-16,3.9,9
2025-07-16,null,119
2025-07-17,3.10,396
2025-07-17,3.11,196
2025-07-17,3.12,90
2025-07-17,3.13,14
2025-07-17,3.6,1
2025-07-17,3.9,16
2025-07-17,null,26
2025-07-18,3.10,382
2025-07-18,3.11,111
2025-07-18,3.12,88
2025-07-18,3.7,2
2025-07-18,3.9,9
2025-07-18,null,41
2025-07-19,3.10,183
2025-07-19,3.11,150
2025-07-19,3.12,55
2025-07-19,3.13,3
2025-07-19,3.7,2
2025-07-19,3.9,11
2025-07-19,null,216
2025-07-20,3.10,162
2025-07-20,3.11,150
2025-07-20,3.12,37
2025-07-20,3.13,1
2025-07-20,3.9,4
2025-07-20,null,210
2025-07-21,3.10,285
2025-07-21,3.11,235
2025-07-21,3.12,76
2025-07-21,3.13,6
2025-07-21,3.7,2
2025-07-21,3.8,1
2025-07-21,3.9,28
2025-07-21,null,9
2025-07-22,3.10,484
2025-07-22,3.11,227
2025-07-22,3.12,63
2025-07-22,3.13,3
2025-07-22,3.7,2
2025-07-22,3.9,26
2025-07-22,null,22
2025-07-23,3.10,385
2025-07-23,3.11,215
2025-07-23,3.12,114
2025-07-23,3.13,12
2025-07-23,3.8,2
2025-07-23,3.9,14
2025-07-23,null,48
2025-07-24,3.10,545
2025-07-24,3.11,169
2025-07-24,3.12,76
2025-07-24,3.8,1
2025-07-24,3.9,8
2025-07-24,null,48
2025-07-25,3.10,608
2025-07-25,3.11,116
2025-07-25,3.12,102
2025-07-25,3.13,7
2025-07-25,3.8,2
2025-07-25,3.9,15
2025-07-25,null,53
2025-07-26,3.10,341
2025-07-26,3.11,55
2025-07-26,3.12,47
2025-07-26,3.13,1
2025-07-26,3.9,1
2025-07-26,null,10
2025-07-27,3.10,133
2025-07-27,3.11,96
2025-07-27,3.12,36
2025-07-27,3.13,4
2025-07-27,3.9,6
2025-07-27,null,15
2025-07-28,3.10,643
2025-07-28,3.11,137
2025-07-28,3.12,71
2025-07-28,3.13,4
2025-07-28,3.8,2
2025-07-28,3.9,27
2025-07-28,null,115
2025-07-29,3.10,432
2025-07-29,3.11,275
2025-07-29,3.12,128
2025-07-29,3.13,6
2025-07-29,3.7,1
2025-07-29,3.8,2
2025-07-29,3.9,8
2025-07-29,null,236
2025-07-30,3.10,551
2025-07-30,3.11,127
2025-07-30,3.12,81
2025-07-30,3.13,3
2025-07-30,3.7,2
2025-07-30,3.9,4
2025-07-30,null,31
2025-07-31,3.10,694
2025-07-31,3.11,179
2025-07-31,3.12,144
2025-07-31,3.13,5
2025-07-31,3.7,1
2025-07-31,3.8,1
2025-07-31,3.9,18
2025-07-31,null,115
2025-08-01,3.10,544
2025-08-01,3.11,159
2025-08-01,3.12,91
2025-08-01,3.13,4
2025-08-01,3.7,1
2025-08-01,3.9,49
2025-08-01,null,17
2025-08-02,3.10,117
2025-08-02,3.11,123
2025-08-02,3.12,66
2025-08-02,3.13,2
2025-08-02,3.7,2
2025-08-02,3.9,8
2025-08-02,null,7
2025-08-03,3.10,363
2025-08-03,3.11,163
2025-08-03,3.12,153
2025-08-03,3.13,11
2025-08-03,3.7,2
2025-08-03,3.9,4
2025-08-03,null,16
2025-08-04,3.10,906
2025-08-04,3.11,313
2025-08-04,3.12,231
2025-08-04,3.13,55
2025-08-04,3.7,5
2025-08-04,3.9,24
2025-08-04,null,11
2025-08-05,3.10,626
2025-08-05,3.11,363
2025-08-05,3.12,122
2025-08-05,3.13,4
2025-08-05,3.7,2
2025-08-05,3.8,2
2025-08-05,3.9,7
2025-08-05,null,184
2025-08-06,3.10,1676
2025-08-06,3.11,583
2025-08-06,3.12,407
2025-08-06,3.13,20
2025-08-06,3.7,5
2025-08-06,3.8,2
2025-08-06,3.9,6
2025-08-06,null,37
2025-08-07,3.10,985
2025-08-07,3.11,290
2025-08-07,3.12,240
2025-08-07,3.13,28
2025-08-07,3.7,4
2025-08-07,3.8,1
2025-08-07,3.9,34
2025-08-07,null,46
2025-08-08,3.10,584
2025-08-08,3.11,159
2025-08-08,3.12,94
2025-08-08,3.13,20
2025-08-08,3.7,2
2025-08-08,3.9,22
2025-08-08,null,27
2025-08-09,3.10,181
2025-08-09,3.11,70
2025-08-09,3.12,83
2025-08-09,3.13,9
2025-08-09,3.7,1
2025-08-09,3.9,3
2025-08-09,null,115
2025-08-10,3.10,169
2025-08-10,3.11,96
2025-08-10,3.12,77
2025-08-10,3.6,1
2025-08-10,3.7,5
2025-08-10,3.8,2
2025-08-10,3.9,2
2025-08-10,null,21
2025-08-11,3.10,748
2025-08-11,3.11,284
2025-08-11,3.12,176
2025-08-11,3.13,8
2025-08-11,3.7,1
2025-08-11,3.9,30
2025-08-11,null,42
2025-08-12,3.10,1164
2025-08-12,3.11,597
2025-08-12,3.12,313
2025-08-12,3.13,4
2025-08-12,3.7,3
2025-08-12,3.8,1
2025-08-12,3.9,30
2025-08-12,null,9
2025-08-13,3.10,629
2025-08-13,3.11,251
2025-08-13,3.12,140
2025-08-13,3.13,13
2025-08-13,3.7,3
2025-08-13,3.8,3
2025-08-13,3.9,79
2025-08-13,null,118
2025-08-14,3.10,705
2025-08-14,3.11,395
2025-08-14,3.12,211
2025-08-14,3.13,2
2025-08-14,3.6,1
2025-08-14,3.7,3
2025-08-14,3.9,51
2025-08-14,null,22
2025-08-15,3.10,662
2025-08-15,3.11,215
2025-08-15,3.12,203
2025-08-15,3.13,13
2025-08-15,3.7,3
2025-08-15,3.9,5
2025-08-15,null,15
2025-08-16,3.10,396
2025-08-16,3.11,66
2025-08-16,3.12,74
2025-08-16,3.9,4
2025-08-16,null,3
2025-08-17,3.10,173
2025-08-17,3.11,79
2025-08-17,3.12,62
2025-08-17,3.13,2
2025-08-17,3.7,4
2025-08-17,3.8,1
2025-08-17,3.9,8
2025-08-17,null,25
2025-08-18,3.10,497
2025-08-18,3.11,162
2025-08-18,3.12,140
2025-08-18,3.7,5
2025-08-18,3.9,19
2025-08-18,null,73
2025-08-19,3.10,641
2025-08-19,3.11,166
2025-08-19,3.12,218
2025-08-19,3.13,11
2025-08-19,3.7,4
2025-08-19,3.9,16
2025-08-19,null,20
2025-08-20,3.10,643
2025-08-20,3.11,106
2025-08-20,3.12,206
2025-08-20,3.13,55
2025-08-20,3.7,6
2025-08-20,3.9,6
2025-08-20,null,83
2025-08-21,3.10,466
2025-08-21,3.11,87
2025-08-21,3.12,141
2025-08-21,3.13,65
2025-08-21,3.8,1
2025-08-21,3.9,25
2025-08-21,null,105
2025-08-22,3.10,421
2025-08-22,3.11,177
2025-08-22,3.12,125
2025-08-22,3.13,42
2025-08-22,3.7,3
2025-08-22,3.8,1
2025-08-22,3.9,12
2025-08-22,null,15
2025-08-23,3.10,160
2025-08-23,3.11,108
2025-08-23,3.12,141
2025-08-23,3.13,2
2025-08-23,3.7,4
2025-08-23,3.9,4
2025-08-23,null,63
2025-08-24,3.10,202
2025-08-24,3.11,91
2025-08-24,3.12,151
2025-08-24,3.13,8
2025-08-24,3.7,5
2025-08-24,3.9,2
2025-08-24,null,163
2025-08-25,3.10,461
2025-08-25,3.11,130
2025-08-25,3.12,182
2025-08-25,3.13,110
2025-08-25,3.7,4
2025-08-25,3.8,1
2025-08-25,3.9,16
2025-08-25,null,27
2025-08-26,3.10,705
2025-08-26,3.11,205
2025-08-26,3.12,260
2025-08-26,3.13,273
2025-08-26,3.7,4
2025-08-26,3.9,13
2025-08-26,null,8
2025-08-27,3.10,618
2025-08-27,3.11,163
2025-08-27,3.12,315
2025-08-27,3.13,176
2025-08-27,3.7,3
2025-08-27,3.9,5
2025-08-27,null,165
2025-08-28,3.10,653
2025-08-28,3.11,158
2025-08-28,3.12,247
2025-08-28,3.13,167
2025-08-28,3.7,3
2025-08-28,3.9,12
2025-08-28,null,225
2025-08-29,3.10,401
2025-08-29,3.11,114
2025-08-29,3.12,204
2025-08-29,3.13,18
2025-08-29,3.7,3
2025-08-29,3.8,1
2025-08-29,3.9,8
2025-08-29,null,249
2025-08-30,3.10,151
2025-08-30,3.11,125
2025-08-30,3.12,110
2025-08-30,3.13,12
2025-08-30,3.7,4
2025-08-30,3.9,2
2025-08-30,null,197
2025-08-31,3.10,158
2025-08-31,3.11,122
2025-08-31,3.12,70
2025-08-31,3.9,4
2025-08-31,null,54
2025-09-01,3.10,291
2025-09-01,3.11,152
2025-09-01,3.12,138
2025-09-01,3.13,15
2025-09-01,3.7,5
2025-09-01,3.8,2
2025-09-01,3.9,20
2025-09-01,null,156
2025-09-02,3.10,964
2025-09-02,3.11,441
2025-09-02,3.12,270
2025-09-02,3.13,78
2025-09-02,3.7,6
2025-09-02,3.9,18
2025-09-02,null,79
2025-09-03,3.10,670
2025-09-03,3.11,208
2025-09-03,3.12,188
2025-09-03,3.13,98
2025-09-03,3.7,3
2025-09-03,3.9,33
2025-09-03,null,29
2025-09-04,3.10,808
2025-09-04,3.11,241
2025-09-04,3.12,279
2025-09-04,3.13,18
2025-09-04,3.7,2
2025-09-04,3.9,44
2025-09-04,null,181
2025-09-05,3.10,531
2025-09-05,3.11,331
2025-09-05,3.12,133
2025-09-05,3.13,34
2025-09-05,3.7,1
2025-09-05,3.8,3
2025-09-05,3.9,7
2025-09-05,null,155
2025-09-06,3.10,221
2025-09-06,3.11,213
2025-09-06,3.12,102
2025-09-06,3.13,12
2025-09-06,3.9,1
2025-09-06,null,402
2025-09-07,3.10,247
2025-09-07,3.11,265
2025-09-07,3.12,95
2025-09-07,3.13,27
2025-09-07,3.7,3
2025-09-07,3.8,2
2025-09-07,3.9,4
2025-09-07,null,44
2025-09-08,3.10,713
2025-09-08,3.11,350
2025-09-08,3.12,254
2025-09-08,3.13,61
2025-09-08,3.7,1
2025-09-08,3.8,1
2025-09-08,3.9,21
2025-09-08,null,62
2025-09-09,3.10,711
2025-09-09,3.11,291
2025-09-09,3.12,357
2025-09-09,3.13,51
2025-09-09,3.7,3
2025-09-09,3.9,6
2025-09-09,null,115
2025-09-10,3.10,907
2025-09-10,3.11,366
2025-09-10,3.12,343
2025-09-10,3.13,312
2025-09-10,3.7,4
2025-09-10,3.9,37
2025-09-10,null,117
2025-09-11,3.10,528
2025-09-11,3.11,150
2025-09-11,3.12,204
2025-09-11,3.13,156
2025-09-11,3.7,5
2025-09-11,3.8,4
2025-09-11,3.9,8
2025-09-11,null,139
2025-09-12,3.10,736
2025-09-12,3.11,174
2025-09-12,3.12,211
2025-09-12,3.13,109
2025-09-12,3.7,5
2025-09-12,3.8,2
2025-09-12,3.9,19
2025-09-12,null,225
2025-09-13,3.10,327
2025-09-13,3.11,69
2025-09-13,3.12,130
2025-09-13,3.13,309
2025-09-13,3.7,1
2025-09-13,3.9,8
2025-09-13,null,436
2025-09-14,3.10,297
2025-09-14,3.11,174
2025-09-14,3.12,90
2025-09-14,3.13,204
2025-09-14,3.9,56
2025-09-14,null,234
2025-09-15,3.10,631
2025-09-15,3.11,288
2025-09-15,3.12,203
2025-09-15,3.13,122
2025-09-15,3.7,6
2025-09-15,3.8,2
2025-09-15,3.9,27
2025-09-15,null,17
2025-09-16,3.10,528
2025-09-16,3.11,1205
2025-09-16,3.12,188
2025-09-16,3.13,50
2025-09-16,3.7,1
2025-09-16,3.8,1
2025-09-16,3.9,38
2025-09-16,null,23
2025-09-17,3.10,706
2025-09-17,3.11,1240
2025-09-17,3.12,197
2025-09-17,3.13,76
2025-09-17,3.7,7
2025-09-17,3.9,9
2025-09-17,null,157
2025-09-18,3.10,523
2025-09-18,3.11,792
2025-09-18,3.12,182
2025-09-18,3.13,76
2025-09-18,3.6,1
2025-09-18,3.7,3
2025-09-18,3.9,9
2025-09-18,null,30
2025-09-19,3.10,547
2025-09-19,3.11,252
2025-09-19,3.12,138
2025-09-19,3.13,86
2025-09-19,3.7,2
2025-09-19,3.9,13
2025-09-19,null,8
2025-09-20,3.10,226
2025-09-20,3.11,387
2025-09-20,3.12,102
2025-09-20,3.13,301
2025-09-20,3.7,7
2025-09-20,3.9,2
2025-09-20,null,84
2025-09-21,3.10,220
2025-09-21,3.11,670
2025-09-21,3.12,97
2025-09-21,3.13,333
2025-09-21,3.7,1
2025-09-21,3.9,3
2025-09-21,null,58
2025-09-22,3.10,508
2025-09-22,3.11,750
2025-09-22,3.12,373
2025-09-22,3.13,373
2025-09-22,3.7,7
2025-09-22,3.9,33
2025-09-22,null,48
2025-09-23,3.10,432
2025-09-23,3.11,359
2025-09-23,3.12,144
2025-09-23,3.13,364
2025-09-23,3.7,2
2025-09-23,3.8,1
2025-09-23,3.9,10
2025-09-23,null,130
2025-09-24,3.10,509
2025-09-24,3.11,388
2025-09-24,3.12,245
2025-09-24,3.13,700
2025-09-24,3.7,6
2025-09-24,3.9,7
2025-09-24,null,61
2025-09-25,3.10,735
2025-09-25,3.11,448
2025-09-25,3.12,190
2025-09-25,3.13,266
2025-09-25,3.6,1
2025-09-25,3.7,4
2025-09-25,3.9,18
2025-09-25,null,64
2025-09-26,3.10,320
2025-09-26,3.11,599
2025-09-26,3.12,110
2025-09-26,3.13,63
2025-09-26,3.7,4
2025-09-26,3.9,5
2025-09-26,null,22
2025-09-27,3.10,164
2025-09-27,3.11,464
2025-09-27,3.12,102
2025-09-27,3.13,6
2025-09-27,3.7,2
2025-09-27,3.9,2
2025-09-27,null,122
2025-09-28,3.10,380
2025-09-28,3.11,537
2025-09-28,3.12,125
2025-09-28,3.13,40
2025-09-28,3.7,4
2025-09-28,3.9,1
2025-09-28,null,32
2025-09-29,3.10,667
2025-09-29,3.11,289
2025-09-29,3.12,334
2025-09-29,3.13,110
2025-09-29,3.7,1
2025-09-29,3.8,1
2025-09-29,3.9,20
2025-09-29,null,44
2025-09-30,3.10,640
2025-09-30,3.11,590
2025-09-30,3.12,357
2025-09-30,3.13,166
2025-09-30,3.7,9
2025-09-30,3.9,21
2025-09-30,null,45
2025-10-01,3.10,407
2025-10-01,3.11,523
2025-10-01,3.12,216
2025-10-01,3.13,164
2025-10-01,3.9,30
2025-10-01,null,175
2025-10-02,3.10,614
2025-10-02,3.11,374
2025-10-02,3.12,176
2025-10-02,3.13,57
2025-10-02,3.7,5
2025-10-02,3.9,7
2025-10-02,null,135
2025-10-03,3.10,514
2025-10-03,3.11,1042
2025-10-03,3.12,192
2025-10-03,3.13,248
2025-10-03,3.9,5
2025-10-03,null,30
2025-10-04,3.10,212
2025-10-04,3.11,648
2025-10-04,3.12,99
2025-10-04,3.13,150
2025-10-04,3.7,5
2025-10-04,null,33
2025-10-05,3.10,458
2025-10-05,3.11,163
2025-10-05,3.12,181
2025-10-05,3.13,38
2025-10-05,3.6,1
2025-10-05,3.7,1
2025-10-05,3.9,10
2025-10-05,null,26
2025-10-06,3.10,774
2025-10-06,3.11,499
2025-10-06,3.12,316
2025-10-06,3.13,87
2025-10-06,3.7,5
2025-10-06,3.9,20
2025-10-06,null,31
2025-10-07,3.10,641
2025-10-07,3.11,519
2025-10-07,3.12,219
2025-10-07,3.13,138
2025-10-07,3.7,1
2025-10-07,3.9,14
2025-10-07,null,114
2025-10-08,3.10,799
2025-10-08,3.11,118
2025-10-08,3.12,231
2025-10-08,3.13,1
2025-10-08,3.14,8
2025-10-08,3.7,5
2025-10-08,3.9,14
2025-10-08,null,59
2025-10-09,3.10,747
2025-10-09,3.11,156
2025-10-09,3.12,405
2025-10-09,3.13,11
2025-10-09,3.14,51
2025-10-09,3.7,1
2025-10-09,3.9,34
2025-10-09,null,100
2025-10-10,3.10,315
2025-10-10,3.11,72
2025-10-10,3.12,247
2025-10-10,3.13,12
2025-10-10,3.7,5
2025-10-10,3.9,13
2025-10-10,null,140
2025-10-11,3.10,172
2025-10-11,3.11,106
2025-10-11,3.12,135
2025-10-11,3.13,4
2025-10-11,3.7,2
2025-10-11,3.9,10
2025-10-11,null,60
2025-10-12,3.10,202
2025-10-12,3.11,78
2025-10-12,3.12,108
2025-10-12,3.13,1
2025-10-12,3.7,3
2025-10-12,3.9,3
2025-10-12,null,16
2025-10-13,3.10,416
2025-10-13,3.11,105
2025-10-13,3.12,102
2025-10-13,3.13,1
2025-10-13,3.14,2
2025-10-13,3.7,1
2025-10-13,3.9,15
2025-10-13,null,50
2025-10-14,3.10,332
2025-10-14,3.11,111
2025-10-14,3.12,219
2025-10-14,3.13,7
2025-10-14,3.14,41
2025-10-14,3.7,6
2025-10-14,3.9,7
2025-10-14,null,25
2025-10-15,3.10,551
2025-10-15,3.11,130
2025-10-15,3.12,161
2025-10-15,3.14,2
2025-10-15,3.9,21
2025-10-15,null,90
2025-10-16,3.10,1054
2025-10-16,3.11,365
2025-10-16,3.12,429
2025-10-16,3.13,16
2025-10-16,3.14,2
2025-10-16,3.7,6
2025-10-16,3.9,14
2025-10-16,null,44
2025-10-17,3.10,444
2025-10-17,3.11,82
2025-10-17,3.12,157
2025-10-17,3.13,8
2025-10-17,3.7,1
2025-10-17,3.9,16
2025-10-17,null,62
2025-10-18,3.10,147
2025-10-18,3.11,36
2025-10-18,3.12,138
2025-10-18,3.13,12
2025-10-18,3.14,178
2025-10-18,3.7,5
2025-10-18,3.8,2
2025-10-18,3.9,2
2025-10-18,null,22
2025-10-19,3.10,284
2025-10-19,3.11,60
2025-10-19,3.12,110
2025-10-19,3.13,6
2025-10-19,3.9,2
2025-10-19,null,38
2025-10-20,3.10,392
2025-10-20,3.11,102
2025-10-20,3.12,179
2025-10-20,3.13,2
2025-10-20,3.7,5
2025-10-20,3.9,24
2025-10-20,null,27
2025-10-21,3.10,390
2025-10-21,3.11,106
2025-10-21,3.12,219
2025-10-21,3.13,5
2025-10-21,3.14,2
2025-10-21,3.7,3
2025-10-21,3.8,1
2025-10-21,3.9,31
2025-10-21,null,53
2025-10-22,3.10,344
2025-10-22,3.11,198
2025-10-22,3.12,245
2025-10-22,3.13,5
2025-10-22,3.7,3
2025-10-22,3.8,2
2025-10-22,3.9,23
2025-10-22,null,30
2025-10-23,3.10,480
2025-10-23,3.11,161
2025-10-23,3.12,143
2025-10-23,3.13,11
2025-10-23,3.9,24
2025-10-23,null,19
2025-10-24,3.10,340
2025-10-24,3.11,109
2025-10-24,3.12,181
2025-10-24,3.13,2
2025-10-24,3.7,7
2025-10-24,3.9,8
2025-10-24,null,314
2025-10-25,3.10,146
2025-10-25,3.11,74
2025-10-25,3.12,182
2025-10-25,3.13,3
2025-10-25,null,127
2025-10-26,3.10,169
2025-10-26,3.11,125
2025-10-26,3.12,106
2025-10-26,3.13,1
2025-10-26,3.7,5
2025-10-26,3.9,1
2025-10-26,null,7
2025-10-27,3.10,544
2025-10-27,3.11,306
2025-10-27,3.12,230
2025-10-27,3.7,1
2025-10-27,3.9,35
2025-10-27,null,138
2025-10-28,3.10,741
2025-10-28,3.11,454
2025-10-28,3.12,234
2025-10-28,3.13,9
2025-10-28,3.7,6
2025-10-28,3.9,6
2025-10-28,null,13
2025-10-29,3.10,333
2025-10-29,3.11,960
2025-10-29,3.12,148
2025-10-29,3.13,7
2025-10-29,3.14,3
2025-10-29,3.8,4
2025-10-29,3.9,5
2025-10-29,null,9
2025-10-30,3.10,294
2025-10-30,3.11,1311
2025-10-30,3.12,231
2025-10-30,3.13,9
2025-10-30,3.7,7
2025-10-30,3.9,22
2025-10-30,null,14
2025-10-31,3.10,414
2025-10-31,3.11,270
2025-10-31,3.12,121
2025-10-31,3.13,4
2025-10-31,3.7,3
2025-10-31,3.9,3
2025-10-31,null,122
2025-11-01,3.10,185
2025-11-01,3.11,371
2025-11-01,3.12,130
2025-11-01,3.14,1
2025-11-01,3.7,4
2025-11-01,3.9,8
2025-11-01,null,16
2025-11-02,3.10,169
2025-11-02,3.11,908
2025-11-02,3.12,69
2025-11-02,3.7,4
2025-11-02,3.8,104
2025-11-02,3.9,7
2025-11-02,null,121
2025-11-03,3.10,696
2025-11-03,3.11,2015
2025-11-03,3.12,223
2025-11-03,3.9,20
2025-11-03,null,13
2025-11-04,3.10,648
2025-11-04,3.11,524
2025-11-04,3.12,210
2025-11-04,3.13,2
2025-11-04,3.14,3
2025-11-04,3.7,7
2025-11-04,3.9,18
2025-11-04,null,57
2025-11-05,3.10,308
2025-11-05,3.11,1271
2025-11-05,3.12,130
2025-11-05,3.13,8
2025-11-05,3.7,1
2025-11-05,3.9,30
2025-11-05,null,34
2025-11-06,3.10,509
2025-11-06,3.11,356
2025-11-06,3.12,179
2025-11-06,3.13,11
2025-11-06,3.7,5
2025-11-06,3.9,22
2025-11-06,null,218
2025-11-07,2.7,1
2025-11-07,3.10,463
2025-11-07,3.11,888
2025-11-07,3.12,171
2025-11-07,3.13,10
2025-11-07,3.7,2
2025-11-07,3.9,21
2025-11-07,null,114
2025-11-08,3.10,220
2025-11-08,3.11,1114
2025-11-08,3.12,63
2025-11-08,3.13,6
2025-11-08,3.7,4
2025-11-08,3.9,7
2025-11-08,null,15
2025-11-09,3.10,365
2025-11-09,3.11,1897
2025-11-09,3.12,63
2025-11-09,3.13,6
2025-11-09,3.7,3
2025-11-09,3.9,5
2025-11-09,null,5
2025-11-10,3.10,371
2025-11-10,3.11,1284
2025-11-10,3.12,121
2025-11-10,3.13,4
2025-11-10,3.7,5
2025-11-10,3.9,20
2025-11-10,null,19
2025-11-11,3.10,361
2025-11-11,3.11,768
2025-11-11,3.12,166
2025-11-11,3.13,7
2025-11-11,3.14,2
2025-11-11,3.7,3
2025-11-11,3.9,17
2025-11-11,null,13
2025-11-12,3.10,268
2025-11-12,3.11,423
2025-11-12,3.12,251
2025-11-12,3.13,8
2025-11-12,3.14,2
2025-11-12,3.7,5
2025-11-12,3.8,2
2025-11-12,3.9,14
2025-11-12,null,23
2025-11-13,3.10,295
2025-11-13,3.11,539
2025-11-13,3.12,245
2025-11-13,3.13,1
2025-11-13,3.9,14
2025-11-13,null,136
2025-11-14,3.10,407
2025-11-14,3.11,314
2025-11-14,3.12,211
2025-11-14,3.13,2
2025-11-14,3.14,4
2025-11-14,3.7,6
2025-11-14,3.9,10
2025-11-14,null,117
2025-11-15,3.10,150
2025-11-15,3.11,2715
2025-11-15,3.12,102
2025-11-15,3.7,1
2025-11-15,null,7
2025-11-16,3.10,208
2025-11-16,3.11,3176
2025-11-16,3.12,158
2025-11-16,3.13,2
2025-11-16,3.7,3
2025-11-16,3.9,8
2025-11-16,null,13
2025-11-17,3.10,318
2025-11-17,3.11,1603
2025-11-17,3.12,240
2025-11-17,3.13,6
2025-11-17,3.7,1
2025-11-17,3.8,1
2025-11-17,3.9,14
2025-11-17,null,12
2025-11-18,3.10,365
2025-11-18,3.11,626
2025-11-18,3.12,755
2025-11-18,3.13,6
2025-11-18,3.7,10
2025-11-18,3.9,20
2025-11-18,null,112
2025-11-19,3.10,367
2025-11-19,3.11,1072
2025-11-19,3.12,250
2025-11-19,3.13,3
2025-11-19,3.14,3
2025-11-19,3.7,2
2025-11-19,3.9,7
2025-11-19,null,108
2025-11-20,3.10,605
2025-11-20,3.11,1056
2025-11-20,3.12,240
2025-11-20,3.13,10
2025-11-20,3.7,4
2025-11-20,3.8,4
2025-11-20,3.9,21
2025-11-20,null,114
2025-11-21,3.10,582
2025-11-21,3.11,906
2025-11-21,3.12,138
2025-11-21,3.13,9
2025-11-21,3.7,1
2025-11-21,3.9,9
2025-11-21,null,208
2025-11-22,3.10,123
2025-11-22,3.11,574
2025-11-22,3.12,133
2025-11-22,3.7,6
2025-11-22,3.8,2
2025-11-22,3.9,12
2025-11-22,null,101
2025-11-23,3.10,102
2025-11-23,3.11,347
2025-11-23,3.12,124
2025-11-23,3.9,5
2025-11-23,null,108
2025-11-24,3.10,279
2025-11-24,3.11,588
2025-11-24,3.12,171
2025-11-24,3.13,3
2025-11-24,3.7,6
2025-11-24,3.9,17
2025-11-24,null,14
2025-11-25,3.10,204
2025-11-25,3.11,463
2025-11-25,3.12,205
2025-11-25,3.13,1
2025-11-25,3.14,2
2025-11-25,3.7,1
2025-11-25,3.9,14
2025-11-25,null,110
2025-11-26,3.10,180
2025-11-26,3.11,168
2025-11-26,3.12,238
2025-11-26,3.13,11
2025-11-26,3.7,6
2025-11-26,3.9,11
2025-11-26,null,9
2025-11-27,3.10,137
2025-11-27,3.11,129
2025-11-27,3.12,140
2025-11-27,3.13,5
2025-11-27,3.14,1
2025-11-27,3.7,1
2025-11-27,3.8,1
2025-11-27,3.9,11
2025-11-27,null,7
2025-11-28,3.10,81
2025-11-28,3.11,99
2025-11-28,3.12,183
2025-11-28,3.13,2
2025-11-28,3.14,3
2025-11-28,3.7,5
2025-11-28,3.8,4
2025-11-28,3.9,8
2025-11-28,null,22
2025-11-29,3.10,71
2025-11-29,3.11,71
2025-11-29,3.12,93
2025-11-29,3.9,6
2025-11-29,null,12
2025-11-30,3.10,149
2025-11-30,3.11,91
2025-11-30,3.12,135
2025-11-30,3.13,2
2025-11-30,3.7,6
2025-11-30,3.9,4
2025-11-30,null,101
2025-12-01,3.10,297
2025-12-01,3.11,190
2025-12-01,3.12,211
2025-12-01,3.9,29
2025-12-01,null,7
2025-12-02,3.10,298
2025-12-02,3.11,222
2025-12-02,3.12,333
2025-12-02,3.14,1
2025-12-02,3.7,6
2025-12-02,3.8,2
2025-12-02,3.9,10
2025-12-02,null,7
2025-12-03,3.10,284
2025-12-03,3.11,286
2025-12-03,3.12,310
2025-12-03,3.13,2
2025-12-03,3.7,2
2025-12-03,3.9,9
2025-12-03,null,16
2025-12-04,3.10,170
2025-12-04,3.11,190
2025-12-04,3.12,264
2025-12-04,3.13,18
2025-12-04,3.7,6
2025-12-04,3.9,11
2025-12-04,null,63
2025-12-05,3.10,150
2025-12-05,3.11,163
2025-12-05,3.12,284
2025-12-05,3.13,8
2025-12-05,3.9,9
2025-12-05,null,252
2025-12-06,3.10,84
2025-12-06,3.11,71
2025-12-06,3.12,90
2025-12-06,3.13,22
2025-12-06,3.7,7
2025-12-06,3.9,12
2025-12-06,null,31
2025-12-07,3.10,75
2025-12-07,3.11,134
2025-12-07,3.12,75
2025-12-07,3.13,7
2025-12-07,3.7,3
2025-12-07,3.9,7
2025-12-07,null,123
2025-12-08,3.10,174
2025-12-08,3.11,240
2025-12-08,3.12,185
2025-12-08,3.13,32
2025-12-08,3.7,3
2025-12-08,3.9,24
2025-12-08,null,19
2025-12-09,3.10,167
2025-12-09,3.11,145
2025-12-09,3.12,352
2025-12-09,3.13,22
2025-12-09,3.7,3
2025-12-09,3.9,8
2025-12-09,null,285
2025-12-10,3.10,188
2025-12-10,3.11,149
2025-12-10,3.12,290
2025-12-10,3.13,4
2025-12-10,3.14,3
2025-12-10,3.7,7
2025-12-10,3.8,1
2025-12-10,3.9,20
2025-12-10,null,30
2025-12-11,3.10,171
2025-12-11,3.11,143
2025-12-11,3.12,313
2025-12-11,3.13,3
2025-12-11,3.7,3
2025-12-11,3.8,2
2025-12-11,3.9,10
2025-12-11,null,217
2025-12-12,3.10,303
2025-12-12,3.11,116
2025-12-12,3.12,421
2025-12-12,3.13,14
2025-12-12,3.7,6
2025-12-12,3.9,6
2025-12-12,null,46
2025-12-13,3.10,117
2025-12-13,3.11,53
2025-12-13,3.12,185
2025-12-13,3.9,2
2025-12-13,null,120
2025-12-14,3.10,98
2025-12-14,3.11,8
2025-12-14,3.12,141
2025-12-14,3.7,6
2025-12-14,null,116
2025-12-15,3.10,227
2025-12-15,3.11,107
2025-12-15,3.12,284
2025-12-15,3.13,4
2025-12-15,3.9,14
2025-12-15,null,123
2025-12-16,3.10,173
2025-12-16,3.11,92
2025-12-16,3.12,241
2025-12-16,3.13,7
2025-12-16,3.14,1
2025-12-16,3.7,9
2025-12-16,3.9,5
2025-12-16,null,48
2025-12-17,3.10,487
2025-12-17,3.11,148
2025-12-17,3.12,330
2025-12-17,3.13,7
2025-12-17,3.7,2
2025-12-17,3.9,12
2025-12-17,null,38
2025-12-18,3.10,269
2025-12-18,3.11,112
2025-12-18,3.12,220
2025-12-18,3.13,10
2025-12-18,3.14,2
2025-12-18,3.7,4
2025-12-18,3.8,1
2025-12-18,3.9,59
2025-12-18,null,123
2025-12-19,3.10,203
2025-12-19,3.11,108
2025-12-19,3.12,218
2025-12-19,3.13,48
2025-12-19,3.8,2
2025-12-19,3.9,21
2025-12-19,null,30
2025-12-20,3.10,260
2025-12-20,3.11,184
2025-12-20,3.12,257
2025-12-20,3.13,4
2025-12-20,3.7,7
2025-12-20,3.9,5
2025-12-20,null,18
2025-12-21,3.10,89
2025-12-21,3.11,50
2025-12-21,3.12,113
2025-12-21,3.13,12
2025-12-21,3.7,1
2025-12-21,3.9,1
2025-12-21,null,68
2025-12-22,3.10,186
2025-12-22,3.11,115
2025-12-22,3.12,147
2025-12-22,3.13,6
2025-12-22,3.7,7
2025-12-22,3.9,14
2025-12-22,null,22
2025-12-23,3.10,250
2025-12-23,3.11,92
2025-12-23,3.12,174
2025-12-23,3.13,4
2025-12-23,3.14,1
2025-12-23,3.9,13
2025-12-23,null,21
2025-12-24,3.10,143
2025-12-24,3.11,82
2025-12-24,3.12,104
2025-12-24,3.13,17
2025-12-24,3.7,11
2025-12-24,3.9,15
2025-12-24,null,53
2025-12-25,3.10,101
2025-12-25,3.11,122
2025-12-25,3.12,105
2025-12-25,3.13,5
2025-12-25,3.7,3
2025-12-25,3.9,3
2025-12-25,null,19
2025-12-26,3.10,80
2025-12-26,3.11,108
2025-12-26,3.12,63
2025-12-26,3.13,1
2025-12-26,3.7,6
2025-12-26,3.9,10
2025-12-26,null,121
2025-12-27,3.10,93
2025-12-27,3.11,118
2025-12-27,3.12,96
2025-12-27,3.13,8
2025-12-27,3.14,4
2025-12-27,3.7,3
2025-12-27,3.9,5
2025-12-27,null,39
2025-12-28,3.10,82
2025-12-28,3.11,77
2025-12-28,3.12,88
2025-12-28,3.13,10
2025-12-28,3.14,4
2025-12-28,3.7,4
2025-12-28,null,1146
2025-12-29,3.10,79
2025-12-29,3.11,144
2025-12-29,3.12,134
2025-12-29,3.13,4
2025-12-29,3.6,1
2025-12-29,3.9,4
2025-12-29,null,1324
2025-12-30,3.10,95
2025-12-30,3.11,86
2025-12-30,3.12,73
2025-12-30,3.13,7
2025-12-30,3.7,7
2025-12-30,3.9,26
2025-12-30,null,2076
2025-12-31,3.10,93
2025-12-31,3.11,36
2025-12-31,3.12,88
2025-12-31,3.7,3
2025-12-31,3.8,1
2025-12-31,3.9,12
2025-12-31,null,1695
2026-01-01,3.10,65
2026-01-01,3.11,70
2026-01-01,3.12,46
2026-01-01,3.13,4
2026-01-01,3.7,6
2026-01-01,3.9,17
2026-01-01,null,1810
2026-01-02,3.10,100
2026-01-02,3.11,116
2026-01-02,3.12,103
2026-01-02,3.13,6
2026-01-02,3.7,1
2026-01-02,3.9,1
2026-01-02,null,1650
2026-01-03,3.10,76
2026-01-03,3.11,105
2026-01-03,3.12,92
2026-01-03,3.7,3
2026-01-03,3.9,3
2026-01-03,null,916
2026-01-04,3.10,87
2026-01-04,3.11,58
2026-01-04,3.12,94
2026-01-04,3.13,2
2026-01-04,3.7,3
2026-01-04,3.9,10
2026-01-04,null,1915
2026-01-05,3.10,171
2026-01-05,3.11,162
2026-01-05,3.12,213
2026-01-05,3.13,6
2026-01-05,3.7,1
2026-01-05,3.8,2
2026-01-05,3.9,18
2026-01-05,null,1850
2026-01-06,3.10,264
2026-01-06,3.11,112
2026-01-06,3.12,213
2026-01-06,3.13,6
2026-01-06,3.7,12
2026-01-06,3.9,49
2026-01-06,null,1200
2026-01-07,3.10,184
2026-01-07,3.11,142
2026-01-07,3.12,222
2026-01-07,3.13,3
2026-01-07,3.9,14
2026-01-07,null,873
2026-01-08,3.10,177
2026-01-08,3.11,103
2026-01-08,3.12,237
2026-01-08,3.13,10
2026-01-08,3.7,6
2026-01-08,3.9,26
2026-01-08,null,1258
2026-01-09,3.10,255
2026-01-09,3.11,70
2026-01-09,3.12,253
2026-01-09,3.13,5
2026-01-09,3.14,2
2026-01-09,3.9,25
2026-01-09,null,781
2026-01-10,3.10,100
2026-01-10,3.11,50
2026-01-10,3.12,141
2026-01-10,3.13,2
2026-01-10,3.7,6
2026-01-10,3.9,116
2026-01-10,null,874
2026-01-11,3.10,96
2026-01-11,3.11,119
2026-01-11,3.12,153
2026-01-11,3.13,12
2026-01-11,3.7,1
2026-01-11,3.9,7
2026-01-11,null,968
2026-01-12,3.10,166
2026-01-12,3.11,128
2026-01-12,3.12,154
2026-01-12,3.13,5
2026-01-12,3.14,5
2026-01-12,3.7,6
2026-01-12,3.9,24
2026-01-12,null,1477
2026-01-13,3.10,182
2026-01-13,3.11,118
2026-01-13,3.12,180
2026-01-13,3.13,8
2026-01-13,3.14,2
2026-01-13,3.7,4
2026-01-13,3.8,1
2026-01-13,3.9,21
2026-01-13,null,1112
2026-01-14,3.10,260
2026-01-14,3.11,206
2026-01-14,3.12,128
2026-01-14,3.13,14
2026-01-14,3.7,5
2026-01-14,3.9,14
2026-01-14,null,815
2026-01-15,3.10,229
2026-01-15,3.11,137
2026-01-15,3.12,199
2026-01-15,3.13,4
2026-01-15,3.14,4
2026-01-15,3.8,1
2026-01-15,3.9,7
2026-01-15,null,622
2026-01-16,3.10,148
2026-01-16,3.11,151
2026-01-16,3.12,129
2026-01-16,3.13,45
2026-01-16,3.7,4
2026-01-16,3.9,8
2026-01-16,null,825
2026-01-17,3.10,81
2026-01-17,3.11,28
2026-01-17,3.12,54
2026-01-17,3.13,8
2026-01-17,3.14,2
2026-01-17,3.9,5
2026-01-17,null,955
2026-01-18,3.10,89
2026-01-18,3.11,60
2026-01-18,3.12,93
2026-01-18,3.13,2
2026-01-18,3.7,4
2026-01-18,3.9,10
2026-01-18,null,987
2026-01-19,3.10,104
2026-01-19,3.11,80
2026-01-19,3.12,74
2026-01-19,3.13,11
2026-01-19,3.14,4
2026-01-19,3.7,2
2026-01-19,3.9,20
2026-01-19,null,254
2026-01-20,3.10,218
2026-01-20,3.11,107
2026-01-20,3.12,187
2026-01-20,3.13,15
2026-01-20,3.14,1
2026-01-20,3.7,3
2026-01-20,3.9,29
2026-01-20,null,784
2026-01-21,3.10,213
2026-01-21,3.11,192
2026-01-21,3.12,194
2026-01-21,3.13,3
2026-01-21,3.14,2
2026-01-21,3.7,1
2026-01-21,3.9,11
2026-01-21,null,83
2026-01-22,3.10,223
2026-01-22,3.11,134
2026-01-22,3.12,168
2026-01-22,3.13,9
2026-01-22,3.14,2
2026-01-22,3.7,2
2026-01-22,3.9,24
2026-01-22,null,2143
2026-01-23,3.10,207
2026-01-23,3.11,117
2026-01-23,3.12,207
2026-01-23,3.13,11
2026-01-23,3.14,4
2026-01-23,3.7,3
2026-01-23,3.8,4
2026-01-23,3.9,6
2026-01-23,null,1461
2026-01-24,3.10,226
2026-01-24,3.11,129
2026-01-24,3.12,121
2026-01-24,3.13,5
2026-01-24,3.14,3
2026-01-24,3.7,3
2026-01-24,3.9,2
2026-01-24,null,2126
2026-01-25,3.10,140
2026-01-25,3.11,85
2026-01-25,3.12,107
2026-01-25,3.13,6
2026-01-25,3.9,8
2026-01-25,null,4576
2026-01-26,3.10,472
2026-01-26,3.11,97
2026-01-26,3.12,268
2026-01-26,3.13,7
2026-01-26,3.14,2
2026-01-26,3.7,3
2026-01-26,3.8,2
2026-01-26,3.9,32
2026-01-26,null,3549
2026-01-27,3.10,135
2026-01-27,3.11,82
2026-01-27,3.12,229
2026-01-27,3.13,11
2026-01-27,3.14,4
2026-01-27,3.7,5
2026-01-27,3.9,17
2026-01-27,null,5338
2026-01-28,3.10,589
2026-01-28,3.11,275
2026-01-28,3.12,369
2026-01-28,3.13,2
2026-01-28,3.14,4
2026-01-28,3.8,1
2026-01-28,3.9,6
2026-01-28,null,4468
2026-01-29,3.10,278
2026-01-29,3.11,241
2026-01-29,3.12,166
2026-01-29,3.13,13
2026-01-29,3.14,1
2026-01-29,3.9,45
2026-01-29,null,3057
2026-01-30,3.10,524
2026-01-30,3.11,156
2026-01-30,3.12,221
2026-01-30,3.13,24
2026-01-30,3.14,4
2026-01-30,3.7,5
2026-01-30,3.9,6
2026-01-30,null,1255
2026-01-31,3.10,110
2026-01-31,3.11,114
2026-01-31,3.12,80
2026-01-31,3.13,7
2026-01-31,3.7,1
2026-01-31,3.8,2
2026-01-31,3.9,1
2026-01-31,null,1028
