date,category,downloads
2022-02-22,Darwin,8
2022-02-22,Linux,17
2022-02-22,nan,271
2022-02-22,null,271
2022-02-23,nan,19
2022-02-23,null,19
2022-02-24,Darwin,1
2022-02-24,nan,6
2022-02-24,null,6
2022-02-25,Darwin,4
2022-02-25,Linux,6
2022-02-25,nan,165
2022-02-25,null,165
2022-02-26,Linux,5
2022-02-26,nan,213
2022-02-26,null,213
2022-02-27,Darwin,1
2022-02-27,nan,62
2022-02-27,null,62
2022-02-28,Linux,1
2022-02-28,nan,50
2022-02-28,null,50
2022-03-01,nan,41
2022-03-01,null,41
2022-03-02,Darwin,12
2022-03-02,Linux,34
2022-03-02,nan,1050
2022-03-02,null,1050
2022-03-03,Linux,2
2022-03-03,nan,168
2022-03-03,null,168
2022-03-04,Darwin,1
2022-03-04,nan,122
2022-03-04,null,122
2022-03-05,nan,90
2022-03-05,null,90
2022-03-06,nan,81
2022-03-06,null,81
2022-03-07,nan,17
2022-03-07,null,17
2022-03-08,Linux,1
2022-03-08,nan,71
2022-03-08,null,71
2022-03-09,nan,43
2022-03-09,null,43
2022-03-10,nan,70
2022-03-10,null,70
2022-03-11,nan,25
2022-03-11,null,25
2022-03-12,nan,18
2022-03-12,null,18
2022-03-13,nan,11
2022-03-13,null,11
2022-03-14,nan,60
2022-03-14,null,60
2022-03-15,Windows,1
2022-03-15,nan,12
2022-03-15,null,12
2022-03-16,nan,9
2022-03-16,null,9
2022-03-17,nan,30
2022-03-17,null,30
2022-03-18,nan,18
2022-03-18,null,18
2022-03-19,nan,14
2022-03-19,null,14
2022-03-20,nan,40
2022-03-20,null,40
2022-03-21,nan,29
2022-03-21,null,29
2022-03-22,nan,42
2022-03-22,null,42
2022-03-23,nan,29
2022-03-23,null,29
2022-03-24,nan,45
2022-03-24,null,45
2022-03-25,nan,9
2022-03-25,null,9
2022-03-26,nan,28
2022-03-26,null,28
2022-03-27,nan,9
2022-03-27,null,9
2022-03-28,nan,18
2022-03-28,null,18
2022-03-29,nan,54
2022-03-29,null,54
2022-03-30,nan,11
2022-03-30,null,11
2022-03-31,nan,21
2022-03-31,null,21
2022-04-01,nan,46
2022-04-01,null,46
2022-04-02,nan,4
2022-04-02,null,4
2022-04-03,nan,12
2022-04-03,null,12
2022-04-04,nan,11
2022-04-04,null,11
2022-04-05,nan,21
2022-04-05,null,21
2022-04-06,nan,10
2022-04-06,null,10
2022-04-07,nan,37
2022-04-07,null,37
2022-04-08,nan,46
2022-04-08,null,46
2022-04-10,nan,11
2022-04-10,null,11
2022-04-11,nan,10
2022-04-11,null,10
2022-04-12,nan,23
2022-04-12,null,23
2022-04-13,nan,32
2022-04-13,null,32
2022-04-14,nan,34
2022-04-14,null,34
2022-04-15,Linux,1
2022-04-15,nan,27
2022-04-15,null,27
2022-04-16,nan,24
2022-04-16,null,24
2022-04-17,nan,9
2022-04-17,null,9
2022-04-19,nan,10
2022-04-19,null,10
2022-04-20,nan,27
2022-04-20,null,27
2022-04-21,nan,9
2022-04-21,null,9
2022-04-23,nan,27
2022-04-23,null,27
2022-04-24,nan,9
2022-04-24,null,9
2022-04-25,nan,11
2022-04-25,null,11
2022-04-26,nan,19
2022-04-26,null,19
2022-04-27,nan,12
2022-04-27,null,12
2022-04-28,nan,9
2022-04-28,null,9
2022-04-29,nan,10
2022-04-29,null,10
2022-05-02,nan,1
2022-05-02,null,1
2022-05-04,Linux,1
2022-05-04,nan,9
2022-05-04,null,9
2022-05-05,nan,18
2022-05-05,null,18
2022-05-06,nan,24
2022-05-06,null,24
2022-05-07,Linux,1
2022-05-07,nan,12
2022-05-07,null,12
2022-05-08,Darwin,2
2022-05-08,nan,9
2022-05-08,null,9
2022-05-09,Darwin,1
2022-05-09,nan,9
2022-05-09,null,9
2022-05-10,Darwin,1
2022-05-10,Linux,32
2022-05-10,nan,798
2022-05-10,null,798
2022-05-11,nan,65
2022-05-11,null,65
2022-05-12,Linux,2
2022-05-12,nan,19
2022-05-12,null,19
2022-05-13,Darwin,1
2022-05-13,Linux,3
2022-05-13,nan,12
2022-05-13,null,12
2022-05-14,nan,10
2022-05-14,null,10
2022-05-15,Darwin,3
2022-05-16,Linux,2
2022-05-16,Windows,1
2022-05-16,nan,17
2022-05-16,null,17
2022-05-17,Linux,20
2022-05-17,Windows,1
2022-05-17,nan,407
2022-05-17,null,407
2022-05-18,Linux,4
2022-05-18,nan,103
2022-05-18,null,103
2022-05-19,Darwin,5
2022-05-19,Linux,10
2022-05-19,Windows,1
2022-05-19,nan,70
2022-05-19,null,70
2022-05-20,Darwin,30
2022-05-20,Linux,55
2022-05-20,Windows,5
2022-05-20,nan,38
2022-05-20,null,38
2022-05-21,Darwin,2
2022-05-21,Linux,13
2022-05-21,Windows,1
2022-05-21,nan,41
2022-05-21,null,41
2022-05-22,Darwin,5
2022-05-22,Linux,3
2022-05-22,Windows,2
2022-05-22,nan,50
2022-05-22,null,50
2022-05-23,Darwin,8
2022-05-23,Linux,18
2022-05-23,nan,11
2022-05-23,null,11
2022-05-24,Darwin,4
2022-05-24,Linux,8
2022-05-24,Windows,1
2022-05-24,nan,15
2022-05-24,null,15
2022-05-25,Darwin,5
2022-05-25,Linux,9
2022-05-25,nan,202
2022-05-25,null,202
2022-05-26,Linux,12
2022-05-26,nan,63
2022-05-26,null,63
2022-05-27,Darwin,3
2022-05-27,Linux,8
2022-05-27,nan,27
2022-05-27,null,27
2022-05-28,Darwin,3
2022-05-28,Linux,13
2022-05-28,nan,229
2022-05-28,null,229
2022-05-29,Darwin,2
2022-05-29,Linux,4
2022-05-29,nan,68
2022-05-29,null,68
2022-05-30,Darwin,1
2022-05-30,Linux,17
2022-05-30,Windows,9
2022-05-30,nan,26
2022-05-30,null,26
2022-05-31,Darwin,2
2022-05-31,Linux,6
2022-05-31,Windows,3
2022-05-31,nan,52
2022-05-31,null,52
2022-06-01,Darwin,4
2022-06-01,Linux,8
2022-06-01,Windows,1
2022-06-01,nan,80
2022-06-01,null,80
2022-06-02,Darwin,2
2022-06-02,Linux,2
2022-06-02,Windows,1
2022-06-02,nan,14
2022-06-02,null,14
2022-06-03,Linux,8
2022-06-03,nan,117
2022-06-03,null,117
2022-06-04,Linux,1
2022-06-04,nan,134
2022-06-04,null,134
2022-06-05,Darwin,2
2022-06-05,Linux,3
2022-06-05,nan,96
2022-06-05,null,96
2022-06-06,Darwin,5
2022-06-06,Linux,8
2022-06-06,nan,81
2022-06-06,null,81
2022-06-07,Darwin,2
2022-06-07,Linux,4
2022-06-07,Windows,2
2022-06-07,nan,14
2022-06-07,null,14
2022-06-08,Darwin,7
2022-06-08,Linux,10
2022-06-08,Windows,2
2022-06-08,nan,134
2022-06-08,null,134
2022-06-09,Darwin,5
2022-06-09,Linux,20
2022-06-09,Windows,1
2022-06-09,nan,225
2022-06-09,null,225
2022-06-10,Darwin,3
2022-06-10,Linux,4
2022-06-10,Windows,1
2022-06-10,nan,197
2022-06-10,null,197
2022-06-11,Darwin,2
2022-06-11,Linux,3
2022-06-11,nan,86
2022-06-11,null,86
2022-06-12,Darwin,1
2022-06-12,Windows,1
2022-06-12,nan,18
2022-06-12,null,18
2022-06-13,Darwin,2
2022-06-13,Linux,6
2022-06-13,Windows,3
2022-06-13,nan,27
2022-06-13,null,27
2022-06-14,Darwin,1
2022-06-14,Linux,2
2022-06-14,nan,91
2022-06-14,null,91
2022-06-15,Darwin,2
2022-06-15,Linux,2
2022-06-15,nan,77
2022-06-15,null,77
2022-06-16,Darwin,1
2022-06-16,Linux,7
2022-06-16,nan,53
2022-06-16,null,53
2022-06-17,Darwin,1
2022-06-17,Linux,2
2022-06-17,nan,42
2022-06-17,null,42
2022-06-18,Linux,5
2022-06-18,nan,38
2022-06-18,null,38
2022-06-19,nan,43
2022-06-19,null,43
2022-06-20,Darwin,1
2022-06-20,Linux,1
2022-06-20,nan,7
2022-06-20,null,7
2022-06-21,Linux,8
2022-06-21,nan,65
2022-06-21,null,65
2022-06-22,Darwin,2
2022-06-22,Linux,8
2022-06-22,nan,10
2022-06-22,null,10
2022-06-23,Darwin,1
2022-06-23,Linux,5
2022-06-23,nan,71
2022-06-23,null,71
2022-06-24,Darwin,1
2022-06-24,Linux,11
2022-06-24,nan,149
2022-06-24,null,149
2022-06-25,Darwin,2
2022-06-25,Linux,1
2022-06-25,nan,143
2022-06-25,null,143
2022-06-26,Linux,3
2022-06-26,nan,44
2022-06-26,null,44
2022-06-27,Darwin,4
2022-06-27,Linux,14
2022-06-27,Windows,3
2022-06-27,nan,274
2022-06-27,null,274
2022-06-28,Darwin,5
2022-06-28,Linux,8
2022-06-28,Windows,2
2022-06-28,nan,93
2022-06-28,null,93
2022-06-29,Linux,11
2022-06-29,nan,197
2022-06-29,null,197
2022-06-30,Darwin,1
2022-06-30,Linux,13
2022-06-30,nan,190
2022-06-30,null,190
2022-07-01,Linux,5
2022-07-01,Windows,1
2022-07-01,nan,267
2022-07-01,null,267
2022-07-02,Linux,3
2022-07-02,nan,42
2022-07-02,null,42
2022-07-03,Linux,1
2022-07-03,nan,136
2022-07-03,null,136
2022-07-04,Linux,3
2022-07-04,Windows,1
2022-07-04,nan,41
2022-07-04,null,41
2022-07-05,Linux,6
2022-07-05,nan,63
2022-07-05,null,63
2022-07-06,Linux,2
2022-07-06,nan,38
2022-07-06,null,38
2022-07-07,Darwin,1
2022-07-07,Linux,6
2022-07-07,nan,71
2022-07-07,null,71
2022-07-08,Darwin,4
2022-07-08,Linux,10
2022-07-08,nan,253
2022-07-08,null,253
2022-07-09,Darwin,2
2022-07-09,Linux,4
2022-07-09,nan,101
2022-07-09,null,101
2022-07-10,Linux,2
2022-07-10,nan,120
2022-07-10,null,120
2022-07-11,Linux,5
2022-07-11,nan,23
2022-07-11,null,23
2022-07-12,Linux,3
2022-07-12,nan,31
2022-07-12,null,31
2022-07-13,Darwin,1
2022-07-13,Linux,5
2022-07-13,nan,11
2022-07-13,null,11
2022-07-14,Darwin,1
2022-07-14,Linux,4
2022-07-14,nan,14
2022-07-14,null,14
2022-07-15,Darwin,1
2022-07-15,Linux,2
2022-07-15,nan,4
2022-07-15,null,4
2022-07-16,Darwin,1
2022-07-16,Linux,4
2022-07-16,nan,4
2022-07-16,null,4
2022-07-17,Darwin,1
2022-07-17,Linux,4
2022-07-17,nan,40
2022-07-17,null,40
2022-07-18,Darwin,1
2022-07-18,Linux,1
2022-07-18,nan,56
2022-07-18,null,56
2022-07-19,Darwin,3
2022-07-19,Linux,2
2022-07-19,Windows,1
2022-07-19,nan,37
2022-07-19,null,37
2022-07-20,Linux,1
2022-07-20,nan,43
2022-07-20,null,43
2022-07-21,Linux,3
2022-07-21,nan,74
2022-07-21,null,74
2022-07-22,Linux,7
2022-07-22,nan,60
2022-07-22,null,60
2022-07-23,nan,88
2022-07-23,null,88
2022-07-24,Darwin,1
2022-07-24,Linux,1
2022-07-25,Linux,1
2022-07-25,nan,105
2022-07-25,null,105
2022-07-26,Darwin,2
2022-07-26,Linux,5
2022-07-26,Windows,1
2022-07-26,nan,64
2022-07-26,null,64
2022-07-27,Darwin,5
2022-07-27,Linux,2
2022-07-27,nan,31
2022-07-27,null,31
2022-07-28,Darwin,1
2022-07-28,Linux,6
2022-07-28,nan,14
2022-07-28,null,14
2022-07-29,Linux,8
2022-07-29,nan,121
2022-07-29,null,121
2022-07-30,Darwin,2
2022-07-30,nan,37
2022-07-30,null,37
2022-07-31,nan,59
2022-07-31,null,59
2022-08-01,Darwin,2
2022-08-01,Windows,1
2022-08-01,nan,35
2022-08-01,null,35
2022-08-02,Darwin,2
2022-08-02,Linux,4
2022-08-02,Windows,1
2022-08-02,nan,11
2022-08-02,null,11
2022-08-03,Darwin,2
2022-08-03,Linux,2
2022-08-03,nan,18
2022-08-03,null,18
2022-08-04,Darwin,1
2022-08-04,Linux,13
2022-08-04,nan,56
2022-08-04,null,56
2022-08-05,Darwin,2
2022-08-05,Linux,23
2022-08-05,Windows,1
2022-08-05,nan,241
2022-08-05,null,241
2022-08-06,Darwin,19
2022-08-06,Linux,39
2022-08-06,Windows,8
2022-08-06,nan,278
2022-08-06,null,278
2022-08-07,Darwin,44
2022-08-07,Linux,80
2022-08-07,Windows,20
2022-08-07,nan,82
2022-08-07,null,82
2022-08-08,Darwin,28
2022-08-08,Linux,81
2022-08-08,Windows,31
2022-08-08,nan,77
2022-08-08,null,77
2022-08-09,Darwin,19
2022-08-09,Linux,63
2022-08-09,Windows,11
2022-08-09,nan,147
2022-08-09,null,147
2022-08-10,Darwin,8
2022-08-10,Linux,40
2022-08-10,Windows,6
2022-08-10,nan,88
2022-08-10,null,88
2022-08-11,Darwin,6
2022-08-11,Linux,22
2022-08-11,Windows,5
2022-08-11,nan,76
2022-08-11,null,76
2022-08-12,Darwin,6
2022-08-12,Linux,35
2022-08-12,Windows,3
2022-08-12,nan,210
2022-08-12,null,210
2022-08-13,Darwin,8
2022-08-13,Linux,5
2022-08-13,Windows,1
2022-08-13,nan,118
2022-08-13,null,118
2022-08-14,Darwin,2
2022-08-14,Linux,10
2022-08-14,nan,29
2022-08-14,null,29
2022-08-15,Darwin,1
2022-08-15,Linux,16
2022-08-15,Windows,2
2022-08-15,nan,131
2022-08-15,null,131
2022-08-16,Darwin,5
2022-08-16,Linux,19
2022-08-16,Windows,3
2022-08-16,nan,205
2022-08-16,null,205
2022-08-17,Darwin,5
2022-08-17,Linux,16
2022-08-17,Windows,2
2022-08-17,nan,11
2022-08-17,null,11
2022-08-18,Darwin,5
2022-08-18,Linux,31
2022-08-18,Windows,2
2022-08-18,nan,120
2022-08-18,null,120
2022-08-19,Darwin,7
2022-08-19,Linux,10
2022-08-19,Windows,2
2022-08-19,nan,95
2022-08-19,null,95
2022-08-20,Darwin,1
2022-08-20,Linux,4
2022-08-20,nan,143
2022-08-20,null,143
2022-08-21,Darwin,2
2022-08-21,Linux,4
2022-08-21,Windows,1
2022-08-21,nan,191
2022-08-21,null,191
2022-08-22,Darwin,6
2022-08-22,Linux,14
2022-08-22,Windows,2
2022-08-22,nan,66
2022-08-22,null,66
2022-08-23,Linux,15
2022-08-23,Windows,1
2022-08-23,nan,150
2022-08-23,null,150
2022-08-24,Darwin,5
2022-08-24,Linux,24
2022-08-24,Windows,1
2022-08-24,nan,199
2022-08-24,null,199
2022-08-25,Darwin,4
2022-08-25,Linux,16
2022-08-25,Windows,1
2022-08-25,nan,109
2022-08-25,null,109
2022-08-26,Darwin,4
2022-08-26,Linux,7
2022-08-26,nan,316
2022-08-26,null,316
2022-08-27,Linux,3
2022-08-27,Windows,1
2022-08-27,nan,58
2022-08-27,null,58
2022-08-28,Linux,2
2022-08-28,nan,77
2022-08-28,null,77
2022-08-29,Linux,8
2022-08-29,nan,23
2022-08-29,null,23
2022-08-30,Darwin,1
2022-08-30,Linux,12
2022-08-30,nan,69
2022-08-30,null,69
2022-08-31,Darwin,4
2022-08-31,Linux,23
2022-08-31,Windows,1
2022-08-31,nan,102
2022-08-31,null,102
2022-09-01,Darwin,2
2022-09-01,Linux,9
2022-09-01,Windows,1
2022-09-01,nan,165
2022-09-01,null,165
2022-09-02,Darwin,1
2022-09-02,Linux,20
2022-09-02,Windows,1
2022-09-02,nan,139
2022-09-02,null,139
2022-09-03,Darwin,1
2022-09-03,Linux,1
2022-09-03,Windows,2
2022-09-03,nan,242
2022-09-03,null,242
2022-09-04,Darwin,2
2022-09-04,Linux,2
2022-09-04,nan,49
2022-09-04,null,49
2022-09-05,Darwin,2
2022-09-05,Linux,13
2022-09-05,nan,98
2022-09-05,null,98
2022-09-06,Linux,10
2022-09-06,nan,73
2022-09-06,null,73
2022-09-07,Darwin,2
2022-09-07,Linux,24
2022-09-07,Windows,1
2022-09-07,nan,90
2022-09-07,null,90
2022-09-08,Darwin,3
2022-09-08,Linux,11
2022-09-08,nan,129
2022-09-08,null,129
2022-09-09,Darwin,4
2022-09-09,Linux,28
2022-09-09,Windows,2
2022-09-09,nan,222
2022-09-09,null,222
2022-09-10,Linux,8
2022-09-10,nan,61
2022-09-10,null,61
2022-09-11,Linux,1
2022-09-11,Windows,1
2022-09-11,nan,78
2022-09-11,null,78
2022-09-12,Darwin,5
2022-09-12,Linux,8
2022-09-12,nan,99
2022-09-12,null,99
2022-09-13,Linux,8
2022-09-13,nan,19
2022-09-13,null,19
2022-09-14,Darwin,3
2022-09-14,Linux,33
2022-09-14,Windows,1
2022-09-14,nan,148
2022-09-14,null,148
2022-09-15,Darwin,1
2022-09-15,Linux,7
2022-09-15,nan,175
2022-09-15,null,175
2022-09-16,Linux,9
2022-09-16,nan,102
2022-09-16,null,102
2022-09-17,Darwin,1
2022-09-17,Linux,1
2022-09-17,nan,115
2022-09-17,null,115
2022-09-18,Linux,1
2022-09-18,nan,54
2022-09-18,null,54
2022-09-19,Darwin,1
2022-09-19,Linux,10
2022-09-19,Windows,2
2022-09-19,nan,153
2022-09-19,null,153
2022-09-20,Darwin,2
2022-09-20,Linux,18
2022-09-20,Windows,1
2022-09-20,nan,20
2022-09-20,null,20
2022-09-21,Darwin,4
2022-09-21,Linux,12
2022-09-21,Windows,1
2022-09-21,nan,23
2022-09-21,null,23
2022-09-22,Darwin,1
2022-09-22,Linux,10
2022-09-22,Windows,2
2022-09-22,nan,138
2022-09-22,null,138
2022-09-23,Darwin,3
2022-09-23,Linux,3
2022-09-23,Windows,1
2022-09-23,nan,94
2022-09-23,null,94
2022-09-24,Linux,1
2022-09-24,nan,10
2022-09-24,null,10
2022-09-25,Darwin,3
2022-09-25,Linux,3
2022-09-25,nan,7
2022-09-25,null,7
2022-09-26,Darwin,1
2022-09-26,Linux,9
2022-09-26,nan,147
2022-09-26,null,147
2022-09-27,Darwin,1
2022-09-27,Linux,8
2022-09-27,nan,122
2022-09-27,null,122
2022-09-28,Darwin,2
2022-09-28,Linux,11
2022-09-28,Windows,1
2022-09-28,nan,65
2022-09-28,null,65
2022-09-29,Darwin,5
2022-09-29,Linux,11
2022-09-29,Windows,1
2022-09-29,nan,7
2022-09-29,null,7
2022-09-30,Darwin,11
2022-09-30,Linux,18
2022-09-30,nan,86
2022-09-30,null,86
2022-10-01,Linux,1
2022-10-01,nan,122
2022-10-01,null,122
2022-10-02,Darwin,2
2022-10-02,Linux,1
2022-10-02,nan,7
2022-10-02,null,7
2022-10-03,Darwin,3
2022-10-03,Linux,7
2022-10-03,nan,92
2022-10-03,null,92
2022-10-04,Linux,7
2022-10-04,nan,182
2022-10-04,null,182
2022-10-05,Darwin,3
2022-10-05,Linux,11
2022-10-05,Windows,1
2022-10-05,nan,78
2022-10-05,null,78
2022-10-06,Darwin,4
2022-10-06,Linux,4
2022-10-06,nan,28
2022-10-06,null,28
2022-10-07,Darwin,4
2022-10-07,Linux,60
2022-10-07,Windows,2
2022-10-07,nan,86
2022-10-07,null,86
2022-10-08,Darwin,1
2022-10-08,Linux,16
2022-10-08,nan,13
2022-10-08,null,13
2022-10-09,Linux,2
2022-10-09,nan,46
2022-10-09,null,46
2022-10-10,Darwin,1
2022-10-10,Linux,16
2022-10-10,nan,36
2022-10-10,null,36
2022-10-11,Linux,9
2022-10-11,Windows,2
2022-10-11,nan,8
2022-10-11,null,8
2022-10-12,Darwin,1
2022-10-12,Linux,6
2022-10-12,nan,104
2022-10-12,null,104
2022-10-13,Linux,3
2022-10-13,nan,161
2022-10-13,null,161
2022-10-14,Darwin,1
2022-10-14,Linux,16
2022-10-14,Windows,1
2022-10-14,nan,66
2022-10-14,null,66
2022-10-15,Darwin,1
2022-10-15,Linux,15
2022-10-15,nan,87
2022-10-15,null,87
2022-10-16,Darwin,1
2022-10-16,Linux,9
2022-10-16,nan,66
2022-10-16,null,66
2022-10-17,Darwin,1
2022-10-17,Linux,14
2022-10-17,nan,38
2022-10-17,null,38
2022-10-18,CYGWIN_NT-10.0-WOW,20
2022-10-18,Darwin,1
2022-10-18,Linux,8
2022-10-18,Windows,1
2022-10-18,nan,94
2022-10-18,null,94
2022-10-19,Linux,10
2022-10-19,nan,123
2022-10-19,null,123
2022-10-20,Linux,8
2022-10-20,Windows,1
2022-10-20,nan,48
2022-10-20,null,48
2022-10-21,Darwin,1
2022-10-21,Linux,6
2022-10-21,Windows,1
2022-10-21,nan,65
2022-10-21,null,65
2022-10-22,Darwin,1
2022-10-22,Linux,14
2022-10-22,nan,144
2022-10-22,null,144
2022-10-23,Darwin,1
2022-10-23,nan,14
2022-10-23,null,14
2022-10-24,Darwin,2
2022-10-24,Linux,4
2022-10-24,nan,7
2022-10-24,null,7
2022-10-25,Darwin,2
2022-10-25,Linux,20
2022-10-25,nan,64
2022-10-25,null,64
2022-10-26,Linux,14
2022-10-26,Windows,1
2022-10-26,nan,121
2022-10-26,null,121
2022-10-27,Darwin,2
2022-10-27,Linux,7
2022-10-27,nan,66
2022-10-27,null,66
2022-10-28,Darwin,1
2022-10-28,Linux,6
2022-10-28,Windows,1
2022-10-28,nan,7
2022-10-28,null,7
2022-10-29,nan,130
2022-10-29,null,130
2022-10-30,Darwin,1
2022-10-30,Linux,4
2022-10-30,nan,133
2022-10-30,null,133
2022-10-31,Darwin,2
2022-10-31,Linux,2
2022-10-31,Windows,1
2022-10-31,nan,7
2022-10-31,null,7
2022-11-01,Linux,1
2022-11-01,nan,30
2022-11-01,null,30
2022-11-02,Linux,4
2022-11-02,Windows,1
2022-11-02,nan,47
2022-11-02,null,47
2022-11-03,Darwin,3
2022-11-03,Linux,3
2022-11-03,nan,19
2022-11-03,null,19
2022-11-04,Darwin,2
2022-11-04,Linux,5
2022-11-04,nan,75
2022-11-04,null,75
2022-11-05,Darwin,1
2022-11-05,Linux,3
2022-11-05,nan,71
2022-11-05,null,71
2022-11-06,Darwin,2
2022-11-06,Linux,7
2022-11-06,nan,163
2022-11-06,null,163
2022-11-07,Linux,7
2022-11-07,Windows,1
2022-11-07,nan,64
2022-11-07,null,64
2022-11-08,Linux,2
2022-11-08,nan,32
2022-11-08,null,32
2022-11-09,Darwin,3
2022-11-09,Linux,3
2022-11-09,Windows,2
2022-11-09,nan,7
2022-11-09,null,7
2022-11-10,Darwin,2
2022-11-10,Linux,15
2022-11-10,nan,214
2022-11-10,null,214
2022-11-11,Linux,9
2022-11-11,Windows,2
2022-11-11,nan,197
2022-11-11,null,197
2022-11-12,nan,106
2022-11-12,null,106
2022-11-13,Darwin,1
2022-11-13,Linux,1
2022-11-13,nan,97
2022-11-13,null,97
2022-11-14,Linux,18
2022-11-14,Windows,1
2022-11-14,nan,23
2022-11-14,null,23
2022-11-15,Darwin,5
2022-11-15,Linux,23
2022-11-15,nan,67
2022-11-15,null,67
2022-11-16,Darwin,2
2022-11-16,Linux,20
2022-11-16,Windows,1
2022-11-16,nan,11
2022-11-16,null,11
2022-11-17,Darwin,2
2022-11-17,Linux,20
2022-11-17,nan,97
2022-11-17,null,97
2022-11-18,Linux,1
2022-11-18,nan,70
2022-11-18,null,70
2022-11-19,Darwin,1
2022-11-19,Linux,2
2022-11-19,nan,111
2022-11-19,null,111
2022-11-20,Linux,5
2022-11-20,nan,32
2022-11-20,null,32
2022-11-21,Linux,5
2022-11-21,Windows,1
2022-11-21,nan,142
2022-11-21,null,142
2022-11-22,Darwin,1
2022-11-22,Linux,2
2022-11-22,Windows,2
2022-11-22,nan,5
2022-11-22,null,5
2022-11-23,Linux,13
2022-11-23,Windows,1
2022-11-23,nan,12
2022-11-23,null,12
2022-11-24,Darwin,1
2022-11-24,Linux,8
2022-11-24,nan,206
2022-11-24,null,206
2022-11-25,Darwin,1
2022-11-25,Linux,3
2022-11-25,nan,140
2022-11-25,null,140
2022-11-26,Linux,1
2022-11-26,nan,62
2022-11-26,null,62
2022-11-27,nan,137
2022-11-27,null,137
2022-11-28,Linux,12
2022-11-28,Windows,2
2022-11-28,nan,7
2022-11-28,null,7
2022-11-29,Darwin,1
2022-11-29,Linux,32
2022-11-29,Windows,1
2022-11-29,nan,131
2022-11-29,null,131
2022-11-30,Darwin,1
2022-11-30,Linux,33
2022-11-30,Windows,3
2022-11-30,nan,1
2022-11-30,null,1
2022-12-01,Linux,7
2022-12-01,nan,63
2022-12-01,null,63
2022-12-02,Darwin,2
2022-12-02,Linux,4
2022-12-02,nan,127
2022-12-02,null,127
2022-12-03,Darwin,2
2022-12-03,Linux,1
2022-12-03,nan,70
2022-12-03,null,70
2022-12-04,Darwin,1
2022-12-04,Linux,1
2022-12-04,Windows,1
2022-12-04,nan,4
2022-12-04,null,4
2022-12-05,Linux,7
2022-12-05,nan,7
2022-12-05,null,7
2022-12-06,Darwin,3
2022-12-06,Linux,18
2022-12-06,Windows,2
2022-12-06,nan,10
2022-12-06,null,10
2022-12-07,Darwin,1
2022-12-07,Linux,8
2022-12-07,nan,117
2022-12-07,null,117
2022-12-08,Darwin,2
2022-12-08,Linux,6
2022-12-08,nan,126
2022-12-08,null,126
2022-12-09,Darwin,2
2022-12-09,Linux,6
2022-12-09,nan,62
2022-12-09,null,62
2022-12-10,Linux,8
2022-12-10,nan,121
2022-12-10,null,121
2022-12-11,Darwin,1
2022-12-11,Linux,1
2022-12-11,Windows,1
2022-12-11,nan,85
2022-12-11,null,85
2022-12-12,Darwin,1
2022-12-12,Linux,4
2022-12-12,Windows,2
2022-12-12,nan,30
2022-12-12,null,30
2022-12-13,Linux,10
2022-12-13,Windows,1
2022-12-13,nan,20
2022-12-13,null,20
2022-12-14,Linux,5
2022-12-14,Windows,1
2022-12-14,nan,10
2022-12-14,null,10
2022-12-15,Darwin,1
2022-12-15,Linux,14
2022-12-15,nan,7
2022-12-15,null,7
2022-12-16,Linux,6
2022-12-16,nan,7
2022-12-16,null,7
2022-12-17,Darwin,1
2022-12-17,Linux,9
2022-12-17,nan,12
2022-12-17,null,12
2022-12-18,Linux,1
2022-12-18,nan,9
2022-12-18,null,9
2022-12-19,Linux,12
2022-12-19,nan,14
2022-12-19,null,14
2022-12-20,nan,76
2022-12-20,null,76
2022-12-21,Linux,1
2022-12-21,nan,100
2022-12-21,null,100
2022-12-22,Darwin,1
2022-12-22,Linux,4
2022-12-22,nan,41
2022-12-22,null,41
2022-12-23,Darwin,1
2022-12-23,Linux,4
2022-12-23,nan,20
2022-12-23,null,20
2022-12-24,Darwin,1
2022-12-24,Linux,9
2022-12-24,nan,1
2022-12-24,null,1
2022-12-25,nan,66
2022-12-25,null,66
2022-12-26,Linux,8
2022-12-26,nan,88
2022-12-26,null,88
2022-12-27,Linux,2
2022-12-27,Windows,1
2022-12-27,nan,128
2022-12-27,null,128
2022-12-28,Linux,8
2022-12-28,nan,44
2022-12-28,null,44
2022-12-29,Darwin,4
2022-12-29,Linux,12
2022-12-29,Windows,1
2022-12-29,nan,6
2022-12-29,null,6
2022-12-30,Darwin,1
2022-12-30,Linux,20
2022-12-30,nan,85
2022-12-30,null,85
2022-12-31,Linux,2
2022-12-31,nan,115
2022-12-31,null,115
2023-01-01,Linux,7
2023-01-01,nan,111
2023-01-01,null,111
2023-01-02,Darwin,2
2023-01-02,Linux,2
2023-01-02,nan,99
2023-01-02,null,99
2023-01-03,Linux,3
2023-01-03,nan,108
2023-01-03,null,108
2023-01-04,Linux,13
2023-01-04,nan,110
2023-01-04,null,110
2023-01-05,Darwin,1
2023-01-05,Linux,2
2023-01-05,Windows,2
2023-01-05,nan,94
2023-01-05,null,94
2023-01-06,Darwin,13
2023-01-06,Linux,21
2023-01-06,Windows,2
2023-01-06,nan,34
2023-01-06,null,34
2023-01-07,Darwin,1
2023-01-07,Linux,6
2023-01-07,nan,205
2023-01-07,null,205
2023-01-08,Darwin,3
2023-01-08,Linux,6
2023-01-08,nan,286
2023-01-08,null,286
2023-01-09,Darwin,2
2023-01-09,Linux,22
2023-01-09,Windows,4
2023-01-09,nan,73
2023-01-09,null,73
2023-01-10,Darwin,11
2023-01-10,Linux,29
2023-01-10,Windows,1
2023-01-10,nan,12
2023-01-10,null,12
2023-01-11,Darwin,3
2023-01-11,Linux,12
2023-01-11,Windows,1
2023-01-11,nan,53
2023-01-11,null,53
2023-01-12,Darwin,10
2023-01-12,Linux,23
2023-01-12,Windows,4
2023-01-12,nan,94
2023-01-12,null,94
2023-01-13,Darwin,2
2023-01-13,Linux,16
2023-01-13,Windows,4
2023-01-13,nan,46
2023-01-13,null,46
2023-01-14,Linux,5
2023-01-14,nan,71
2023-01-14,null,71
2023-01-15,Linux,11
2023-01-15,nan,12
2023-01-15,null,12
2023-01-16,Darwin,1
2023-01-16,Linux,9
2023-01-16,nan,28
2023-01-16,null,28
2023-01-17,Darwin,1
2023-01-17,Linux,15
2023-01-17,Windows,1
2023-01-17,nan,11
2023-01-17,null,11
2023-01-18,Darwin,1
2023-01-18,Linux,6
2023-01-18,Windows,1
2023-01-18,nan,2
2023-01-18,null,2
2023-01-19,Darwin,3
2023-01-19,Linux,8
2023-01-19,nan,36
2023-01-19,null,36
2023-01-20,Darwin,2
2023-01-20,Linux,24
2023-01-20,Windows,2
2023-01-20,nan,80
2023-01-20,null,80
2023-01-21,Linux,9
2023-01-21,nan,2
2023-01-21,null,2
2023-01-22,Darwin,2
2023-01-22,Linux,2
2023-01-22,nan,88
2023-01-22,null,88
2023-01-23,Darwin,1
2023-01-23,Linux,3
2023-01-23,Windows,3
2023-01-23,nan,1
2023-01-23,null,1
2023-01-24,Linux,3
2023-01-24,Windows,2
2023-01-24,nan,38
2023-01-24,null,38
2023-01-25,Darwin,3
2023-01-25,Linux,8
2023-01-25,nan,136
2023-01-25,null,136
2023-01-26,Darwin,1
2023-01-26,Linux,12
2023-01-26,Windows,1
2023-01-26,nan,4
2023-01-26,null,4
2023-01-27,Darwin,1
2023-01-27,Linux,8
2023-01-27,Windows,1
2023-01-27,nan,3
2023-01-27,null,3
2023-01-28,Linux,1
2023-01-28,nan,29
2023-01-28,null,29
2023-01-29,Darwin,1
2023-01-29,Linux,3
2023-01-29,Windows,1
2023-01-29,nan,53
2023-01-29,null,53
2023-01-30,Darwin,2
2023-01-30,Linux,5
2023-01-30,nan,2
2023-01-30,null,2
2023-01-31,Linux,4
2023-01-31,Windows,2
2023-01-31,nan,70
2023-01-31,null,70
2023-02-01,Darwin,1
2023-02-01,Linux,7
2023-02-01,nan,16
2023-02-01,null,16
2023-02-02,Darwin,1
2023-02-02,Linux,11
2023-02-02,Windows,4
2023-02-02,nan,68
2023-02-02,null,68
2023-02-03,Darwin,2
2023-02-03,Linux,6
2023-02-03,Windows,6
2023-02-04,Linux,7
2023-02-04,Windows,3
2023-02-04,nan,66
2023-02-04,null,66
2023-02-05,Darwin,2
2023-02-05,Linux,19
2023-02-05,Windows,8
2023-02-06,Darwin,1
2023-02-06,Linux,14
2023-02-07,Linux,6
2023-02-07,nan,22
2023-02-07,null,22
2023-02-08,Darwin,1
2023-02-08,Linux,11
2023-02-08,nan,67
2023-02-08,null,67
2023-02-09,Linux,9
2023-02-09,Windows,1
2023-02-10,Darwin,5
2023-02-10,Linux,1
2023-02-10,Windows,1
2023-02-10,nan,67
2023-02-10,null,67
2023-02-11,Linux,10
2023-02-11,nan,70
2023-02-11,null,70
2023-02-12,Linux,5
2023-02-12,Windows,1
2023-02-12,nan,162
2023-02-12,null,162
2023-02-13,Linux,1
2023-02-13,nan,219
2023-02-13,null,219
2023-02-14,Darwin,1
2023-02-14,Linux,2
2023-02-14,Windows,2
2023-02-14,nan,5
2023-02-14,null,5
2023-02-15,Linux,33
2023-02-15,Windows,1
2023-02-15,nan,156
2023-02-15,null,156
2023-02-16,Linux,17
2023-02-16,nan,144
2023-02-16,null,144
2023-02-17,Darwin,1
2023-02-17,Linux,4
2023-02-17,nan,201
2023-02-17,null,201
2023-02-18,Darwin,1
2023-02-18,Linux,10
2023-02-18,nan,6
2023-02-18,null,6
2023-02-19,Linux,5
2023-02-19,Windows,1
2023-02-19,nan,74
2023-02-19,null,74
2023-02-20,Darwin,1
2023-02-20,Linux,8
2023-02-20,Windows,1
2023-02-20,nan,1
2023-02-20,null,1
2023-02-21,CYGWIN_NT-10.0-19044,1
2023-02-21,Linux,45
2023-02-21,Windows,1
2023-02-21,nan,10
2023-02-21,null,10
2023-02-22,Darwin,2
2023-02-22,Linux,59
2023-02-22,nan,157
2023-02-22,null,157
2023-02-23,Darwin,2
2023-02-23,Linux,25
2023-02-23,Windows,3
2023-02-23,nan,10
2023-02-23,null,10
2023-02-24,Darwin,5
2023-02-24,Linux,33
2023-02-24,nan,241
2023-02-24,null,241
2023-02-25,Linux,48
2023-02-25,nan,22
2023-02-25,null,22
2023-02-26,Linux,21
2023-02-26,nan,11
2023-02-26,null,11
2023-02-27,Darwin,1
2023-02-27,Linux,35
2023-02-27,nan,131
2023-02-27,null,131
2023-02-28,Darwin,1
2023-02-28,Linux,22
2023-02-28,nan,19
2023-02-28,null,19
2023-03-01,Linux,22
2023-03-01,nan,172
2023-03-01,null,172
2023-03-02,Darwin,2
2023-03-02,Linux,9
2023-03-02,Windows,1
2023-03-02,nan,87
2023-03-02,null,87
2023-03-03,Darwin,1
2023-03-03,Linux,2
2023-03-03,Windows,2
2023-03-03,nan,32
2023-03-03,null,32
2023-03-04,nan,169
2023-03-04,null,169
2023-03-05,nan,67
2023-03-05,null,67
2023-03-06,Linux,11
2023-03-06,nan,1
2023-03-06,null,1
2023-03-07,Darwin,2
2023-03-07,Linux,25
2023-03-07,Windows,1
2023-03-07,nan,68
2023-03-07,null,68
2023-03-08,Darwin,2
2023-03-08,Linux,3
2023-03-08,Windows,2
2023-03-08,nan,68
2023-03-08,null,68
2023-03-09,Darwin,1
2023-03-09,Linux,8
2023-03-09,nan,10
2023-03-09,null,10
2023-03-10,Darwin,2
2023-03-10,Linux,10
2023-03-10,nan,105
2023-03-10,null,105
2023-03-11,Linux,10
2023-03-11,nan,244
2023-03-11,null,244
2023-03-12,Linux,6
2023-03-12,Windows,1
2023-03-12,nan,61
2023-03-12,null,61
2023-03-13,Linux,9
2023-03-13,Windows,1
2023-03-13,nan,68
2023-03-13,null,68
2023-03-14,Linux,17
2023-03-14,Windows,2
2023-03-14,nan,65
2023-03-14,null,65
2023-03-15,Darwin,3
2023-03-15,Linux,43
2023-03-15,nan,296
2023-03-15,null,296
2023-03-16,Darwin,1
2023-03-16,Linux,39
2023-03-16,nan,4
2023-03-16,null,4
2023-03-17,Darwin,1
2023-03-17,Linux,20
2023-03-17,nan,19
2023-03-17,null,19
2023-03-18,Linux,23
2023-03-18,nan,71
2023-03-18,null,71
2023-03-19,Darwin,1
2023-03-19,Linux,16
2023-03-19,Windows,1
2023-03-19,nan,110
2023-03-19,null,110
2023-03-20,Darwin,5
2023-03-20,Linux,11
2023-03-20,Windows,4
2023-03-20,nan,364
2023-03-20,null,364
2023-03-21,Darwin,2
2023-03-21,Linux,13
2023-03-21,Windows,1
2023-03-21,nan,215
2023-03-21,null,215
2023-03-22,Linux,9
2023-03-22,nan,13
2023-03-22,null,13
2023-03-23,Darwin,4
2023-03-23,Linux,6
2023-03-23,Windows,2
2023-03-23,nan,38
2023-03-23,null,38
2023-03-24,Darwin,2
2023-03-24,Linux,12
2023-03-24,Windows,1
2023-03-24,nan,160
2023-03-24,null,160
2023-03-25,Darwin,1
2023-03-25,Linux,3
2023-03-25,nan,74
2023-03-25,null,74
2023-03-26,Linux,18
2023-03-26,nan,214
2023-03-26,null,214
2023-03-27,Darwin,3
2023-03-27,Linux,4
2023-03-27,Windows,1
2023-03-27,nan,69
2023-03-27,null,69
2023-03-28,Linux,19
2023-03-28,nan,3
2023-03-28,null,3
2023-03-29,Darwin,1
2023-03-29,Linux,20
2023-03-29,Windows,1
2023-03-29,nan,84
2023-03-29,null,84
2023-03-30,Darwin,2
2023-03-30,Linux,5
2023-03-30,Windows,1
2023-03-30,nan,149
2023-03-30,null,149
2023-03-31,Darwin,1
2023-03-31,Linux,6
2023-03-31,Windows,1
2023-03-31,nan,150
2023-03-31,null,150
2023-04-01,Darwin,2
2023-04-01,Linux,2
2023-04-01,nan,19
2023-04-01,null,19
2023-04-02,Darwin,3
2023-04-02,Linux,2
2023-04-02,nan,22
2023-04-02,null,22
2023-04-03,Darwin,3
2023-04-03,Linux,5
2023-04-03,Windows,1
2023-04-03,nan,7
2023-04-03,null,7
2023-04-04,Darwin,3
2023-04-04,Linux,9
2023-04-04,Windows,2
2023-04-04,nan,233
2023-04-04,null,233
2023-04-05,Darwin,1
2023-04-05,nan,21
2023-04-05,null,21
2023-04-06,Darwin,4
2023-04-06,Linux,11
2023-04-06,Windows,1
2023-04-06,nan,80
2023-04-06,null,80
2023-04-07,Darwin,1
2023-04-07,Linux,2
2023-04-07,nan,171
2023-04-07,null,171
2023-04-08,Darwin,2
2023-04-08,Linux,3
2023-04-08,Windows,1
2023-04-08,nan,31
2023-04-08,null,31
2023-04-09,Darwin,1
2023-04-09,Linux,4
2023-04-09,nan,15
2023-04-09,null,15
2023-04-10,Darwin,2
2023-04-10,Linux,3
2023-04-10,nan,65
2023-04-10,null,65
2023-04-11,Darwin,3
2023-04-11,Linux,11
2023-04-11,Windows,3
2023-04-11,nan,118
2023-04-11,null,118
2023-04-12,Darwin,3
2023-04-12,Linux,2
2023-04-12,nan,154
2023-04-12,null,154
2023-04-13,Darwin,5
2023-04-13,Linux,15
2023-04-13,Windows,3
2023-04-13,nan,77
2023-04-13,null,77
2023-04-14,Linux,12
2023-04-14,nan,31
2023-04-14,null,31
2023-04-15,Darwin,1
2023-04-15,nan,23
2023-04-15,null,23
2023-04-16,Darwin,1
2023-04-16,Linux,2
2023-04-16,nan,76
2023-04-16,null,76
2023-04-17,Darwin,2
2023-04-17,Linux,1
2023-04-17,nan,72
2023-04-17,null,72
2023-04-18,Darwin,2
2023-04-18,Linux,7
2023-04-18,Windows,1
2023-04-18,nan,51
2023-04-18,null,51
2023-04-19,Darwin,1
2023-04-19,Linux,11
2023-04-19,Windows,1
2023-04-19,nan,80
2023-04-19,null,80
2023-04-20,Darwin,3
2023-04-20,Linux,6
2023-04-20,nan,50
2023-04-20,null,50
2023-04-21,CYGWIN_NT-10.0-19045,1
2023-04-21,Darwin,3
2023-04-21,Linux,5
2023-04-21,nan,113
2023-04-21,null,113
2023-04-22,CYGWIN_NT-10.0-19045,1
2023-04-22,Darwin,1
2023-04-22,Linux,9
2023-04-22,nan,194
2023-04-22,null,194
2023-04-23,Linux,4
2023-04-23,nan,113
2023-04-23,null,113
2023-04-24,Darwin,2
2023-04-24,Linux,1
2023-04-24,nan,99
2023-04-24,null,99
2023-04-25,Darwin,7
2023-04-25,Linux,5
2023-04-25,Windows,1
2023-04-25,nan,200
2023-04-25,null,200
2023-04-26,Darwin,5
2023-04-26,Linux,2
2023-04-26,nan,118
2023-04-26,null,118
2023-04-27,Darwin,1
2023-04-27,Linux,3
2023-04-27,nan,57
2023-04-27,null,57
2023-04-28,Darwin,2
2023-04-28,nan,38
2023-04-28,null,38
2023-04-29,Darwin,2
2023-04-29,nan,197
2023-04-29,null,197
2023-04-30,Darwin,2
2023-04-30,nan,73
2023-04-30,null,73
2023-05-01,Darwin,4
2023-05-01,Linux,5
2023-05-01,nan,27
2023-05-01,null,27
2023-05-02,Darwin,7
2023-05-02,Linux,22
2023-05-02,nan,203
2023-05-02,null,203
2023-05-03,Darwin,3
2023-05-03,Linux,4
2023-05-03,Windows,1
2023-05-03,nan,116
2023-05-03,null,116
2023-05-04,Darwin,2
2023-05-04,Linux,11
2023-05-04,nan,98
2023-05-04,null,98
2023-05-05,Darwin,2
2023-05-05,Linux,6
2023-05-05,nan,34
2023-05-05,null,34
2023-05-06,Darwin,1
2023-05-06,Linux,3
2023-05-06,Windows,1
2023-05-06,nan,10
2023-05-06,null,10
2023-05-07,Darwin,1
2023-05-07,Linux,1
2023-05-07,Windows,1
2023-05-07,nan,21
2023-05-07,null,21
2023-05-08,Darwin,3
2023-05-08,Linux,6
2023-05-08,nan,113
2023-05-08,null,113
2023-05-09,Darwin,1
2023-05-09,Linux,19
2023-05-09,Windows,1
2023-05-09,nan,4
2023-05-09,null,4
2023-05-10,Darwin,3
2023-05-10,Linux,10
2023-05-10,Windows,1
2023-05-10,nan,30
2023-05-10,null,30
2023-05-11,Darwin,1
2023-05-11,Linux,16
2023-05-11,nan,140
2023-05-11,null,140
2023-05-12,Darwin,3
2023-05-12,Linux,5
2023-05-12,nan,208
2023-05-12,null,208
2023-05-13,Darwin,1
2023-05-13,Linux,4
2023-05-13,nan,87
2023-05-13,null,87
2023-05-14,Darwin,1
2023-05-14,Linux,4
2023-05-14,nan,79
2023-05-14,null,79
2023-05-15,Darwin,2
2023-05-15,Linux,14
2023-05-15,Windows,1
2023-05-15,nan,37
2023-05-15,null,37
2023-05-16,Darwin,3
2023-05-16,Linux,24
2023-05-16,Windows,1
2023-05-16,nan,331
2023-05-16,null,331
2023-05-17,Darwin,2
2023-05-17,Linux,14
2023-05-17,Windows,2
2023-05-17,nan,146
2023-05-17,null,146
2023-05-18,Darwin,1
2023-05-18,Linux,6
2023-05-18,Windows,1
2023-05-18,nan,98
2023-05-18,null,98
2023-05-19,Darwin,3
2023-05-19,Linux,11
2023-05-19,nan,115
2023-05-19,null,115
2023-05-20,Darwin,1
2023-05-20,Linux,2
2023-05-20,nan,263
2023-05-20,null,263
2023-05-21,Darwin,2
2023-05-21,Linux,2
2023-05-21,nan,48
2023-05-21,null,48
2023-05-22,Darwin,5
2023-05-22,Linux,21
2023-05-22,Windows,3
2023-05-22,nan,123
2023-05-22,null,123
2023-05-23,Darwin,3
2023-05-23,Linux,29
2023-05-23,Windows,1
2023-05-23,nan,165
2023-05-23,null,165
2023-05-24,Darwin,3
2023-05-24,Linux,23
2023-05-24,Windows,1
2023-05-24,nan,97
2023-05-24,null,97
2023-05-25,Darwin,3
2023-05-25,Linux,8
2023-05-25,Windows,2
2023-05-25,nan,18
2023-05-25,null,18
2023-05-26,Darwin,4
2023-05-26,Linux,5
2023-05-26,Windows,2
2023-05-26,nan,2
2023-05-26,null,2
2023-05-27,Darwin,2
2023-05-27,Linux,5
2023-05-27,nan,26
2023-05-27,null,26
2023-05-28,Darwin,1
2023-05-28,Linux,11
2023-05-28,nan,6
2023-05-28,null,6
2023-05-29,Darwin,1
2023-05-29,Linux,9
2023-05-29,nan,17
2023-05-29,null,17
2023-05-30,Darwin,4
2023-05-30,Linux,10
2023-05-30,Windows,2
2023-05-30,nan,135
2023-05-30,null,135
2023-05-31,Darwin,2
2023-05-31,Linux,9
2023-05-31,Windows,1
2023-05-31,nan,63
2023-05-31,null,63
2023-06-01,Darwin,1
2023-06-01,Linux,26
2023-06-01,Windows,1
2023-06-01,nan,92
2023-06-01,null,92
2023-06-02,Darwin,1
2023-06-02,Linux,9
2023-06-02,nan,69
2023-06-02,null,69
2023-06-03,Darwin,2
2023-06-03,Linux,7
2023-06-03,nan,57
2023-06-03,null,57
2023-06-04,Darwin,1
2023-06-04,Linux,3
2023-06-04,nan,92
2023-06-04,null,92
2023-06-05,Darwin,2
2023-06-05,Linux,10
2023-06-05,Windows,1
2023-06-05,nan,218
2023-06-05,null,218
2023-06-06,Darwin,2
2023-06-06,Linux,9
2023-06-06,nan,71
2023-06-06,null,71
2023-06-07,Darwin,1
2023-06-07,Linux,7
2023-06-07,nan,214
2023-06-07,null,214
2023-06-08,Darwin,1
2023-06-08,Linux,7
2023-06-08,Windows,1
2023-06-08,nan,65
2023-06-08,null,65
2023-06-09,Darwin,1
2023-06-09,Linux,86
2023-06-09,Windows,1
2023-06-09,nan,79
2023-06-09,null,79
2023-06-10,Darwin,1
2023-06-10,Linux,115
2023-06-10,nan,249
2023-06-10,null,249
2023-06-11,Darwin,1
2023-06-11,Linux,146
2023-06-11,Windows,1
2023-06-11,nan,173
2023-06-11,null,173
2023-06-12,Darwin,3
2023-06-12,Linux,116
2023-06-12,nan,157
2023-06-12,null,157
2023-06-13,Darwin,6
2023-06-13,Linux,2
2023-06-13,Windows,1
2023-06-13,nan,67
2023-06-13,null,67
2023-06-14,Darwin,2
2023-06-14,Linux,5
2023-06-14,Windows,1
2023-06-14,nan,103
2023-06-14,null,103
2023-06-15,Darwin,2
2023-06-15,Linux,7
2023-06-15,nan,204
2023-06-15,null,204
2023-06-16,Darwin,2
2023-06-16,Linux,81
2023-06-16,nan,189
2023-06-16,null,189
2023-06-17,Darwin,2
2023-06-17,Linux,4
2023-06-17,nan,147
2023-06-17,null,147
2023-06-18,Darwin,2
2023-06-18,Linux,2
2023-06-18,nan,99
2023-06-18,null,99
2023-06-19,Darwin,1
2023-06-19,Linux,11
2023-06-19,Windows,1
2023-06-19,nan,151
2023-06-19,null,151
2023-06-20,Darwin,1
2023-06-20,Linux,9
2023-06-20,nan,86
2023-06-20,null,86
2023-06-21,Darwin,3
2023-06-21,Linux,10
2023-06-21,nan,227
2023-06-21,null,227
2023-06-22,Darwin,3
2023-06-22,Linux,14
2023-06-22,nan,172
2023-06-22,null,172
2023-06-23,Darwin,2
2023-06-23,Linux,7
2023-06-23,Windows,1
2023-06-23,nan,179
2023-06-23,null,179
2023-06-24,Darwin,1
2023-06-24,Linux,5
2023-06-24,nan,105
2023-06-24,null,105
2023-06-25,Darwin,3
2023-06-25,Linux,3
2023-06-25,nan,50
2023-06-25,null,50
2023-06-26,Darwin,3
2023-06-26,Linux,13
2023-06-26,nan,168
2023-06-26,null,168
2023-06-27,Darwin,5
2023-06-27,Linux,10
2023-06-27,Windows,1
2023-06-27,nan,177
2023-06-27,null,177
2023-06-28,Darwin,1
2023-06-28,Linux,9
2023-06-28,Windows,1
2023-06-28,nan,99
2023-06-28,null,99
2023-06-29,Darwin,2
2023-06-29,Linux,3
2023-06-29,nan,84
2023-06-29,null,84
2023-06-30,Darwin,2
2023-06-30,Linux,7
2023-06-30,nan,109
2023-06-30,null,109
2023-07-01,Darwin,1
2023-07-01,Windows,1
2023-07-01,nan,83
2023-07-01,null,83
2023-07-02,Darwin,1
2023-07-02,Linux,14
2023-07-02,Windows,1
2023-07-02,nan,189
2023-07-02,null,189
2023-07-03,Darwin,3
2023-07-03,Linux,11
2023-07-03,nan,157
2023-07-03,null,157
2023-07-04,Darwin,2
2023-07-04,Linux,6
2023-07-04,nan,187
2023-07-04,null,187
2023-07-05,Darwin,2
2023-07-05,Linux,4
2023-07-05,nan,109
2023-07-05,null,109
2023-07-06,Darwin,1
2023-07-06,Linux,18
2023-07-06,Windows,2
2023-07-06,nan,107
2023-07-06,null,107
2023-07-07,Darwin,3
2023-07-07,Linux,4
2023-07-07,nan,182
2023-07-07,null,182
2023-07-08,Darwin,1
2023-07-08,Linux,3
2023-07-08,nan,110
2023-07-08,null,110
2023-07-09,Darwin,1
2023-07-09,Linux,3
2023-07-09,nan,216
2023-07-09,null,216
2023-07-10,Darwin,2
2023-07-10,Linux,7
2023-07-10,nan,125
2023-07-10,null,125
2023-07-11,Darwin,2
2023-07-11,Linux,6
2023-07-11,Windows,1
2023-07-11,nan,172
2023-07-11,null,172
2023-07-12,Darwin,4
2023-07-12,Linux,29
2023-07-12,Windows,3
2023-07-12,nan,216
2023-07-12,null,216
2023-07-13,Darwin,4
2023-07-13,Linux,13
2023-07-13,nan,73
2023-07-13,null,73
2023-07-14,Darwin,3
2023-07-14,Linux,11
2023-07-14,Windows,1
2023-07-14,nan,39
2023-07-14,null,39
2023-07-15,Darwin,1
2023-07-15,Linux,4
2023-07-15,nan,172
2023-07-15,null,172
2023-07-16,Darwin,2
2023-07-16,Linux,4
2023-07-16,nan,271
2023-07-16,null,271
2023-07-17,Darwin,3
2023-07-17,Linux,8
2023-07-17,nan,89
2023-07-17,null,89
2023-07-18,Darwin,1
2023-07-18,Linux,27
2023-07-18,nan,77
2023-07-18,null,77
2023-07-19,Darwin,4
2023-07-19,Linux,4
2023-07-19,Windows,1
2023-07-19,nan,152
2023-07-19,null,152
2023-07-20,Darwin,4
2023-07-20,Linux,5
2023-07-20,nan,122
2023-07-20,null,122
2023-07-21,Darwin,6
2023-07-21,Linux,4
2023-07-21,nan,63
2023-07-21,null,63
2023-07-22,Darwin,1
2023-07-22,Linux,4
2023-07-22,Windows,1
2023-07-22,nan,111
2023-07-22,null,111
2023-07-23,Darwin,2
2023-07-23,Linux,1
2023-07-23,nan,110
2023-07-23,null,110
2023-07-24,Darwin,3
2023-07-24,Linux,10
2023-07-24,Windows,2
2023-07-24,nan,95
2023-07-24,null,95
2023-07-25,Darwin,2
2023-07-25,Linux,10
2023-07-25,Windows,3
2023-07-25,nan,67
2023-07-25,null,67
2023-07-26,Darwin,8
2023-07-26,Linux,14
2023-07-26,Windows,2
2023-07-26,nan,211
2023-07-26,null,211
2023-07-27,Darwin,2
2023-07-27,Linux,4
2023-07-27,nan,65
2023-07-27,null,65
2023-07-28,Darwin,2
2023-07-28,Linux,2
2023-07-28,nan,113
2023-07-28,null,113
2023-07-29,Darwin,1
2023-07-29,nan,437
2023-07-29,null,437
2023-07-30,Darwin,1
2023-07-30,nan,159
2023-07-30,null,159
2023-07-31,Darwin,4
2023-07-31,Linux,4
2023-07-31,Windows,1
2023-07-31,nan,353
2023-07-31,null,353
2023-08-01,Darwin,2
2023-08-01,Linux,5
2023-08-01,nan,194
2023-08-01,null,194
2023-08-02,Darwin,4
2023-08-02,Linux,6
2023-08-02,nan,87
2023-08-02,null,87
2023-08-03,Darwin,3
2023-08-03,Linux,5
2023-08-03,Windows,1
2023-08-03,nan,52
2023-08-03,null,52
2023-08-04,Darwin,3
2023-08-04,Linux,9
2023-08-04,Windows,1
2023-08-04,nan,174
2023-08-04,null,174
2023-08-05,Darwin,4
2023-08-05,Linux,7
2023-08-05,Windows,1
2023-08-05,nan,153
2023-08-05,null,153
2023-08-06,Darwin,2
2023-08-06,Linux,1
2023-08-06,Windows,1
2023-08-06,nan,234
2023-08-06,null,234
2023-08-07,Darwin,2
2023-08-07,Linux,38
2023-08-07,nan,264
2023-08-07,null,264
2023-08-08,Darwin,5
2023-08-08,Linux,18
2023-08-08,Windows,2
2023-08-08,nan,330
2023-08-08,null,330
2023-08-09,Darwin,3
2023-08-09,Linux,19
2023-08-09,Windows,1
2023-08-09,nan,371
2023-08-09,null,371
2023-08-10,Darwin,3
2023-08-10,Linux,15
2023-08-10,nan,200
2023-08-10,null,200
2023-08-11,Darwin,7
2023-08-11,Linux,11
2023-08-11,Windows,2
2023-08-11,nan,303
2023-08-11,null,303
2023-08-12,Darwin,2
2023-08-12,Linux,1
2023-08-12,Windows,1
2023-08-12,nan,207
2023-08-12,null,207
2023-08-13,Darwin,2
2023-08-13,Linux,6
2023-08-13,nan,168
2023-08-13,null,168
2023-08-14,Darwin,3
2023-08-14,Linux,9
2023-08-14,Windows,1
2023-08-14,nan,43
2023-08-14,null,43
2023-08-15,Darwin,13
2023-08-15,Linux,5
2023-08-15,Windows,1
2023-08-15,nan,94
2023-08-15,null,94
2023-08-16,Darwin,5
2023-08-16,Linux,26
2023-08-16,Windows,2
2023-08-16,nan,22
2023-08-16,null,22
2023-08-17,Darwin,5
2023-08-17,Linux,16
2023-08-17,Windows,9
2023-08-17,nan,3
2023-08-17,null,3
2023-08-18,Darwin,2
2023-08-18,Linux,7
2023-08-18,Windows,2
2023-08-18,nan,26
2023-08-18,null,26
2023-08-19,Darwin,2
2023-08-19,Linux,4
2023-08-19,nan,103
2023-08-19,null,103
2023-08-20,Darwin,2
2023-08-20,nan,2
2023-08-20,null,2
2023-08-21,Darwin,2
2023-08-21,Linux,19
2023-08-21,Windows,3
2023-08-21,nan,48
2023-08-21,null,48
2023-08-22,Darwin,7
2023-08-22,Linux,8
2023-08-22,nan,32
2023-08-22,null,32
2023-08-23,Darwin,3
2023-08-23,Linux,6
2023-08-23,nan,44
2023-08-23,null,44
2023-08-24,Darwin,2
2023-08-24,Linux,6
2023-08-24,Windows,2
2023-08-24,nan,264
2023-08-24,null,264
2023-08-25,Darwin,2
2023-08-25,Linux,2
2023-08-25,nan,104
2023-08-25,null,104
2023-08-26,Darwin,2
2023-08-26,Linux,3
2023-08-26,Windows,2
2023-08-26,nan,2
2023-08-26,null,2
2023-08-27,Darwin,2
2023-08-27,Linux,1
2023-08-27,nan,1
2023-08-27,null,1
2023-08-28,Darwin,2
2023-08-28,Linux,5
2023-08-28,nan,46
2023-08-28,null,46
2023-08-29,Darwin,4
2023-08-29,Linux,5
2023-08-29,nan,20
2023-08-29,null,20
2023-08-30,Darwin,4
2023-08-30,Windows,4
2023-08-30,nan,120
2023-08-30,null,120
2023-08-31,Darwin,3
2023-08-31,Linux,6
2023-08-31,nan,14
2023-08-31,null,14
2023-09-01,Darwin,6
2023-09-01,Linux,3
2023-09-01,Windows,1
2023-09-01,nan,192
2023-09-01,null,192
2023-09-02,Darwin,2
2023-09-02,Linux,1
2023-09-02,nan,74
2023-09-02,null,74
2023-09-03,Darwin,2
2023-09-03,Linux,4
2023-09-03,nan,115
2023-09-03,null,115
2023-09-04,Darwin,2
2023-09-04,Linux,10
2023-09-04,nan,65
2023-09-04,null,65
2023-09-05,Darwin,4
2023-09-05,Linux,1
2023-09-05,nan,87
2023-09-05,null,87
2023-09-06,Darwin,4
2023-09-06,Linux,12
2023-09-06,nan,156
2023-09-06,null,156
2023-09-07,Darwin,3
2023-09-07,Linux,6
2023-09-07,Windows,1
2023-09-07,nan,60
2023-09-07,null,60
2023-09-08,Darwin,2
2023-09-08,Linux,2
2023-09-08,nan,143
2023-09-08,null,143
2023-09-09,Darwin,2
2023-09-09,Linux,2
2023-09-09,Windows,1
2023-09-09,nan,125
2023-09-09,null,125
2023-09-10,Darwin,2
2023-09-10,nan,237
2023-09-10,null,237
2023-09-11,Darwin,2
2023-09-11,Linux,8
2023-09-11,Windows,1
2023-09-11,nan,23
2023-09-11,null,23
2023-09-12,Darwin,2
2023-09-12,Linux,3
2023-09-12,Windows,1
2023-09-12,nan,73
2023-09-12,null,73
2023-09-13,Darwin,5
2023-09-13,Linux,3
2023-09-13,Windows,1
2023-09-13,nan,42
2023-09-13,null,42
2023-09-14,Darwin,21
2023-09-14,Linux,12
2023-09-14,Windows,14
2023-09-14,nan,27
2023-09-14,null,27
2023-09-15,Darwin,2
2023-09-15,Linux,3
2023-09-15,nan,55
2023-09-15,null,55
2023-09-16,Linux,1
2023-09-16,nan,2
2023-09-16,null,2
2023-09-17,Linux,10
2023-09-17,nan,23
2023-09-17,null,23
2023-09-18,Darwin,2
2023-09-18,Linux,19
2023-09-18,nan,59
2023-09-18,null,59
2023-09-19,Darwin,3
2023-09-19,Linux,15
2023-09-19,Windows,32
2023-09-19,nan,23
2023-09-19,null,23
2023-09-20,Darwin,2
2023-09-20,Linux,14
2023-09-20,nan,98
2023-09-20,null,98
2023-09-21,Darwin,5
2023-09-21,Linux,12
2023-09-21,Windows,2
2023-09-21,nan,47
2023-09-21,null,47
2023-09-22,Darwin,2
2023-09-22,Linux,8
2023-09-22,nan,49
2023-09-22,null,49
2023-09-23,Darwin,2
2023-09-23,Linux,8
2023-09-23,nan,222
2023-09-23,null,222
2023-09-24,Darwin,4
2023-09-24,Linux,10
2023-09-24,nan,107
2023-09-24,null,107
2023-09-25,Darwin,2
2023-09-25,Linux,16
2023-09-25,nan,187
2023-09-25,null,187
2023-09-26,Darwin,8
2023-09-26,Linux,7
2023-09-26,nan,41
2023-09-26,null,41
2023-09-27,Darwin,4
2023-09-27,Linux,8
2023-09-27,nan,54
2023-09-27,null,54
2023-09-28,Darwin,4
2023-09-28,Linux,9
2023-09-28,Windows,1
2023-09-28,nan,35
2023-09-28,null,35
2023-09-29,Darwin,6
2023-09-29,Linux,4
2023-09-29,Windows,2
2023-09-29,nan,20
2023-09-29,null,20
2023-09-30,Darwin,4
2023-09-30,Linux,4
2023-09-30,nan,9
2023-09-30,null,9
2023-10-01,Darwin,2
2023-10-01,Linux,1
2023-10-01,nan,17
2023-10-01,null,17
2023-10-02,Darwin,9
2023-10-02,Linux,8
2023-10-02,Windows,1
2023-10-02,nan,47
2023-10-02,null,47
2023-10-03,Darwin,10
2023-10-03,Linux,17
2023-10-03,Windows,5
2023-10-03,nan,185
2023-10-03,null,185
2023-10-04,Darwin,2
2023-10-04,Linux,7
2023-10-04,nan,30
2023-10-04,null,30
2023-10-05,Darwin,3
2023-10-05,Linux,8
2023-10-05,Windows,3
2023-10-05,nan,15
2023-10-05,null,15
2023-10-06,Darwin,4
2023-10-06,Linux,10
2023-10-06,Windows,3
2023-10-06,nan,13
2023-10-06,null,13
2023-10-07,Darwin,4
2023-10-07,Linux,5
2023-10-07,nan,94
2023-10-07,null,94
2023-10-08,Darwin,4
2023-10-08,Linux,1
2023-10-08,nan,174
2023-10-08,null,174
2023-10-09,Darwin,2
2023-10-09,Linux,11
2023-10-09,Windows,2
2023-10-09,nan,23
2023-10-09,null,23
2023-10-10,Darwin,7
2023-10-10,Linux,17
2023-10-10,Windows,1
2023-10-10,nan,97
2023-10-10,null,97
2023-10-11,Darwin,4
2023-10-11,Linux,15
2023-10-11,nan,19
2023-10-11,null,19
2023-10-12,Darwin,4
2023-10-12,Linux,22
2023-10-12,Windows,2
2023-10-12,nan,11
2023-10-12,null,11
2023-10-13,Darwin,3
2023-10-13,Linux,12
2023-10-13,nan,14
2023-10-13,null,14
2023-10-14,Darwin,4
2023-10-14,Linux,9
2023-10-14,Windows,4
2023-10-14,nan,18
2023-10-14,null,18
2023-10-15,Darwin,4
2023-10-15,Linux,3
2023-10-15,nan,16
2023-10-15,null,16
2023-10-16,Darwin,8
2023-10-16,Linux,16
2023-10-16,Windows,4
2023-10-16,nan,32
2023-10-16,null,32
2023-10-17,Darwin,4
2023-10-17,Linux,9
2023-10-17,Windows,2
2023-10-17,nan,31
2023-10-17,null,31
2023-10-18,Darwin,2
2023-10-18,Linux,11
2023-10-18,nan,69
2023-10-18,null,69
2023-10-19,Darwin,5
2023-10-19,Linux,9
2023-10-19,Windows,6
2023-10-19,nan,2
2023-10-19,null,2
2023-10-20,Darwin,5
2023-10-20,Linux,13
2023-10-20,nan,107
2023-10-20,null,107
2023-10-21,Darwin,4
2023-10-21,Linux,4
2023-10-21,nan,16
2023-10-21,null,16
2023-10-22,Darwin,2
2023-10-22,Linux,2
2023-10-22,Windows,2
2023-10-22,nan,11
2023-10-22,null,11
2023-10-23,Darwin,2
2023-10-23,Linux,21
2023-10-23,nan,6
2023-10-23,null,6
2023-10-24,Darwin,5
2023-10-24,Linux,10
2023-10-24,nan,102
2023-10-24,null,102
2023-10-25,Darwin,3
2023-10-25,Linux,9
2023-10-25,Windows,4
2023-10-25,nan,131
2023-10-25,null,131
2023-10-26,Darwin,10
2023-10-26,Linux,25
2023-10-26,nan,91
2023-10-26,null,91
2023-10-27,Linux,10
2023-10-27,nan,184
2023-10-27,null,184
2023-10-28,Darwin,2
2023-10-28,Linux,3
2023-10-28,nan,110
2023-10-28,null,110
2023-10-29,Darwin,2
2023-10-29,Linux,2
2023-10-29,Windows,1
2023-10-29,nan,103
2023-10-29,null,103
2023-10-30,Darwin,2
2023-10-30,Linux,12
2023-10-30,Windows,7
2023-10-30,nan,122
2023-10-30,null,122
2023-10-31,Darwin,2
2023-10-31,Linux,6
2023-10-31,nan,212
2023-10-31,null,212
2023-11-01,Darwin,2
2023-11-01,Linux,8
2023-11-01,nan,31
2023-11-01,null,31
2023-11-02,Darwin,2
2023-11-02,Linux,10
2023-11-02,Windows,9
2023-11-02,nan,89
2023-11-02,null,89
2023-11-03,Darwin,3
2023-11-03,Linux,7
2023-11-03,Windows,2
2023-11-03,nan,91
2023-11-03,null,91
2023-11-04,Darwin,3
2023-11-04,Linux,1
2023-11-04,nan,14
2023-11-04,null,14
2023-11-05,Darwin,2
2023-11-05,Linux,10
2023-11-05,nan,12
2023-11-05,null,12
2023-11-06,Darwin,4
2023-11-06,Linux,17
2023-11-06,nan,47
2023-11-06,null,47
2023-11-07,Darwin,2
2023-11-07,Linux,13
2023-11-07,Windows,1
2023-11-07,nan,109
2023-11-07,null,109
2023-11-08,Darwin,2
2023-11-08,Linux,5
2023-11-08,nan,13
2023-11-08,null,13
2023-11-09,Darwin,5
2023-11-09,Linux,13
2023-11-09,nan,2
2023-11-09,null,2
2023-11-10,Darwin,3
2023-11-10,Linux,19
2023-11-10,Windows,4
2023-11-10,nan,18
2023-11-10,null,18
2023-11-11,Darwin,2
2023-11-11,Linux,9
2023-11-11,nan,8
2023-11-11,null,8
2023-11-12,Darwin,6
2023-11-12,Linux,27
2023-11-12,Windows,2
2023-11-12,nan,211
2023-11-12,null,211
2023-11-13,Darwin,4
2023-11-13,Linux,21
2023-11-13,nan,136
2023-11-13,null,136
2023-11-14,Darwin,4
2023-11-14,Linux,21
2023-11-14,Windows,2
2023-11-14,nan,54
2023-11-14,null,54
2023-11-15,Darwin,4
2023-11-15,Linux,15
2023-11-15,Windows,2
2023-11-15,nan,119
2023-11-15,null,119
2023-11-16,Darwin,4
2023-11-16,Linux,21
2023-11-16,Windows,2
2023-11-16,nan,118
2023-11-16,null,118
2023-11-17,Darwin,4
2023-11-17,Linux,8
2023-11-17,Windows,3
2023-11-17,nan,48
2023-11-17,null,48
2023-11-18,Darwin,6
2023-11-18,Linux,4
2023-11-18,Windows,2
2023-11-18,nan,125
2023-11-18,null,125
2023-11-19,Darwin,5
2023-11-19,Linux,6
2023-11-19,Windows,2
2023-11-19,nan,36
2023-11-19,null,36
2023-11-20,Darwin,8
2023-11-20,Linux,24
2023-11-20,Windows,4
2023-11-20,nan,54
2023-11-20,null,54
2023-11-21,Darwin,5
2023-11-21,Linux,38
2023-11-21,nan,137
2023-11-21,null,137
2023-11-22,Darwin,4
2023-11-22,Linux,7
2023-11-22,nan,37
2023-11-22,null,37
2023-11-23,Darwin,2
2023-11-23,Linux,13
2023-11-23,nan,18
2023-11-23,null,18
2023-11-24,Darwin,2
2023-11-24,Linux,11
2023-11-24,Windows,3
2023-11-24,nan,4
2023-11-24,null,4
2023-11-25,Darwin,4
2023-11-25,nan,25
2023-11-25,null,25
2023-11-26,Darwin,3
2023-11-26,Linux,3
2023-11-26,nan,132
2023-11-26,null,132
2023-11-27,Darwin,2
2023-11-27,Linux,11
2023-11-27,Windows,7
2023-11-27,nan,122
2023-11-27,null,122
2023-11-28,Darwin,15
2023-11-28,Linux,13
2023-11-28,Windows,2
2023-11-28,nan,28
2023-11-28,null,28
2023-11-29,Darwin,3
2023-11-29,Linux,13
2023-11-29,nan,190
2023-11-29,null,190
2023-11-30,Darwin,2
2023-11-30,Linux,12
2023-11-30,Windows,5
2023-11-30,nan,25
2023-11-30,null,25
2023-12-01,Darwin,2
2023-12-01,Linux,11
2023-12-01,Windows,2
2023-12-01,nan,110
2023-12-01,null,110
2023-12-02,Darwin,1
2023-12-02,Linux,39
2023-12-02,nan,18
2023-12-02,null,18
2023-12-03,Darwin,2
2023-12-03,Linux,6
2023-12-03,nan,10
2023-12-03,null,10
2023-12-04,Darwin,2
2023-12-04,Linux,9
2023-12-04,nan,17
2023-12-04,null,17
2023-12-05,Darwin,11
2023-12-05,Linux,8
2023-12-05,nan,144
2023-12-05,null,144
2023-12-06,Darwin,3
2023-12-06,Linux,6
2023-12-06,Windows,3
2023-12-06,nan,130
2023-12-06,null,130
2023-12-07,Darwin,4
2023-12-07,Linux,7
2023-12-07,Windows,8
2023-12-07,nan,40
2023-12-07,null,40
2023-12-08,Darwin,6
2023-12-08,Linux,21
2023-12-08,nan,33
2023-12-08,null,33
2023-12-09,Darwin,2
2023-12-09,Linux,17
2023-12-09,nan,18
2023-12-09,null,18
2023-12-10,Darwin,2
2023-12-10,Linux,14
2023-12-10,nan,11
2023-12-10,null,11
2023-12-11,Darwin,4
2023-12-11,Linux,24
2023-12-11,nan,5
2023-12-11,null,5
2023-12-12,Darwin,6
2023-12-12,Linux,28
2023-12-12,Windows,2
2023-12-12,nan,20
2023-12-12,null,20
2023-12-13,Darwin,6
2023-12-13,Linux,12
2023-12-13,Windows,2
2023-12-13,nan,138
2023-12-13,null,138
2023-12-14,Darwin,11
2023-12-14,Linux,33
2023-12-14,nan,97
2023-12-14,null,97
2023-12-15,Darwin,4
2023-12-15,Linux,6
2023-12-15,Windows,1
2023-12-15,nan,26
2023-12-15,null,26
2023-12-16,Darwin,2
2023-12-16,Linux,2
2023-12-16,nan,14
2023-12-16,null,14
2023-12-17,Darwin,2
2023-12-17,Linux,3
2023-12-17,Windows,2
2023-12-17,nan,87
2023-12-17,null,87
2023-12-18,Darwin,4
2023-12-18,Linux,7
2023-12-18,nan,5
2023-12-18,null,5
2023-12-19,Darwin,7
2023-12-19,Linux,13
2023-12-19,nan,4
2023-12-19,null,4
2023-12-20,Darwin,5
2023-12-20,Linux,7
2023-12-20,Windows,2
2023-12-20,nan,89
2023-12-20,null,89
2023-12-21,Darwin,8
2023-12-21,Linux,14
2023-12-21,Windows,2
2023-12-21,nan,217
2023-12-21,null,217
2023-12-22,Darwin,2
2023-12-22,Linux,14
2023-12-22,nan,4
2023-12-22,null,4
2023-12-23,Darwin,4
2023-12-23,Linux,6
2023-12-23,nan,88
2023-12-23,null,88
2023-12-24,Darwin,2
2023-12-24,Linux,10
2023-12-24,nan,12
2023-12-24,null,12
2023-12-25,Darwin,2
2023-12-25,Linux,18
2023-12-25,nan,51
2023-12-25,null,51
2023-12-26,Darwin,3
2023-12-26,Linux,4
2023-12-26,Windows,1
2023-12-26,nan,14
2023-12-26,null,14
2023-12-27,Darwin,4
2023-12-27,Linux,35
2023-12-27,Windows,1
2023-12-27,nan,23
2023-12-27,null,23
2023-12-28,Darwin,2
2023-12-28,Linux,5
2023-12-28,nan,22
2023-12-28,null,22
2023-12-29,Darwin,2
2023-12-29,Linux,1
2023-12-29,Windows,2
2023-12-30,Darwin,3
2023-12-30,Linux,2
2023-12-30,nan,199
2023-12-30,null,199
2023-12-31,Darwin,4
2023-12-31,Linux,3
2023-12-31,nan,8
2023-12-31,null,8
2024-01-01,Darwin,2
2024-01-01,Linux,4
2024-01-02,Darwin,4
2024-01-02,Linux,8
2024-01-02,nan,2
2024-01-02,null,2
2024-01-03,Darwin,4
2024-01-03,Linux,15
2024-01-03,Windows,4
2024-01-03,nan,15
2024-01-03,null,15
2024-01-04,Darwin,2
2024-01-04,Linux,14
2024-01-04,Windows,1
2024-01-04,nan,80
2024-01-04,null,80
2024-01-05,Darwin,5
2024-01-05,Linux,12
2024-01-05,Windows,2
2024-01-05,nan,160
2024-01-05,null,160
2024-01-06,Darwin,2
2024-01-06,Linux,1
2024-01-06,nan,5
2024-01-06,null,5
2024-01-07,Darwin,2
2024-01-07,Linux,5
2024-01-07,nan,63
2024-01-07,null,63
2024-01-08,Darwin,4
2024-01-08,Linux,18
2024-01-08,Windows,4
2024-01-08,nan,6
2024-01-08,null,6
2024-01-09,Darwin,6
2024-01-09,Linux,6
2024-01-09,Windows,3
2024-01-09,nan,61
2024-01-09,null,61
2024-01-10,Darwin,2
2024-01-10,Linux,14
2024-01-10,nan,22
2024-01-10,null,22
2024-01-11,Darwin,4
2024-01-11,Linux,6
2024-01-11,nan,26
2024-01-11,null,26
2024-01-12,Darwin,4
2024-01-12,Linux,3
2024-01-12,Windows,1
2024-01-12,nan,73
2024-01-12,null,73
2024-01-13,Darwin,2
2024-01-13,Linux,31
2024-01-13,Windows,3
2024-01-13,nan,71
2024-01-13,null,71
2024-01-14,Darwin,2
2024-01-14,Linux,1
2024-01-14,nan,9
2024-01-14,null,9
2024-01-15,Darwin,4
2024-01-15,Linux,27
2024-01-15,nan,15
2024-01-15,null,15
2024-01-16,Darwin,2
2024-01-16,Linux,17
2024-01-16,nan,2
2024-01-16,null,2
2024-01-17,Darwin,2
2024-01-17,Linux,7
2024-01-17,nan,2
2024-01-17,null,2
2024-01-18,Darwin,2
2024-01-18,Linux,11
2024-01-18,nan,89
2024-01-18,null,89
2024-01-19,Darwin,1
2024-01-19,Linux,7
2024-01-19,nan,87
2024-01-19,null,87
2024-01-20,Darwin,4
2024-01-20,Linux,11
2024-01-20,nan,11
2024-01-20,null,11
2024-01-21,Darwin,2
2024-01-21,Linux,5
2024-01-21,Windows,4
2024-01-21,nan,11
2024-01-21,null,11
2024-01-22,Darwin,9
2024-01-22,Linux,22
2024-01-22,nan,115
2024-01-22,null,115
2024-01-23,Darwin,5
2024-01-23,Linux,17
2024-01-23,Windows,3
2024-01-23,nan,220
2024-01-23,null,220
2024-01-24,Darwin,2
2024-01-24,Linux,14
2024-01-24,nan,13
2024-01-24,null,13
2024-01-25,Darwin,5
2024-01-25,Linux,18
2024-01-25,Windows,5
2024-01-25,nan,20
2024-01-25,null,20
2024-01-26,Darwin,5
2024-01-26,Linux,10
2024-01-26,Windows,2
2024-01-26,nan,259
2024-01-26,null,259
2024-01-27,Darwin,2
2024-01-27,Linux,4
2024-01-27,Windows,2
2024-01-27,nan,110
2024-01-27,null,110
2024-01-28,Darwin,6
2024-01-28,Linux,4
2024-01-28,nan,33
2024-01-28,null,33
2024-01-29,Darwin,4
2024-01-29,Linux,12
2024-01-29,Windows,1
2024-01-29,nan,31
2024-01-29,null,31
2024-01-30,Darwin,6
2024-01-30,Linux,14
2024-01-30,Windows,2
2024-01-30,nan,85
2024-01-30,null,85
2024-01-31,Darwin,4
2024-01-31,Linux,20
2024-01-31,Windows,3
2024-01-31,nan,32
2024-01-31,null,32
2024-02-01,Darwin,4
2024-02-01,Linux,37
2024-02-01,nan,231
2024-02-01,null,231
2024-02-02,Darwin,3
2024-02-02,Linux,28
2024-02-02,nan,128
2024-02-02,null,128
2024-02-03,Darwin,91
2024-02-03,Linux,1
2024-02-03,nan,110
2024-02-03,null,110
2024-02-04,Darwin,2
2024-02-04,Linux,2
2024-02-04,nan,93
2024-02-04,null,93
2024-02-05,Darwin,7
2024-02-05,Linux,7
2024-02-05,nan,12
2024-02-05,null,12
2024-02-06,Darwin,5
2024-02-06,Linux,10
2024-02-06,nan,12
2024-02-06,null,12
2024-02-07,Darwin,5
2024-02-07,Linux,10
2024-02-07,Windows,6
2024-02-07,nan,115
2024-02-07,null,115
2024-02-08,Darwin,92
2024-02-08,Linux,17
2024-02-08,nan,224
2024-02-08,null,224
2024-02-09,Darwin,6
2024-02-09,Linux,23
2024-02-09,nan,2
2024-02-09,null,2
2024-02-10,Darwin,2
2024-02-10,Linux,4
2024-02-10,nan,93
2024-02-10,null,93
2024-02-11,Darwin,2
2024-02-11,nan,9
2024-02-11,null,9
2024-02-12,Darwin,5
2024-02-12,Linux,18
2024-02-12,nan,113
2024-02-12,null,113
2024-02-13,Linux,9
2024-02-13,nan,6
2024-02-13,null,6
2024-02-14,Linux,33
2024-02-14,Windows,4
2024-02-14,nan,99
2024-02-14,null,99
2024-02-15,Darwin,3
2024-02-15,Linux,11
2024-02-15,Windows,2
2024-02-15,nan,113
2024-02-15,null,113
2024-02-16,Linux,7
2024-02-16,nan,100
2024-02-16,null,100
2024-02-17,Linux,1
2024-02-17,nan,14
2024-02-17,null,14
2024-02-18,Linux,6
2024-02-18,nan,9
2024-02-18,null,9
2024-02-19,Linux,15
2024-02-19,nan,271
2024-02-19,null,271
2024-02-20,Darwin,2
2024-02-20,Linux,15
2024-02-20,nan,110
2024-02-20,null,110
2024-02-21,Darwin,4
2024-02-21,Linux,43
2024-02-21,nan,33
2024-02-21,null,33
2024-02-22,Darwin,5
2024-02-22,Linux,48
2024-02-22,nan,14
2024-02-22,null,14
2024-02-23,Darwin,2
2024-02-23,Linux,10
2024-02-23,nan,118
2024-02-23,null,118
2024-02-24,Linux,6
2024-02-24,nan,11
2024-02-24,null,11
2024-02-25,Linux,4
2024-02-25,nan,13
2024-02-25,null,13
2024-02-26,Linux,12
2024-02-26,nan,105
2024-02-26,null,105
2024-02-27,Darwin,1
2024-02-27,Linux,7
2024-02-27,nan,111
2024-02-27,null,111
2024-02-28,Linux,7
2024-02-28,Windows,4
2024-02-28,nan,156
2024-02-28,null,156
2024-02-29,Linux,7
2024-02-29,nan,94
2024-02-29,null,94
2024-03-01,Linux,4
2024-03-01,Windows,4
2024-03-01,nan,22
2024-03-01,null,22
2024-03-02,Linux,10
2024-03-02,nan,133
2024-03-02,null,133
2024-03-03,Linux,2
2024-03-03,Windows,1
2024-03-03,nan,5
2024-03-03,null,5
2024-03-04,Darwin,3
2024-03-04,Linux,13
2024-03-04,Windows,2
2024-03-04,nan,3
2024-03-04,null,3
2024-03-05,Linux,27
2024-03-05,nan,225
2024-03-05,null,225
2024-03-06,Darwin,2
2024-03-06,Linux,41
2024-03-06,nan,26
2024-03-06,null,26
2024-03-07,Linux,27
2024-03-07,nan,4
2024-03-07,null,4
2024-03-08,Darwin,2
2024-03-08,Linux,8
2024-03-08,nan,5
2024-03-08,null,5
2024-03-09,Linux,4
2024-03-09,nan,90
2024-03-09,null,90
2024-03-10,Linux,1
2024-03-10,nan,80
2024-03-10,null,80
2024-03-11,Darwin,4
2024-03-11,Linux,31
2024-03-11,Windows,4
2024-03-11,nan,7
2024-03-11,null,7
2024-03-12,Darwin,1
2024-03-12,Linux,42
2024-03-12,Windows,2
2024-03-12,nan,91
2024-03-12,null,91
2024-03-13,Darwin,2
2024-03-13,Linux,7
2024-03-13,nan,18
2024-03-13,null,18
2024-03-14,Darwin,2
2024-03-14,Linux,7
2024-03-14,Windows,3
2024-03-14,nan,15
2024-03-14,null,15
2024-03-15,Linux,13
2024-03-15,nan,29
2024-03-15,null,29
2024-03-16,Linux,2
2024-03-16,nan,25
2024-03-16,null,25
2024-03-17,Darwin,2
2024-03-17,Linux,10
2024-03-17,nan,6
2024-03-17,null,6
2024-03-18,Darwin,2
2024-03-18,Linux,23
2024-03-18,nan,26
2024-03-18,null,26
2024-03-19,Linux,7
2024-03-19,nan,12
2024-03-19,null,12
2024-03-20,Darwin,6
2024-03-20,Linux,26
2024-03-20,nan,105
2024-03-20,null,105
2024-03-21,Darwin,2
2024-03-21,Linux,16
2024-03-21,Windows,2
2024-03-21,nan,95
2024-03-21,null,95
2024-03-22,Darwin,6
2024-03-22,Linux,40
2024-03-22,nan,29
2024-03-22,null,29
2024-03-23,Darwin,4
2024-03-23,Linux,50
2024-03-23,nan,12
2024-03-23,null,12
2024-03-24,Darwin,8
2024-03-24,Linux,52
2024-03-24,Windows,6
2024-03-24,nan,47
2024-03-24,null,47
2024-03-25,Darwin,4
2024-03-25,Linux,88
2024-03-25,Windows,4
2024-03-25,nan,40
2024-03-25,null,40
2024-03-26,Darwin,28
2024-03-26,Linux,114
2024-03-26,Windows,22
2024-03-26,nan,53
2024-03-26,null,53
2024-03-27,Darwin,20
2024-03-27,Linux,104
2024-03-27,Windows,17
2024-03-27,nan,113
2024-03-27,null,113
2024-03-28,Darwin,11
2024-03-28,Linux,109
2024-03-28,Windows,11
2024-03-28,nan,195
2024-03-28,null,195
2024-03-29,Darwin,12
2024-03-29,Linux,74
2024-03-29,Windows,4
2024-03-29,nan,17
2024-03-29,null,17
2024-03-30,Darwin,11
2024-03-30,Linux,45
2024-03-30,Windows,10
2024-03-31,Darwin,6
2024-03-31,Linux,66
2024-03-31,Windows,16
2024-03-31,nan,7
2024-03-31,null,7
2024-04-01,Darwin,7
2024-04-01,Linux,74
2024-04-01,Windows,13
2024-04-01,nan,26
2024-04-01,null,26
2024-04-02,Darwin,15
2024-04-02,Linux,70
2024-04-02,Windows,13
2024-04-02,nan,2
2024-04-02,null,2
2024-04-03,Darwin,11
2024-04-03,Linux,74
2024-04-03,Windows,15
2024-04-03,nan,57
2024-04-03,null,57
2024-04-04,Darwin,5
2024-04-04,Linux,87
2024-04-04,Windows,9
2024-04-04,nan,11
2024-04-04,null,11
2024-04-05,Darwin,10
2024-04-05,Linux,126
2024-04-05,Windows,4
2024-04-05,nan,93
2024-04-05,null,93
2024-04-06,Darwin,7
2024-04-06,Linux,51
2024-04-06,Windows,9
2024-04-07,Darwin,6
2024-04-07,Linux,32
2024-04-07,Windows,2
2024-04-07,nan,90
2024-04-07,null,90
2024-04-08,Darwin,9
2024-04-08,Linux,80
2024-04-08,Windows,3
2024-04-08,nan,187
2024-04-08,null,187
2024-04-09,Darwin,5
2024-04-09,Linux,110
2024-04-09,Windows,4
2024-04-09,nan,3
2024-04-09,null,3
2024-04-10,Darwin,21
2024-04-10,Linux,213
2024-04-10,Windows,13
2024-04-10,nan,4
2024-04-10,null,4
2024-04-11,Darwin,10
2024-04-11,Linux,174
2024-04-11,Windows,5
2024-04-11,nan,82
2024-04-11,null,82
2024-04-12,Darwin,22
2024-04-12,Linux,135
2024-04-12,Windows,24
2024-04-12,nan,9
2024-04-12,null,9
2024-04-13,Darwin,4
2024-04-13,Linux,34
2024-04-13,Windows,4
2024-04-13,nan,3
2024-04-13,null,3
2024-04-14,Darwin,5
2024-04-14,Linux,70
2024-04-14,Windows,2
2024-04-14,nan,90
2024-04-14,null,90
2024-04-15,Darwin,15
2024-04-15,Linux,205
2024-04-15,Windows,5
2024-04-15,nan,5
2024-04-15,null,5
2024-04-16,Darwin,14
2024-04-16,Linux,181
2024-04-16,Windows,5
2024-04-16,nan,4
2024-04-16,null,4
2024-04-17,Darwin,11
2024-04-17,Linux,183
2024-04-17,Windows,18
2024-04-17,nan,138
2024-04-17,null,138
2024-04-18,Darwin,9
2024-04-18,Linux,155
2024-04-18,Windows,19
2024-04-18,nan,90
2024-04-18,null,90
2024-04-19,Darwin,8
2024-04-19,Linux,107
2024-04-19,Windows,6
2024-04-19,nan,113
2024-04-19,null,113
2024-04-20,Darwin,4
2024-04-20,Linux,34
2024-04-20,Windows,4
2024-04-20,nan,1
2024-04-20,null,1
2024-04-21,Darwin,7
2024-04-21,Linux,40
2024-04-21,Windows,4
2024-04-21,nan,103
2024-04-21,null,103
2024-04-22,Darwin,18
2024-04-22,Linux,121
2024-04-22,Windows,4
2024-04-22,nan,59
2024-04-22,null,59
2024-04-23,Darwin,24
2024-04-23,Linux,144
2024-04-23,Windows,33
2024-04-23,nan,25
2024-04-23,null,25
2024-04-24,Darwin,3
2024-04-24,Linux,98
2024-04-24,Windows,12
2024-04-24,nan,93
2024-04-24,null,93
2024-04-25,Darwin,9
2024-04-25,Linux,92
2024-04-25,Windows,1
2024-04-25,nan,32
2024-04-25,null,32
2024-04-26,Darwin,8
2024-04-26,Linux,121
2024-04-26,Windows,9
2024-04-26,nan,5
2024-04-26,null,5
2024-04-27,Darwin,6
2024-04-27,Linux,58
2024-04-27,Windows,3
2024-04-27,nan,89
2024-04-27,null,89
2024-04-28,Darwin,4
2024-04-28,Linux,60
2024-04-28,Windows,3
2024-04-28,nan,89
2024-04-28,null,89
2024-04-29,Darwin,15
2024-04-29,Linux,121
2024-04-29,nan,43
2024-04-29,null,43
2024-04-30,Darwin,6
2024-04-30,Linux,331
2024-04-30,Windows,4
2024-04-30,nan,3
2024-04-30,null,3
2024-05-01,Darwin,7
2024-05-01,Linux,140
2024-05-01,nan,115
2024-05-01,null,115
2024-05-02,Darwin,12
2024-05-02,Linux,99
2024-05-02,Windows,2
2024-05-02,nan,3
2024-05-02,null,3
2024-05-03,Darwin,10
2024-05-03,Linux,104
2024-05-03,Windows,11
2024-05-03,nan,96
2024-05-03,null,96
2024-05-04,Darwin,3
2024-05-04,Linux,52
2024-05-04,Windows,5
2024-05-04,nan,180
2024-05-04,null,180
2024-05-05,Darwin,7
2024-05-05,Linux,109
2024-05-05,Windows,2
2024-05-05,nan,104
2024-05-05,null,104
2024-05-06,Darwin,11
2024-05-06,Linux,130
2024-05-06,Windows,9
2024-05-06,nan,4
2024-05-06,null,4
2024-05-07,Darwin,8
2024-05-07,Linux,90
2024-05-07,Windows,7
2024-05-07,nan,94
2024-05-07,null,94
2024-05-08,Darwin,10
2024-05-08,Linux,118
2024-05-08,Windows,4
2024-05-08,nan,5
2024-05-08,null,5
2024-05-09,Darwin,11
2024-05-09,Linux,103
2024-05-09,Windows,6
2024-05-09,nan,67
2024-05-09,null,67
2024-05-10,Darwin,10
2024-05-10,Linux,48
2024-05-10,Windows,1
2024-05-10,nan,110
2024-05-10,null,110
2024-05-11,Darwin,8
2024-05-11,Linux,45
2024-05-11,Windows,6
2024-05-11,nan,83
2024-05-11,null,83
2024-05-12,Darwin,5
2024-05-12,Linux,91
2024-05-12,Windows,4
2024-05-12,nan,47
2024-05-12,null,47
2024-05-13,Darwin,8
2024-05-13,Linux,99
2024-05-13,Windows,8
2024-05-13,nan,60
2024-05-13,null,60
2024-05-14,Darwin,8
2024-05-14,Linux,154
2024-05-14,Windows,15
2024-05-14,nan,3
2024-05-14,null,3
2024-05-15,Darwin,20
2024-05-15,Linux,204
2024-05-15,Windows,14
2024-05-15,nan,181
2024-05-15,null,181
2024-05-16,Darwin,21
2024-05-16,Linux,146
2024-05-16,Windows,12
2024-05-16,nan,100
2024-05-16,null,100
2024-05-17,Darwin,6
2024-05-17,Linux,149
2024-05-17,Windows,14
2024-05-17,nan,35
2024-05-17,null,35
2024-05-18,Darwin,9
2024-05-18,Linux,80
2024-05-18,Windows,2
2024-05-18,nan,20
2024-05-18,null,20
2024-05-19,Darwin,4
2024-05-19,Linux,57
2024-05-19,Windows,2
2024-05-19,nan,104
2024-05-19,null,104
2024-05-20,Darwin,8
2024-05-20,Linux,77
2024-05-20,Windows,3
2024-05-20,nan,44
2024-05-20,null,44
2024-05-21,Darwin,9
2024-05-21,Linux,162
2024-05-21,Windows,9
2024-05-21,nan,2
2024-05-21,null,2
2024-05-22,Darwin,4
2024-05-22,Linux,124
2024-05-22,Windows,6
2024-05-22,nan,8
2024-05-22,null,8
2024-05-23,Darwin,10
2024-05-23,Linux,106
2024-05-23,Windows,4
2024-05-23,nan,2
2024-05-23,null,2
2024-05-24,Darwin,15
2024-05-24,Linux,114
2024-05-24,Windows,2
2024-05-24,nan,18
2024-05-24,null,18
2024-05-25,Darwin,4
2024-05-25,Linux,62
2024-05-25,Windows,5
2024-05-25,nan,3
2024-05-25,null,3
2024-05-26,Darwin,7
2024-05-26,Linux,58
2024-05-26,Windows,11
2024-05-26,nan,1
2024-05-26,null,1
2024-05-27,Darwin,4
2024-05-27,Linux,136
2024-05-27,Windows,6
2024-05-27,nan,5
2024-05-27,null,5
2024-05-28,Darwin,9
2024-05-28,Linux,138
2024-05-28,Windows,8
2024-05-28,nan,11
2024-05-28,null,11
2024-05-29,Darwin,4
2024-05-29,Linux,106
2024-05-29,Windows,6
2024-05-29,nan,2
2024-05-29,null,2
2024-05-30,Darwin,12
2024-05-30,Linux,127
2024-05-30,Windows,4
2024-05-30,nan,176
2024-05-30,null,176
2024-05-31,Darwin,3
2024-05-31,Linux,104
2024-05-31,Windows,3
2024-05-31,nan,24
2024-05-31,null,24
2024-06-01,Darwin,4
2024-06-01,Linux,39
2024-06-01,Windows,2
2024-06-01,nan,113
2024-06-01,null,113
2024-06-02,Darwin,2
2024-06-02,Linux,51
2024-06-02,nan,192
2024-06-02,null,192
2024-06-03,Darwin,13
2024-06-03,Linux,158
2024-06-03,Windows,3
2024-06-03,nan,148
2024-06-03,null,148
2024-06-04,Darwin,19
2024-06-04,Linux,187
2024-06-04,Windows,15
2024-06-04,nan,26
2024-06-04,null,26
2024-06-05,Darwin,9
2024-06-05,Linux,108
2024-06-05,Windows,7
2024-06-05,nan,22
2024-06-05,null,22
2024-06-06,Darwin,7
2024-06-06,Linux,103
2024-06-06,Windows,4
2024-06-06,nan,21
2024-06-06,null,21
2024-06-07,Darwin,7
2024-06-07,Linux,198
2024-06-07,Windows,5
2024-06-07,nan,21
2024-06-07,null,21
2024-06-08,Darwin,2
2024-06-08,Linux,130
2024-06-08,Windows,4
2024-06-08,nan,99
2024-06-08,null,99
2024-06-09,Darwin,9
2024-06-09,Linux,99
2024-06-09,Windows,23
2024-06-09,nan,11
2024-06-09,null,11
2024-06-10,Darwin,9
2024-06-10,Linux,117
2024-06-10,Windows,12
2024-06-10,nan,17
2024-06-10,null,17
2024-06-11,Darwin,10
2024-06-11,Linux,146
2024-06-11,Windows,4
2024-06-11,nan,74
2024-06-11,null,74
2024-06-12,Darwin,4
2024-06-12,Linux,206
2024-06-12,Windows,6
2024-06-12,nan,15
2024-06-12,null,15
2024-06-13,Darwin,17
2024-06-13,Linux,159
2024-06-13,Windows,10
2024-06-13,nan,19
2024-06-13,null,19
2024-06-14,Darwin,12
2024-06-14,Linux,232
2024-06-14,Windows,7
2024-06-14,nan,163
2024-06-14,null,163
2024-06-15,Darwin,3
2024-06-15,Linux,48
2024-06-15,nan,24
2024-06-15,null,24
2024-06-16,Darwin,2
2024-06-16,Linux,72
2024-06-16,Windows,11
2024-06-16,nan,7
2024-06-16,null,7
2024-06-17,Darwin,22
2024-06-17,Linux,171
2024-06-17,Windows,12
2024-06-17,nan,2
2024-06-17,null,2
2024-06-18,Darwin,16
2024-06-18,Linux,285
2024-06-18,Windows,9
2024-06-18,nan,3
2024-06-18,null,3
2024-06-19,Darwin,8
2024-06-19,Linux,196
2024-06-19,Windows,5
2024-06-19,nan,10
2024-06-19,null,10
2024-06-20,Darwin,4
2024-06-20,Linux,137
2024-06-20,Windows,5
2024-06-20,nan,100
2024-06-20,null,100
2024-06-21,Darwin,10
2024-06-21,Linux,131
2024-06-21,Windows,10
2024-06-21,nan,43
2024-06-21,null,43
2024-06-22,Darwin,5
2024-06-22,Linux,101
2024-06-22,Windows,4
2024-06-22,nan,97
2024-06-22,null,97
2024-06-23,Darwin,6
2024-06-23,Linux,78
2024-06-23,Windows,2
2024-06-23,nan,17
2024-06-23,null,17
2024-06-24,Darwin,12
2024-06-24,Linux,149
2024-06-24,Windows,6
2024-06-24,nan,102
2024-06-24,null,102
2024-06-25,Darwin,12
2024-06-25,Linux,222
2024-06-25,Windows,14
2024-06-25,nan,16
2024-06-25,null,16
2024-06-26,Darwin,20
2024-06-26,Linux,204
2024-06-26,Windows,21
2024-06-26,nan,9
2024-06-26,null,9
2024-06-27,Darwin,7
2024-06-27,Linux,156
2024-06-27,Windows,7
2024-06-27,nan,9
2024-06-27,null,9
2024-06-28,Darwin,11
2024-06-28,Linux,94
2024-06-28,Windows,4
2024-06-28,nan,29
2024-06-28,null,29
2024-06-29,Darwin,2
2024-06-29,Linux,52
2024-06-29,Windows,1
2024-06-29,nan,18
2024-06-29,null,18
2024-06-30,Darwin,2
2024-06-30,Linux,82
2024-06-30,Windows,1
2024-06-30,nan,12
2024-06-30,null,12
2024-07-01,Darwin,15
2024-07-01,Linux,105
2024-07-01,Windows,4
2024-07-01,nan,17
2024-07-01,null,17
2024-07-02,Darwin,8
2024-07-02,Linux,150
2024-07-02,Windows,6
2024-07-02,nan,233
2024-07-02,null,233
2024-07-03,Darwin,15
2024-07-03,Linux,150
2024-07-03,Windows,17
2024-07-03,nan,212
2024-07-03,null,212
2024-07-04,Darwin,11
2024-07-04,Linux,90
2024-07-04,Windows,8
2024-07-04,nan,3
2024-07-04,null,3
2024-07-05,Darwin,2
2024-07-05,Linux,129
2024-07-05,Windows,17
2024-07-05,nan,96
2024-07-05,null,96
2024-07-06,Darwin,6
2024-07-06,Linux,47
2024-07-06,Windows,6
2024-07-06,nan,107
2024-07-06,null,107
2024-07-07,Darwin,2
2024-07-07,Linux,101
2024-07-07,Windows,2
2024-07-07,nan,10
2024-07-07,null,10
2024-07-08,Darwin,12
2024-07-08,Linux,170
2024-07-08,Windows,18
2024-07-08,nan,100
2024-07-08,null,100
2024-07-09,Darwin,15
2024-07-09,Linux,104
2024-07-09,Windows,11
2024-07-09,nan,44
2024-07-09,null,44
2024-07-10,Darwin,8
2024-07-10,Linux,104
2024-07-10,Windows,10
2024-07-10,nan,197
2024-07-10,null,197
2024-07-11,Darwin,9
2024-07-11,Linux,190
2024-07-11,Windows,4
2024-07-11,nan,12
2024-07-11,null,12
2024-07-12,Darwin,5
2024-07-12,Linux,147
2024-07-12,nan,5
2024-07-12,null,5
2024-07-13,Darwin,3
2024-07-13,Linux,43
2024-07-13,Windows,4
2024-07-13,nan,200
2024-07-13,null,200
2024-07-14,Darwin,5
2024-07-14,Linux,90
2024-07-14,Windows,2
2024-07-14,nan,17
2024-07-14,null,17
2024-07-15,Darwin,12
2024-07-15,Linux,206
2024-07-15,Windows,7
2024-07-15,nan,11
2024-07-15,null,11
2024-07-16,Darwin,17
2024-07-16,Linux,181
2024-07-16,Windows,6
2024-07-16,nan,3
2024-07-16,null,3
2024-07-17,Darwin,7
2024-07-17,Linux,299
2024-07-17,Windows,8
2024-07-17,nan,103
2024-07-17,null,103
2024-07-18,Darwin,13
2024-07-18,Linux,225
2024-07-18,Windows,12
2024-07-18,nan,70
2024-07-18,null,70
2024-07-19,Darwin,8
2024-07-19,Linux,141
2024-07-19,Windows,4
2024-07-19,nan,94
2024-07-19,null,94
2024-07-20,Darwin,4
2024-07-20,Linux,56
2024-07-20,Windows,1
2024-07-20,nan,95
2024-07-20,null,95
2024-07-21,Darwin,2
2024-07-21,Linux,64
2024-07-21,Windows,3
2024-07-21,nan,24
2024-07-21,null,24
2024-07-22,Darwin,9
2024-07-22,Linux,320
2024-07-22,Windows,9
2024-07-22,nan,9
2024-07-22,null,9
2024-07-23,Darwin,15
2024-07-23,Linux,274
2024-07-23,Windows,7
2024-07-23,nan,176
2024-07-23,null,176
2024-07-24,Darwin,11
2024-07-24,Linux,175
2024-07-24,Windows,6
2024-07-24,nan,102
2024-07-24,null,102
2024-07-25,Darwin,8
2024-07-25,Linux,218
2024-07-25,Windows,7
2024-07-25,nan,18
2024-07-25,null,18
2024-07-26,Darwin,7
2024-07-26,Linux,110
2024-07-26,Windows,8
2024-07-26,nan,15
2024-07-26,null,15
2024-07-27,Darwin,3
2024-07-27,Linux,57
2024-07-27,Windows,6
2024-07-27,nan,13
2024-07-27,null,13
2024-07-28,Darwin,2
2024-07-28,Linux,61
2024-07-28,nan,2
2024-07-28,null,2
2024-07-29,Darwin,9
2024-07-29,Linux,143
2024-07-29,Windows,7
2024-07-29,nan,8
2024-07-29,null,8
2024-07-30,Darwin,16
2024-07-30,Linux,142
2024-07-30,Windows,11
2024-07-30,nan,122
2024-07-30,null,122
2024-07-31,Darwin,14
2024-07-31,Linux,169
2024-07-31,Windows,7
2024-07-31,nan,194
2024-07-31,null,194
2024-08-01,Darwin,4
2024-08-01,Linux,132
2024-08-01,nan,10
2024-08-01,null,10
2024-08-02,Darwin,5
2024-08-02,Linux,154
2024-08-02,Windows,2
2024-08-02,nan,94
2024-08-02,null,94
2024-08-03,Darwin,4
2024-08-03,Linux,51
2024-08-03,Windows,2
2024-08-03,nan,1
2024-08-03,null,1
2024-08-04,Darwin,4
2024-08-04,Linux,82
2024-08-04,Windows,5
2024-08-04,nan,4
2024-08-04,null,4
2024-08-05,Darwin,13
2024-08-05,Linux,168
2024-08-05,Windows,10
2024-08-05,nan,14
2024-08-05,null,14
2024-08-06,Darwin,12
2024-08-06,Linux,164
2024-08-06,Windows,5
2024-08-06,nan,80
2024-08-06,null,80
2024-08-07,Darwin,7
2024-08-07,Linux,169
2024-08-07,Windows,7
2024-08-07,nan,27
2024-08-07,null,27
2024-08-08,Darwin,12
2024-08-08,Linux,155
2024-08-08,Windows,4
2024-08-08,nan,23
2024-08-08,null,23
2024-08-09,Darwin,4
2024-08-09,Linux,117
2024-08-09,Windows,14
2024-08-09,nan,14
2024-08-09,null,14
2024-08-10,Darwin,3
2024-08-10,Linux,78
2024-08-10,nan,6
2024-08-10,null,6
2024-08-11,Darwin,1
2024-08-11,Linux,88
2024-08-11,Windows,3
2024-08-11,nan,50
2024-08-11,null,50
2024-08-12,Darwin,18
2024-08-12,Linux,232
2024-08-12,Windows,10
2024-08-12,nan,11
2024-08-12,null,11
2024-08-13,Darwin,2
2024-08-13,Linux,147
2024-08-13,Windows,2
2024-08-13,nan,115
2024-08-13,null,115
2024-08-14,Darwin,2
2024-08-14,Linux,191
2024-08-14,Windows,5
2024-08-14,nan,9
2024-08-14,null,9
2024-08-15,Darwin,7
2024-08-15,Linux,124
2024-08-15,Windows,7
2024-08-15,nan,3
2024-08-15,null,3
2024-08-16,Darwin,9
2024-08-16,Linux,105
2024-08-16,Windows,5
2024-08-16,nan,97
2024-08-16,null,97
2024-08-17,Linux,62
2024-08-17,Windows,3
2024-08-17,nan,284
2024-08-17,null,284
2024-08-18,Darwin,3
2024-08-18,Linux,66
2024-08-18,Windows,2
2024-08-18,nan,188
2024-08-18,null,188
2024-08-19,Linux,175
2024-08-19,Windows,4
2024-08-19,nan,61
2024-08-19,null,61
2024-08-20,Darwin,4
2024-08-20,Linux,184
2024-08-20,Windows,2
2024-08-20,nan,20
2024-08-20,null,20
2024-08-21,Darwin,2
2024-08-21,Linux,154
2024-08-21,Windows,6
2024-08-21,nan,50
2024-08-21,null,50
2024-08-22,Darwin,6
2024-08-22,Linux,151
2024-08-22,Windows,8
2024-08-22,nan,9
2024-08-22,null,9
2024-08-23,Darwin,10
2024-08-23,Linux,168
2024-08-23,Windows,1
2024-08-23,nan,17
2024-08-23,null,17
2024-08-24,Darwin,2
2024-08-24,Linux,84
2024-08-25,Darwin,8
2024-08-25,Linux,149
2024-08-25,Windows,2
2024-08-25,nan,93
2024-08-25,null,93
2024-08-26,Darwin,10
2024-08-26,Linux,189
2024-08-26,Windows,2
2024-08-26,nan,5
2024-08-26,null,5
2024-08-27,Darwin,8
2024-08-27,Linux,186
2024-08-27,Windows,8
2024-08-27,nan,2
2024-08-27,null,2
2024-08-28,Darwin,6
2024-08-28,Linux,362
2024-08-28,Windows,1
2024-08-28,nan,3
2024-08-28,null,3
2024-08-29,Darwin,12
2024-08-29,Linux,214
2024-08-29,Windows,8
2024-08-29,nan,2
2024-08-29,null,2
2024-08-30,Darwin,50
2024-08-30,Linux,164
2024-08-30,Windows,3
2024-08-30,nan,113
2024-08-30,null,113
2024-08-31,Darwin,10
2024-08-31,Linux,58
2024-08-31,Windows,13
2024-08-31,nan,7
2024-08-31,null,7
2024-09-01,Darwin,6
2024-09-01,Linux,65
2024-09-01,Windows,4
2024-09-01,nan,4
2024-09-01,null,4
2024-09-02,Darwin,1
2024-09-02,Linux,118
2024-09-02,Windows,9
2024-09-02,nan,102
2024-09-02,null,102
2024-09-03,Darwin,6
2024-09-03,Linux,177
2024-09-03,Windows,6
2024-09-03,nan,3
2024-09-03,null,3
2024-09-04,Darwin,51
2024-09-04,Linux,269
2024-09-04,Windows,17
2024-09-04,nan,97
2024-09-04,null,97
2024-09-05,Darwin,18
2024-09-05,Linux,213
2024-09-05,Windows,10
2024-09-05,nan,3
2024-09-05,null,3
2024-09-06,Darwin,3
2024-09-06,Linux,151
2024-09-06,Windows,14
2024-09-06,nan,192
2024-09-06,null,192
2024-09-07,Darwin,7
2024-09-07,Linux,90
2024-09-07,Windows,6
2024-09-07,nan,3
2024-09-07,null,3
2024-09-08,Darwin,9
2024-09-08,Linux,48
2024-09-08,Windows,7
2024-09-08,nan,113
2024-09-08,null,113
2024-09-09,Darwin,31
2024-09-09,Linux,178
2024-09-09,Windows,54
2024-09-09,nan,89
2024-09-09,null,89
2024-09-10,Darwin,2
2024-09-10,Linux,187
2024-09-10,Windows,2
2024-09-10,nan,22
2024-09-10,null,22
2024-09-11,Darwin,6
2024-09-11,Linux,145
2024-09-11,Windows,8
2024-09-11,nan,3
2024-09-11,null,3
2024-09-12,Darwin,4
2024-09-12,Linux,134
2024-09-12,Windows,28
2024-09-12,nan,101
2024-09-12,null,101
2024-09-13,Darwin,5
2024-09-13,Linux,174
2024-09-13,Windows,3
2024-09-13,nan,90
2024-09-13,null,90
2024-09-14,Darwin,2
2024-09-14,Linux,72
2024-09-14,Windows,3
2024-09-14,nan,265
2024-09-14,null,265
2024-09-15,Darwin,2
2024-09-15,Linux,89
2024-09-15,Windows,4
2024-09-15,nan,17
2024-09-15,null,17
2024-09-16,Darwin,9
2024-09-16,Linux,358
2024-09-16,Windows,5
2024-09-16,nan,100
2024-09-16,null,100
2024-09-17,Darwin,14
2024-09-17,Linux,184
2024-09-17,Windows,5
2024-09-17,nan,96
2024-09-17,null,96
2024-09-18,Darwin,7
2024-09-18,Linux,143
2024-09-18,Windows,5
2024-09-18,nan,8
2024-09-18,null,8
2024-09-19,Darwin,3
2024-09-19,Linux,161
2024-09-19,Windows,8
2024-09-19,nan,16
2024-09-19,null,16
2024-09-20,Darwin,14
2024-09-20,Linux,170
2024-09-20,Windows,10
2024-09-20,nan,5
2024-09-20,null,5
2024-09-21,Linux,48
2024-09-21,nan,95
2024-09-21,null,95
2024-09-22,Darwin,4
2024-09-22,Linux,54
2024-09-22,Windows,1
2024-09-22,nan,27
2024-09-22,null,27
2024-09-23,Darwin,16
2024-09-23,Linux,123
2024-09-23,Windows,15
2024-09-23,nan,101
2024-09-23,null,101
2024-09-24,Darwin,2
2024-09-24,Linux,189
2024-09-24,Windows,4
2024-09-24,nan,58
2024-09-24,null,58
2024-09-25,Darwin,13
2024-09-25,Linux,183
2024-09-25,Windows,18
2024-09-25,nan,12
2024-09-25,null,12
2024-09-26,Darwin,31
2024-09-26,Linux,206
2024-09-26,Windows,12
2024-09-26,nan,352
2024-09-26,null,352
2024-09-27,Darwin,23
2024-09-27,Linux,217
2024-09-27,Windows,17
2024-09-27,nan,88
2024-09-27,null,88
2024-09-28,Darwin,8
2024-09-28,Linux,63
2024-09-28,Windows,4
2024-09-28,nan,117
2024-09-28,null,117
2024-09-29,Darwin,6
2024-09-29,Linux,142
2024-09-29,Windows,5
2024-09-29,nan,202
2024-09-29,null,202
2024-09-30,Darwin,9
2024-09-30,Linux,204
2024-09-30,Windows,4
2024-09-30,nan,45
2024-09-30,null,45
2024-10-01,Darwin,15
2024-10-01,Linux,156
2024-10-01,Windows,9
2024-10-01,nan,25
2024-10-01,null,25
2024-10-02,Darwin,9
2024-10-02,Linux,192
2024-10-02,Windows,7
2024-10-02,nan,106
2024-10-02,null,106
2024-10-03,Darwin,15
2024-10-03,Linux,154
2024-10-03,Windows,8
2024-10-03,nan,102
2024-10-03,null,102
2024-10-04,Darwin,6
2024-10-04,Linux,208
2024-10-04,Windows,5
2024-10-04,nan,117
2024-10-04,null,117
2024-10-05,Darwin,5
2024-10-05,Linux,90
2024-10-05,Windows,2
2024-10-05,nan,108
2024-10-05,null,108
2024-10-06,Darwin,4
2024-10-06,Linux,98
2024-10-06,Windows,8
2024-10-06,nan,284
2024-10-06,null,284
2024-10-07,Darwin,5
2024-10-07,Linux,194
2024-10-07,Windows,7
2024-10-07,nan,226
2024-10-07,null,226
2024-10-08,Darwin,12
2024-10-08,Linux,243
2024-10-08,Windows,10
2024-10-08,nan,394
2024-10-08,null,394
2024-10-09,Darwin,7
2024-10-09,Linux,219
2024-10-09,Windows,6
2024-10-09,nan,481
2024-10-09,null,481
2024-10-10,Darwin,11
2024-10-10,Linux,145
2024-10-10,Windows,2
2024-10-10,nan,301
2024-10-10,null,301
2024-10-11,Darwin,9
2024-10-11,Linux,102
2024-10-11,Windows,11
2024-10-11,nan,255
2024-10-11,null,255
2024-10-12,Darwin,9
2024-10-12,Linux,66
2024-10-12,Windows,10
2024-10-12,nan,207
2024-10-12,null,207
2024-10-13,Darwin,10
2024-10-13,Linux,124
2024-10-13,Windows,11
2024-10-13,nan,106
2024-10-13,null,106
2024-10-14,Darwin,6
2024-10-14,Linux,227
2024-10-14,nan,10
2024-10-14,null,10
2024-10-15,Darwin,15
2024-10-15,Linux,248
2024-10-15,Windows,15
2024-10-15,nan,101
2024-10-15,null,101
2024-10-16,Darwin,16
2024-10-16,Linux,136
2024-10-16,Windows,14
2024-10-16,nan,110
2024-10-16,null,110
2024-10-17,Darwin,7
2024-10-17,Linux,153
2024-10-17,Windows,5
2024-10-17,nan,188
2024-10-17,null,188
2024-10-18,Darwin,15
2024-10-18,Linux,198
2024-10-18,Windows,13
2024-10-18,nan,209
2024-10-18,null,209
2024-10-19,Darwin,10
2024-10-19,Linux,90
2024-10-19,Windows,9
2024-10-19,nan,372
2024-10-19,null,372
2024-10-20,Darwin,10
2024-10-20,Linux,121
2024-10-20,Windows,4
2024-10-20,nan,223
2024-10-20,null,223
2024-10-21,Darwin,13
2024-10-21,Linux,173
2024-10-21,Windows,7
2024-10-21,nan,124
2024-10-21,null,124
2024-10-22,Darwin,6
2024-10-22,Linux,201
2024-10-22,Windows,13
2024-10-22,nan,109
2024-10-22,null,109
2024-10-23,Darwin,9
2024-10-23,Linux,311
2024-10-23,Windows,4
2024-10-23,nan,305
2024-10-23,null,305
2024-10-24,Darwin,4
2024-10-24,Linux,188
2024-10-24,Windows,9
2024-10-24,nan,322
2024-10-24,null,322
2024-10-25,Darwin,5
2024-10-25,Linux,171
2024-10-25,Windows,6
2024-10-25,nan,297
2024-10-25,null,297
2024-10-26,Linux,63
2024-10-26,Windows,8
2024-10-26,nan,150
2024-10-26,null,150
2024-10-27,Darwin,1
2024-10-27,Linux,228
2024-10-27,Windows,5
2024-10-27,nan,5
2024-10-27,null,5
2024-10-28,Darwin,21
2024-10-28,Linux,328
2024-10-28,Windows,20
2024-10-28,nan,123
2024-10-28,null,123
2024-10-29,Darwin,17
2024-10-29,Linux,242
2024-10-29,Windows,16
2024-10-29,nan,11
2024-10-29,null,11
2024-10-30,Darwin,30
2024-10-30,Linux,184
2024-10-30,Windows,13
2024-10-30,nan,13
2024-10-30,null,13
2024-10-31,Darwin,14
2024-10-31,Linux,164
2024-10-31,Windows,4
2024-10-31,nan,8
2024-10-31,null,8
2024-11-01,Darwin,9
2024-11-01,Linux,142
2024-11-01,Windows,11
2024-11-01,nan,14
2024-11-01,null,14
2024-11-02,Linux,73
2024-11-02,Windows,4
2024-11-02,nan,113
2024-11-02,null,113
2024-11-03,Darwin,9
2024-11-03,Linux,90
2024-11-03,Windows,2
2024-11-03,nan,138
2024-11-03,null,138
2024-11-04,Darwin,23
2024-11-04,Linux,140
2024-11-04,Windows,7
2024-11-04,nan,48
2024-11-04,null,48
2024-11-05,Darwin,15
2024-11-05,Linux,217
2024-11-05,Windows,6
2024-11-05,nan,105
2024-11-05,null,105
2024-11-06,Darwin,12
2024-11-06,Linux,231
2024-11-06,Windows,7
2024-11-06,nan,104
2024-11-06,null,104
2024-11-07,Darwin,9
2024-11-07,Linux,211
2024-11-07,Windows,9
2024-11-07,nan,30
2024-11-07,null,30
2024-11-08,Darwin,2
2024-11-08,Linux,177
2024-11-08,Windows,3
2024-11-08,nan,152
2024-11-08,null,152
2024-11-09,Darwin,8
2024-11-09,Linux,85
2024-11-09,Windows,9
2024-11-09,nan,16
2024-11-09,null,16
2024-11-10,Darwin,10
2024-11-10,Linux,139
2024-11-10,Windows,19
2024-11-10,nan,262
2024-11-10,null,262
2024-11-11,Darwin,2
2024-11-11,Linux,196
2024-11-11,Windows,14
2024-11-11,nan,106
2024-11-11,null,106
2024-11-12,Darwin,18
2024-11-12,Linux,279
2024-11-12,Windows,8
2024-11-12,nan,281
2024-11-12,null,281
2024-11-13,Darwin,4
2024-11-13,Linux,351
2024-11-13,Windows,9
2024-11-13,nan,134
2024-11-13,null,134
2024-11-14,Darwin,13
2024-11-14,Linux,408
2024-11-14,Windows,13
2024-11-14,nan,144
2024-11-14,null,144
2024-11-15,Darwin,16
2024-11-15,Linux,213
2024-11-15,Windows,7
2024-11-15,nan,192
2024-11-15,null,192
2024-11-16,Linux,71
2024-11-16,Windows,8
2024-11-16,nan,14
2024-11-16,null,14
2024-11-17,Darwin,10
2024-11-17,Linux,125
2024-11-17,Windows,12
2024-11-17,nan,245
2024-11-17,null,245
2024-11-18,Darwin,24
2024-11-18,Linux,265
2024-11-18,Windows,8
2024-11-18,nan,100
2024-11-18,null,100
2024-11-19,Darwin,13
2024-11-19,Linux,269
2024-11-19,Windows,6
2024-11-19,nan,199
2024-11-19,null,199
2024-11-20,Darwin,17
2024-11-20,Linux,269
2024-11-20,Windows,11
2024-11-20,nan,95
2024-11-20,null,95
2024-11-21,Darwin,19
2024-11-21,Linux,229
2024-11-21,Windows,10
2024-11-21,nan,25
2024-11-21,null,25
2024-11-22,Darwin,15
2024-11-22,Linux,271
2024-11-22,Windows,10
2024-11-22,nan,33
2024-11-22,null,33
2024-11-23,Darwin,6
2024-11-23,Linux,157
2024-11-23,Windows,12
2024-11-23,nan,119
2024-11-23,null,119
2024-11-24,Darwin,4
2024-11-24,Linux,111
2024-11-24,Windows,12
2024-11-24,nan,5
2024-11-24,null,5
2024-11-25,Darwin,5
2024-11-25,Linux,284
2024-11-25,Windows,11
2024-11-25,nan,36
2024-11-25,null,36
2024-11-26,Darwin,9
2024-11-26,Linux,172
2024-11-26,Windows,4
2024-11-26,nan,84
2024-11-26,null,84
2024-11-27,Darwin,13
2024-11-27,Linux,183
2024-11-27,Windows,6
2024-11-27,nan,123
2024-11-27,null,123
2024-11-28,Darwin,4
2024-11-28,Linux,164
2024-11-28,Windows,5
2024-11-28,nan,14
2024-11-28,null,14
2024-11-29,Darwin,5
2024-11-29,Linux,101
2024-11-29,Windows,4
2024-11-29,nan,9
2024-11-29,null,9
2024-11-30,Darwin,9
2024-11-30,Linux,93
2024-11-30,Windows,7
2024-11-30,nan,3
2024-11-30,null,3
2024-12-01,Darwin,4
2024-12-01,Linux,110
2024-12-01,Windows,13
2024-12-01,nan,99
2024-12-01,null,99
2024-12-02,Darwin,16
2024-12-02,Linux,195
2024-12-02,Windows,50
2024-12-02,nan,31
2024-12-02,null,31
2024-12-03,Darwin,14
2024-12-03,Linux,208
2024-12-03,Windows,15
2024-12-03,nan,20
2024-12-03,null,20
2024-12-04,Darwin,5
2024-12-04,Linux,161
2024-12-04,Windows,4
2024-12-04,nan,14
2024-12-04,null,14
2024-12-05,Darwin,6
2024-12-05,Linux,182
2024-12-05,Windows,14
2024-12-05,nan,129
2024-12-05,null,129
2024-12-06,Darwin,7
2024-12-06,Linux,130
2024-12-06,Windows,10
2024-12-06,nan,32
2024-12-06,null,32
2024-12-07,Darwin,5
2024-12-07,Linux,170
2024-12-07,Windows,2
2024-12-07,nan,104
2024-12-07,null,104
2024-12-08,Darwin,1
2024-12-08,Linux,78
2024-12-08,Windows,2
2024-12-08,nan,48
2024-12-08,null,48
2024-12-09,Darwin,10
2024-12-09,Linux,196
2024-12-09,Windows,6
2024-12-09,nan,288
2024-12-09,null,288
2024-12-10,Darwin,11
2024-12-10,Linux,191
2024-12-10,Windows,14
2024-12-10,nan,411
2024-12-10,null,411
2024-12-11,Darwin,6
2024-12-11,Linux,173
2024-12-11,Windows,6
2024-12-11,nan,107
2024-12-11,null,107
2024-12-12,Darwin,17
2024-12-12,Linux,217
2024-12-12,Windows,5
2024-12-12,nan,106
2024-12-12,null,106
2024-12-13,Darwin,11
2024-12-13,Linux,183
2024-12-13,Windows,8
2024-12-13,nan,199
2024-12-13,null,199
2024-12-14,Darwin,4
2024-12-14,Linux,78
2024-12-14,Windows,6
2024-12-14,nan,337
2024-12-14,null,337
2024-12-15,Darwin,6
2024-12-15,Linux,88
2024-12-15,Windows,10
2024-12-15,nan,97
2024-12-15,null,97
2024-12-16,Darwin,4
2024-12-16,Linux,205
2024-12-16,Windows,11
2024-12-16,nan,192
2024-12-16,null,192
2024-12-17,Darwin,6
2024-12-17,Linux,98
2024-12-17,Windows,8
2024-12-17,nan,194
2024-12-17,null,194
2024-12-18,Darwin,6
2024-12-18,Linux,177
2024-12-18,Windows,1
2024-12-18,nan,119
2024-12-18,null,119
2024-12-19,Darwin,4
2024-12-19,Linux,169
2024-12-19,Windows,11
2024-12-19,nan,191
2024-12-19,null,191
2024-12-20,Darwin,4
2024-12-20,Linux,84
2024-12-20,Windows,10
2024-12-20,nan,194
2024-12-20,null,194
2024-12-21,Darwin,6
2024-12-21,Linux,88
2024-12-21,nan,10
2024-12-21,null,10
2024-12-22,Linux,75
2024-12-22,Windows,1
2024-12-22,nan,119
2024-12-22,null,119
2024-12-23,Darwin,12
2024-12-23,Linux,235
2024-12-23,Windows,20
2024-12-23,nan,199
2024-12-23,null,199
2024-12-24,Darwin,2
2024-12-24,Linux,56
2024-12-24,Windows,3
2024-12-25,Linux,43
2024-12-25,Windows,14
2024-12-25,nan,1
2024-12-25,null,1
2024-12-26,Linux,69
2024-12-26,Windows,2
2024-12-26,nan,97
2024-12-26,null,97
2024-12-27,Darwin,6
2024-12-27,Linux,51
2024-12-27,Windows,6
2024-12-27,nan,134
2024-12-27,null,134
2024-12-28,Darwin,1
2024-12-28,Linux,67
2024-12-28,nan,143
2024-12-28,null,143
2024-12-29,Darwin,7
2024-12-29,Linux,80
2024-12-29,Windows,5
2024-12-29,nan,30
2024-12-29,null,30
2024-12-30,Darwin,5
2024-12-30,Linux,86
2024-12-30,Windows,4
2024-12-30,nan,16
2024-12-30,null,16
2024-12-31,Linux,54
2024-12-31,nan,121
2024-12-31,null,121
2025-01-01,Linux,39
2025-01-01,Windows,2
2025-01-01,nan,56
2025-01-01,null,56
2025-01-02,Darwin,8
2025-01-02,Linux,97
2025-01-02,Windows,9
2025-01-02,nan,3
2025-01-02,null,3
2025-01-03,Darwin,6
2025-01-03,Linux,83
2025-01-03,Windows,6
2025-01-03,nan,41
2025-01-03,null,41
2025-01-04,Darwin,2
2025-01-04,Linux,56
2025-01-04,nan,3
2025-01-04,null,3
2025-01-05,Darwin,12
2025-01-05,Linux,84
2025-01-05,nan,96
2025-01-05,null,96
2025-01-06,Darwin,6
2025-01-06,Linux,186
2025-01-06,Windows,13
2025-01-06,nan,63
2025-01-06,null,63
2025-01-07,Darwin,16
2025-01-07,Linux,285
2025-01-07,Windows,8
2025-01-07,nan,12
2025-01-07,null,12
2025-01-08,Darwin,6
2025-01-08,Linux,186
2025-01-08,Windows,8
2025-01-08,nan,105
2025-01-08,null,105
2025-01-09,Darwin,9
2025-01-09,Linux,195
2025-01-09,Windows,3
2025-01-09,nan,311
2025-01-09,null,311
2025-01-10,Darwin,4
2025-01-10,Linux,222
2025-01-10,Windows,10
2025-01-10,nan,115
2025-01-10,null,115
2025-01-11,Darwin,7
2025-01-11,Linux,200
2025-01-11,Windows,20
2025-01-11,nan,208
2025-01-11,null,208
2025-01-12,Linux,79
2025-01-12,Windows,2
2025-01-12,nan,280
2025-01-12,null,280
2025-01-13,Darwin,14
2025-01-13,Linux,237
2025-01-13,Windows,12
2025-01-13,nan,200
2025-01-13,null,200
2025-01-14,Darwin,16
2025-01-14,Linux,121
2025-01-14,Windows,7
2025-01-14,nan,210
2025-01-14,null,210
2025-01-15,Darwin,5
2025-01-15,Linux,217
2025-01-15,Windows,2
2025-01-15,nan,102
2025-01-15,null,102
2025-01-16,Darwin,5
2025-01-16,Linux,169
2025-01-16,Windows,5
2025-01-16,nan,103
2025-01-16,null,103
2025-01-17,Darwin,13
2025-01-17,Linux,132
2025-01-17,Windows,9
2025-01-17,nan,97
2025-01-17,null,97
2025-01-18,Darwin,3
2025-01-18,Linux,71
2025-01-18,Windows,7
2025-01-18,nan,13
2025-01-18,null,13
2025-01-19,Darwin,3
2025-01-19,Linux,87
2025-01-19,nan,2
2025-01-19,null,2
2025-01-20,Darwin,25
2025-01-20,Linux,247
2025-01-20,Windows,23
2025-01-20,nan,138
2025-01-20,null,138
2025-01-21,Darwin,7
2025-01-21,Linux,197
2025-01-21,Windows,12
2025-01-21,nan,50
2025-01-21,null,50
2025-01-22,Darwin,5
2025-01-22,Linux,162
2025-01-22,Windows,11
2025-01-22,nan,12
2025-01-22,null,12
2025-01-23,Darwin,8
2025-01-23,Linux,234
2025-01-23,Windows,4
2025-01-23,nan,140
2025-01-23,null,140
2025-01-24,Darwin,12
2025-01-24,Linux,149
2025-01-24,Windows,16
2025-01-24,nan,13
2025-01-24,null,13
2025-01-25,Linux,69
2025-01-25,Windows,2
2025-01-25,nan,93
2025-01-25,null,93
2025-01-26,Darwin,3
2025-01-26,Linux,90
2025-01-26,nan,29
2025-01-26,null,29
2025-01-27,Darwin,6
2025-01-27,Linux,132
2025-01-27,Windows,7
2025-01-27,nan,151
2025-01-27,null,151
2025-01-28,Darwin,8
2025-01-28,Linux,127
2025-01-28,Windows,6
2025-01-28,nan,53
2025-01-28,null,53
2025-01-29,Darwin,10
2025-01-29,Linux,221
2025-01-29,Windows,16
2025-01-29,nan,28
2025-01-29,null,28
2025-01-30,Darwin,11
2025-01-30,Linux,126
2025-01-30,Windows,6
2025-01-30,nan,6
2025-01-30,null,6
2025-01-31,Darwin,8
2025-01-31,Linux,69
2025-01-31,Windows,3
2025-01-31,nan,106
2025-01-31,null,106
2025-02-01,Darwin,6
2025-02-01,Linux,45
2025-02-01,Windows,8
2025-02-01,nan,98
2025-02-01,null,98
2025-02-02,Darwin,4
2025-02-02,Linux,165
2025-02-02,Windows,2
2025-02-02,nan,104
2025-02-02,null,104
2025-02-03,Darwin,9
2025-02-03,Linux,186
2025-02-03,Windows,3
2025-02-03,nan,186
2025-02-03,null,186
2025-02-04,Darwin,11
2025-02-04,Linux,193
2025-02-04,Windows,8
2025-02-04,nan,35
2025-02-04,null,35
2025-02-05,Darwin,8
2025-02-05,Linux,190
2025-02-05,Windows,10
2025-02-05,nan,77
2025-02-05,null,77
2025-02-06,Darwin,12
2025-02-06,Linux,266
2025-02-06,Windows,9
2025-02-06,nan,34
2025-02-06,null,34
2025-02-07,Darwin,19
2025-02-07,Linux,261
2025-02-07,Windows,7
2025-02-07,nan,213
2025-02-07,null,213
2025-02-08,Linux,64
2025-02-08,Windows,3
2025-02-08,nan,181
2025-02-08,null,181
2025-02-09,Darwin,2
2025-02-09,Linux,159
2025-02-09,Windows,2
2025-02-09,nan,105
2025-02-09,null,105
2025-02-10,Darwin,8
2025-02-10,Linux,256
2025-02-10,Windows,5
2025-02-10,nan,35
2025-02-10,null,35
2025-02-11,Darwin,8
2025-02-11,Linux,294
2025-02-11,Windows,9
2025-02-11,nan,98
2025-02-11,null,98
2025-02-12,Darwin,16
2025-02-12,Linux,287
2025-02-12,Windows,8
2025-02-12,nan,316
2025-02-12,null,316
2025-02-13,Darwin,6
2025-02-13,Linux,274
2025-02-13,Windows,13
2025-02-13,nan,63
2025-02-13,null,63
2025-02-14,Darwin,5
2025-02-14,Linux,176
2025-02-14,Windows,7
2025-02-14,nan,54
2025-02-14,null,54
2025-02-15,Darwin,2
2025-02-15,Linux,206
2025-02-15,Windows,7
2025-02-15,nan,20
2025-02-15,null,20
2025-02-16,Darwin,7
2025-02-16,Linux,212
2025-02-16,Windows,4
2025-02-16,nan,101
2025-02-16,null,101
2025-02-17,Darwin,12
2025-02-17,Linux,257
2025-02-17,Windows,16
2025-02-17,nan,6
2025-02-17,null,6
2025-02-18,Darwin,16
2025-02-18,Linux,335
2025-02-18,Windows,4
2025-02-18,nan,97
2025-02-18,null,97
2025-02-19,Darwin,10
2025-02-19,Linux,250
2025-02-19,Windows,14
2025-02-19,nan,18
2025-02-19,null,18
2025-02-20,Darwin,9
2025-02-20,Linux,233
2025-02-20,Windows,8
2025-02-20,nan,193
2025-02-20,null,193
2025-02-21,Darwin,10
2025-02-21,Linux,174
2025-02-21,Windows,4
2025-02-21,nan,28
2025-02-21,null,28
2025-02-22,Darwin,7
2025-02-22,Linux,149
2025-02-22,Windows,4
2025-02-22,nan,3
2025-02-22,null,3
2025-02-23,Linux,159
2025-02-23,Windows,4
2025-02-23,nan,3
2025-02-23,null,3
2025-02-24,Darwin,6
2025-02-24,Linux,168
2025-02-24,Windows,15
2025-02-24,nan,3
2025-02-24,null,3
2025-02-25,Darwin,14
2025-02-25,Linux,263
2025-02-25,Windows,30
2025-02-25,nan,1
2025-02-25,null,1
2025-02-26,Darwin,6
2025-02-26,Linux,249
2025-02-26,Windows,11
2025-02-26,nan,192
2025-02-26,null,192
2025-02-27,Darwin,7
2025-02-27,Linux,227
2025-02-27,Windows,10
2025-02-27,nan,19
2025-02-27,null,19
2025-02-28,Darwin,12
2025-02-28,Linux,182
2025-02-28,Windows,8
2025-02-28,nan,10
2025-02-28,null,10
2025-03-01,Linux,68
2025-03-01,Windows,8
2025-03-01,nan,202
2025-03-01,null,202
2025-03-02,Darwin,2
2025-03-02,Linux,132
2025-03-02,Windows,8
2025-03-02,nan,6
2025-03-02,null,6
2025-03-03,Darwin,18
2025-03-03,Linux,215
2025-03-03,Windows,17
2025-03-03,nan,102
2025-03-03,null,102
2025-03-04,Darwin,10
2025-03-04,Linux,259
2025-03-04,Windows,14
2025-03-04,nan,58
2025-03-04,null,58
2025-03-05,Darwin,29
2025-03-05,Linux,214
2025-03-05,Windows,10
2025-03-05,nan,110
2025-03-05,null,110
2025-03-06,Darwin,15
2025-03-06,Linux,276
2025-03-06,Windows,11
2025-03-06,nan,50
2025-03-06,null,50
2025-03-07,Darwin,10
2025-03-07,Linux,266
2025-03-07,Windows,15
2025-03-07,nan,212
2025-03-07,null,212
2025-03-08,Darwin,12
2025-03-08,Linux,135
2025-03-08,Windows,9
2025-03-08,nan,348
2025-03-08,null,348
2025-03-09,Darwin,5
2025-03-09,Linux,168
2025-03-09,Windows,6
2025-03-09,nan,13
2025-03-09,null,13
2025-03-10,Darwin,14
2025-03-10,Linux,227
2025-03-10,Windows,14
2025-03-10,nan,199
2025-03-10,null,199
2025-03-11,Darwin,26
2025-03-11,Linux,181
2025-03-11,Windows,12
2025-03-11,nan,102
2025-03-11,null,102
2025-03-12,Darwin,12
2025-03-12,Linux,248
2025-03-12,Windows,8
2025-03-12,nan,81
2025-03-12,null,81
2025-03-13,Darwin,9
2025-03-13,Linux,229
2025-03-13,Windows,16
2025-03-13,nan,227
2025-03-13,null,227
2025-03-14,Darwin,35
2025-03-14,Linux,281
2025-03-14,Windows,16
2025-03-14,nan,8
2025-03-14,null,8
2025-03-15,Darwin,6
2025-03-15,Linux,106
2025-03-15,Windows,9
2025-03-15,nan,5
2025-03-15,null,5
2025-03-16,Darwin,12
2025-03-16,Linux,146
2025-03-16,Windows,10
2025-03-16,nan,206
2025-03-16,null,206
2025-03-17,Darwin,15
2025-03-17,Linux,250
2025-03-17,Windows,14
2025-03-17,nan,300
2025-03-17,null,300
2025-03-18,Darwin,5
2025-03-18,Linux,217
2025-03-18,Windows,14
2025-03-18,nan,16
2025-03-18,null,16
2025-03-19,Darwin,12
2025-03-19,Linux,195
2025-03-19,Windows,13
2025-03-19,nan,11
2025-03-19,null,11
2025-03-20,Darwin,12
2025-03-20,Linux,131
2025-03-20,Windows,9
2025-03-20,nan,199
2025-03-20,null,199
2025-03-21,Darwin,10
2025-03-21,Linux,123
2025-03-21,Windows,18
2025-03-21,nan,196
2025-03-21,null,196
2025-03-22,Darwin,7
2025-03-22,Linux,103
2025-03-22,Windows,4
2025-03-22,nan,24
2025-03-22,null,24
2025-03-23,Darwin,12
2025-03-23,Linux,190
2025-03-23,Windows,6
2025-03-23,nan,190
2025-03-23,null,190
2025-03-24,Darwin,7
2025-03-24,Linux,198
2025-03-24,Windows,14
2025-03-24,nan,2
2025-03-24,null,2
2025-03-25,Darwin,20
2025-03-25,Linux,120
2025-03-25,Windows,8
2025-03-25,nan,22
2025-03-25,null,22
2025-03-26,Darwin,23
2025-03-26,Linux,196
2025-03-26,Windows,13
2025-03-26,nan,3
2025-03-26,null,3
2025-03-27,Darwin,23
2025-03-27,Linux,149
2025-03-27,Windows,10
2025-03-27,nan,141
2025-03-27,null,141
2025-03-28,Darwin,11
2025-03-28,Linux,151
2025-03-28,Windows,20
2025-03-28,nan,151
2025-03-28,null,151
2025-03-29,Darwin,1
2025-03-29,Linux,92
2025-03-29,Windows,5
2025-03-29,nan,275
2025-03-29,null,275
2025-03-30,Darwin,11
2025-03-30,Linux,130
2025-03-30,Windows,4
2025-03-30,nan,188
2025-03-30,null,188
2025-03-31,Darwin,12
2025-03-31,Linux,266
2025-03-31,Windows,18
2025-03-31,nan,95
2025-03-31,null,95
2025-04-01,Darwin,26
2025-04-01,Linux,247
2025-04-01,Windows,19
2025-04-01,nan,45
2025-04-01,null,45
2025-04-02,Darwin,10
2025-04-02,Linux,159
2025-04-02,Windows,8
2025-04-02,nan,22
2025-04-02,null,22
2025-04-03,Darwin,14
2025-04-03,Linux,214
2025-04-03,Windows,11
2025-04-03,nan,10
2025-04-03,null,10
2025-04-04,Darwin,6
2025-04-04,Linux,108
2025-04-04,Windows,15
2025-04-04,nan,282
2025-04-04,null,282
2025-04-05,Darwin,11
2025-04-05,Linux,71
2025-04-05,Windows,10
2025-04-05,nan,10
2025-04-05,null,10
2025-04-06,Darwin,8
2025-04-06,Linux,86
2025-04-06,Windows,9
2025-04-06,nan,89
2025-04-06,null,89
2025-04-07,Darwin,12
2025-04-07,Linux,236
2025-04-07,Windows,10
2025-04-07,nan,39
2025-04-07,null,39
2025-04-08,Darwin,14
2025-04-08,Linux,202
2025-04-08,Windows,7
2025-04-08,nan,217
2025-04-08,null,217
2025-04-09,Darwin,13
2025-04-09,Linux,269
2025-04-09,Windows,10
2025-04-09,nan,186
2025-04-09,null,186
2025-04-10,Darwin,12
2025-04-10,Linux,197
2025-04-10,Windows,6
2025-04-10,nan,211
2025-04-10,null,211
2025-04-11,Darwin,24
2025-04-11,Linux,230
2025-04-11,Windows,4
2025-04-11,nan,192
2025-04-11,null,192
2025-04-12,Darwin,2
2025-04-12,Linux,100
2025-04-12,Windows,6
2025-04-12,nan,68
2025-04-12,null,68
2025-04-13,Linux,102
2025-04-13,Windows,8
2025-04-13,nan,110
2025-04-13,null,110
2025-04-14,Darwin,10
2025-04-14,Linux,182
2025-04-14,Windows,9
2025-04-14,nan,216
2025-04-14,null,216
2025-04-15,Darwin,23
2025-04-15,Linux,131
2025-04-15,Windows,16
2025-04-15,nan,23
2025-04-15,null,23
2025-04-16,Darwin,35
2025-04-16,Linux,198
2025-04-16,Windows,10
2025-04-16,nan,104
2025-04-16,null,104
2025-04-17,Darwin,18
2025-04-17,Linux,155
2025-04-17,Windows,22
2025-04-17,nan,132
2025-04-17,null,132
2025-04-18,Darwin,7
2025-04-18,Linux,170
2025-04-18,Windows,7
2025-04-18,nan,210
2025-04-18,null,210
2025-04-19,Darwin,2
2025-04-19,Linux,100
2025-04-19,Windows,4
2025-04-19,nan,363
2025-04-19,null,363
2025-04-20,Darwin,3
2025-04-20,Linux,115
2025-04-20,Windows,4
2025-04-20,nan,100
2025-04-20,null,100
2025-04-21,Darwin,13
2025-04-21,Linux,169
2025-04-21,Windows,10
2025-04-21,nan,264
2025-04-21,null,264
2025-04-22,Darwin,18
2025-04-22,Linux,288
2025-04-22,Windows,14
2025-04-22,nan,379
2025-04-22,null,379
2025-04-23,Darwin,16
2025-04-23,Linux,175
2025-04-23,Windows,10
2025-04-23,nan,256
2025-04-23,null,256
2025-04-24,Darwin,16
2025-04-24,Linux,202
2025-04-24,Windows,10
2025-04-24,nan,32
2025-04-24,null,32
2025-04-25,Darwin,6
2025-04-25,Linux,189
2025-04-25,Windows,4
2025-04-25,nan,42
2025-04-25,null,42
2025-04-26,Darwin,7
2025-04-26,Linux,49
2025-04-26,Windows,5
2025-04-26,nan,309
2025-04-26,null,309
2025-04-27,Darwin,6
2025-04-27,Linux,140
2025-04-27,Windows,8
2025-04-27,nan,169
2025-04-27,null,169
2025-04-28,Darwin,12
2025-04-28,Linux,244
2025-04-28,Windows,13
2025-04-28,nan,322
2025-04-28,null,322
2025-04-29,Darwin,11
2025-04-29,Linux,198
2025-04-29,Windows,11
2025-04-29,nan,10
2025-04-29,null,10
2025-04-30,Darwin,21
2025-04-30,Linux,201
2025-04-30,Windows,8
2025-04-30,nan,100
2025-04-30,null,100
2025-05-01,Darwin,7
2025-05-01,Linux,151
2025-05-01,Windows,6
2025-05-01,nan,9
2025-05-01,null,9
2025-05-02,Darwin,14
2025-05-02,Linux,123
2025-05-02,nan,19
2025-05-02,null,19
2025-05-03,Darwin,4
2025-05-03,Linux,84
2025-05-03,Windows,5
2025-05-03,nan,124
2025-05-03,null,124
2025-05-04,Darwin,7
2025-05-04,Linux,163
2025-05-04,Windows,9
2025-05-04,nan,92
2025-05-04,null,92
2025-05-05,Darwin,15
2025-05-05,Linux,318
2025-05-05,Windows,4
2025-05-05,nan,112
2025-05-05,null,112
2025-05-06,Darwin,8
2025-05-06,Linux,405
2025-05-06,Windows,16
2025-05-06,nan,2
2025-05-06,null,2
2025-05-07,Darwin,24
2025-05-07,Linux,440
2025-05-07,Windows,18
2025-05-07,nan,104
2025-05-07,null,104
2025-05-08,Darwin,10
2025-05-08,Linux,419
2025-05-08,Windows,6
2025-05-08,nan,8
2025-05-08,null,8
2025-05-09,Darwin,9
2025-05-09,Linux,237
2025-05-09,Windows,13
2025-05-09,nan,3
2025-05-09,null,3
2025-05-10,Darwin,4
2025-05-10,Linux,83
2025-05-10,nan,46
2025-05-10,null,46
2025-05-11,Darwin,2
2025-05-11,Linux,133
2025-05-11,Windows,6
2025-05-11,nan,16
2025-05-11,null,16
2025-05-12,Darwin,9
2025-05-12,Linux,284
2025-05-12,Windows,13
2025-05-12,nan,5
2025-05-12,null,5
2025-05-13,Darwin,8
2025-05-13,Linux,274
2025-05-13,Windows,11
2025-05-13,nan,10
2025-05-13,null,10
2025-05-14,Darwin,1
2025-05-14,Linux,277
2025-05-14,Windows,12
2025-05-14,nan,208
2025-05-14,null,208
2025-05-15,Darwin,5
2025-05-15,Linux,363
2025-05-15,Windows,9
2025-05-15,nan,13
2025-05-15,null,13
2025-05-16,Darwin,14
2025-05-16,Linux,257
2025-05-16,Windows,8
2025-05-16,nan,3
2025-05-16,null,3
2025-05-17,Darwin,2
2025-05-17,Linux,97
2025-05-17,Windows,4
2025-05-17,nan,36
2025-05-17,null,36
2025-05-18,Linux,113
2025-05-18,Windows,2
2025-05-18,nan,33
2025-05-18,null,33
2025-05-19,Darwin,6
2025-05-19,Linux,450
2025-05-19,Windows,6
2025-05-19,nan,40
2025-05-19,null,40
2025-05-20,Darwin,18
2025-05-20,Linux,595
2025-05-20,Windows,13
2025-05-20,nan,3
2025-05-20,null,3
2025-05-21,Darwin,22
2025-05-21,Linux,446
2025-05-21,Windows,11
2025-05-21,nan,108
2025-05-21,null,108
2025-05-22,Darwin,18
2025-05-22,Linux,669
2025-05-22,Windows,10
2025-05-22,nan,7
2025-05-22,null,7
2025-05-23,Darwin,8
2025-05-23,Linux,265
2025-05-23,Windows,9
2025-05-23,nan,11
2025-05-23,null,11
2025-05-24,Darwin,4
2025-05-24,Linux,71
2025-05-24,Windows,3
2025-05-24,nan,19
2025-05-24,null,19
2025-05-25,Darwin,4
2025-05-25,Linux,162
2025-05-25,Windows,7
2025-05-25,nan,7
2025-05-25,null,7
2025-05-26,Darwin,18
2025-05-26,Linux,270
2025-05-26,Windows,15
2025-05-26,nan,25
2025-05-26,null,25
2025-05-27,Darwin,20
2025-05-27,Linux,262
2025-05-27,Windows,8
2025-05-27,nan,22
2025-05-27,null,22
2025-05-28,Darwin,26
2025-05-28,Linux,448
2025-05-28,nan,117
2025-05-28,null,117
2025-05-29,Darwin,7
2025-05-29,Linux,386
2025-05-29,Windows,9
2025-05-29,nan,35
2025-05-29,null,35
2025-05-30,Darwin,6
2025-05-30,Linux,330
2025-05-30,Windows,5
2025-05-30,nan,117
2025-05-30,null,117
2025-05-31,Linux,132
2025-05-31,Windows,4
2025-05-31,nan,10
2025-05-31,null,10
2025-06-01,Linux,162
2025-06-01,Windows,1
2025-06-01,nan,13
2025-06-01,null,13
2025-06-02,Darwin,7
2025-06-02,Linux,391
2025-06-02,Windows,1
2025-06-02,nan,170
2025-06-02,null,170
2025-06-03,Darwin,14
2025-06-03,Linux,519
2025-06-03,Windows,6
2025-06-03,nan,110
2025-06-03,null,110
2025-06-04,Darwin,22
2025-06-04,Linux,423
2025-06-04,Windows,13
2025-06-04,nan,5
2025-06-04,null,5
2025-06-05,Darwin,8
2025-06-05,Linux,371
2025-06-05,Windows,10
2025-06-05,nan,10
2025-06-05,null,10
2025-06-06,Darwin,23
2025-06-06,Linux,409
2025-06-06,Windows,20
2025-06-06,nan,167
2025-06-06,null,167
2025-06-07,Darwin,6
2025-06-07,Linux,147
2025-06-07,Windows,9
2025-06-07,nan,15
2025-06-07,null,15
2025-06-08,Darwin,5
2025-06-08,Linux,134
2025-06-08,Windows,3
2025-06-08,nan,112
2025-06-08,null,112
2025-06-09,Darwin,13
2025-06-09,Linux,522
2025-06-09,Windows,7
2025-06-09,nan,248
2025-06-09,null,248
2025-06-10,Darwin,24
2025-06-10,Linux,684
2025-06-10,Windows,34
2025-06-10,nan,12
2025-06-10,null,12
2025-06-11,Darwin,23
2025-06-11,Linux,1014
2025-06-11,Windows,27
2025-06-11,nan,72
2025-06-11,null,72
2025-06-12,Darwin,7
2025-06-12,Linux,376
2025-06-12,Windows,2
2025-06-12,nan,101
2025-06-12,null,101
2025-06-13,Darwin,9
2025-06-13,Linux,540
2025-06-13,Windows,11
2025-06-13,nan,125
2025-06-13,null,125
2025-06-14,Darwin,2
2025-06-14,Linux,192
2025-06-14,nan,8
2025-06-14,null,8
2025-06-15,Darwin,2
2025-06-15,Linux,104
2025-06-15,Windows,9
2025-06-15,nan,12
2025-06-15,null,12
2025-06-16,Darwin,32
2025-06-16,Linux,565
2025-06-16,Windows,27
2025-06-16,nan,107
2025-06-16,null,107
2025-06-17,Darwin,14
2025-06-17,Linux,375
2025-06-17,Windows,9
2025-06-17,nan,14
2025-06-17,null,14
2025-06-18,Darwin,15
2025-06-18,Linux,527
2025-06-18,Windows,7
2025-06-18,nan,12
2025-06-18,null,12
2025-06-19,Darwin,21
2025-06-19,Linux,290
2025-06-19,Windows,11
2025-06-19,nan,13
2025-06-19,null,13
2025-06-20,Darwin,8
2025-06-20,Linux,216
2025-06-20,Windows,12
2025-06-20,nan,120
2025-06-20,null,120
2025-06-21,Darwin,2
2025-06-21,Linux,168
2025-06-21,Windows,8
2025-06-21,nan,11
2025-06-21,null,11
2025-06-22,Darwin,12
2025-06-22,Linux,241
2025-06-22,Windows,20
2025-06-22,nan,107
2025-06-22,null,107
2025-06-23,Darwin,19
2025-06-23,Linux,568
2025-06-23,Windows,14
2025-06-23,nan,8
2025-06-23,null,8
2025-06-24,Darwin,43
2025-06-24,Linux,630
2025-06-24,Windows,25
2025-06-24,nan,10
2025-06-24,null,10
2025-06-25,Darwin,68
2025-06-25,Linux,1036
2025-06-25,Windows,6
2025-06-25,nan,55
2025-06-25,null,55
2025-06-26,Darwin,82
2025-06-26,Linux,857
2025-06-26,Windows,46
2025-06-26,nan,29
2025-06-26,null,29
2025-06-27,Darwin,57
2025-06-27,Linux,585
2025-06-27,Windows,6
2025-06-27,nan,9
2025-06-27,null,9
2025-06-28,Darwin,22
2025-06-28,Linux,295
2025-06-28,Windows,5
2025-06-28,nan,5
2025-06-28,null,5
2025-06-29,Darwin,28
2025-06-29,Linux,144
2025-06-29,Windows,5
2025-06-29,nan,1
2025-06-29,null,1
2025-06-30,Darwin,70
2025-06-30,Linux,757
2025-06-30,Windows,9
2025-06-30,nan,14
2025-06-30,null,14
2025-07-01,Darwin,156
2025-07-01,Linux,811
2025-07-01,Windows,13
2025-07-01,nan,113
2025-07-01,null,113
2025-07-02,Darwin,196
2025-07-02,Linux,839
2025-07-02,Windows,19
2025-07-02,nan,32
2025-07-02,null,32
2025-07-03,Darwin,69
2025-07-03,Linux,424
2025-07-03,Windows,15
2025-07-03,nan,187
2025-07-03,null,187
2025-07-04,Darwin,98
2025-07-04,Linux,607
2025-07-04,Windows,11
2025-07-04,nan,80
2025-07-04,null,80
2025-07-05,Darwin,28
2025-07-05,Linux,346
2025-07-05,Windows,2
2025-07-05,nan,13
2025-07-05,null,13
2025-07-06,Darwin,23
2025-07-06,Linux,310
2025-07-06,Windows,6
2025-07-06,nan,13
2025-07-06,null,13
2025-07-07,Darwin,60
2025-07-07,Linux,571
2025-07-07,Windows,18
2025-07-07,nan,42
2025-07-07,null,42
2025-07-08,Darwin,112
2025-07-08,Linux,951
2025-07-08,Windows,23
2025-07-08,nan,34
2025-07-08,null,34
2025-07-09,Darwin,61
2025-07-09,Linux,479
2025-07-09,Windows,29
2025-07-09,nan,58
2025-07-09,null,58
2025-07-10,Darwin,47
2025-07-10,Linux,701
2025-07-10,Windows,26
2025-07-10,nan,133
2025-07-10,null,133
2025-07-11,Darwin,60
2025-07-11,Linux,702
2025-07-11,Windows,15
2025-07-11,nan,113
2025-07-11,null,113
2025-07-12,Darwin,33
2025-07-12,Linux,243
2025-07-12,Windows,7
2025-07-12,nan,19
2025-07-12,null,19
2025-07-13,Darwin,30
2025-07-13,Linux,245
2025-07-13,Windows,7
2025-07-13,nan,284
2025-07-13,null,284
2025-07-14,Darwin,99
2025-07-14,Linux,835
2025-07-14,Windows,11
2025-07-14,nan,31
2025-07-14,null,31
2025-07-15,Darwin,133
2025-07-15,Linux,934
2025-07-15,Windows,8
2025-07-15,nan,38
2025-07-15,null,38
2025-07-16,Darwin,55
2025-07-16,Linux,615
2025-07-16,Windows,13
2025-07-16,nan,113
2025-07-16,null,113
2025-07-17,Darwin,70
2025-07-17,Linux,631
2025-07-17,Windows,12
2025-07-17,nan,26
2025-07-17,null,26
2025-07-18,Darwin,92
2025-07-18,Linux,499
2025-07-18,Windows,6
2025-07-18,nan,36
2025-07-18,null,36
2025-07-19,Darwin,47
2025-07-19,Linux,349
2025-07-19,Windows,12
2025-07-19,nan,212
2025-07-19,null,212
2025-07-20,Darwin,35
2025-07-20,Linux,315
2025-07-20,Windows,5
2025-07-20,nan,209
2025-07-20,null,209
2025-07-21,Darwin,61
2025-07-21,Linux,561
2025-07-21,Windows,14
2025-07-21,nan,6
2025-07-21,null,6
2025-07-22,Darwin,55
2025-07-22,Linux,736
2025-07-22,Windows,22
2025-07-22,nan,14
2025-07-22,null,14
2025-07-23,Darwin,85
2025-07-23,Linux,651
2025-07-23,Windows,27
2025-07-23,nan,27
2025-07-23,null,27
2025-07-24,Darwin,39
2025-07-24,Linux,757
2025-07-24,Windows,11
2025-07-24,nan,40
2025-07-24,null,40
2025-07-25,Darwin,85
2025-07-25,Linux,772
2025-07-25,Windows,5
2025-07-25,nan,41
2025-07-25,null,41
2025-07-26,Darwin,39
2025-07-26,Linux,396
2025-07-26,Windows,14
2025-07-26,nan,6
2025-07-26,null,6
2025-07-27,Darwin,30
2025-07-27,Linux,225
2025-07-27,Windows,20
2025-07-27,nan,15
2025-07-27,null,15
2025-07-28,Darwin,62
2025-07-28,Linux,817
2025-07-28,Windows,18
2025-07-28,nan,102
2025-07-28,null,102
2025-07-29,Darwin,65
2025-07-29,Linux,789
2025-07-29,Windows,13
2025-07-29,nan,221
2025-07-29,null,221
2025-07-30,Darwin,51
2025-07-30,Linux,716
2025-07-30,Windows,9
2025-07-30,nan,23
2025-07-30,null,23
2025-07-31,Darwin,74
2025-07-31,Linux,956
2025-07-31,Windows,17
2025-07-31,nan,110
2025-07-31,null,110
2025-08-01,Darwin,64
2025-08-01,Linux,779
2025-08-01,Windows,6
2025-08-01,nan,16
2025-08-01,null,16
2025-08-02,Darwin,41
2025-08-02,Linux,273
2025-08-02,Windows,4
2025-08-02,nan,7
2025-08-02,null,7
2025-08-03,Darwin,101
2025-08-03,Linux,579
2025-08-03,Windows,17
2025-08-03,nan,15
2025-08-03,null,15
2025-08-04,Darwin,206
2025-08-04,Linux,1323
2025-08-04,Windows,6
2025-08-04,nan,10
2025-08-04,null,10
2025-08-05,Darwin,97
2025-08-05,Linux,1023
2025-08-05,Windows,15
2025-08-05,nan,175
2025-08-05,null,175
2025-08-06,Darwin,386
2025-08-06,Linux,2308
2025-08-06,Windows,7
2025-08-06,nan,35
2025-08-06,null,35
2025-08-07,Darwin,199
2025-08-07,Linux,1373
2025-08-07,Windows,19
2025-08-07,nan,37
2025-08-07,null,37
2025-08-08,Darwin,74
2025-08-08,Linux,798
2025-08-08,Windows,16
2025-08-08,nan,20
2025-08-08,null,20
2025-08-09,Darwin,35
2025-08-09,Linux,307
2025-08-09,Windows,5
2025-08-09,nan,115
2025-08-09,null,115
2025-08-10,Darwin,38
2025-08-10,Linux,306
2025-08-10,Windows,8
2025-08-10,nan,21
2025-08-10,null,21
2025-08-11,Darwin,110
2025-08-11,Linux,1112
2025-08-11,Windows,28
2025-08-11,nan,39
2025-08-11,null,39
2025-08-12,Darwin,232
2025-08-12,Linux,1871
2025-08-12,Windows,9
2025-08-12,nan,9
2025-08-12,null,9
2025-08-13,Darwin,136
2025-08-13,Linux,978
2025-08-13,Windows,12
2025-08-13,nan,110
2025-08-13,null,110
2025-08-14,Darwin,114
2025-08-14,Linux,1260
2025-08-14,Windows,8
2025-08-14,nan,8
2025-08-14,null,8
2025-08-15,Darwin,118
2025-08-15,Linux,990
2025-08-15,Windows,4
2025-08-15,nan,4
2025-08-15,null,4
2025-08-16,Darwin,40
2025-08-16,Linux,493
2025-08-16,Windows,8
2025-08-16,nan,2
2025-08-16,null,2
2025-08-17,Darwin,35
2025-08-17,Linux,304
2025-08-17,Windows,2
2025-08-17,nan,13
2025-08-17,null,13
2025-08-18,Darwin,72
2025-08-18,Linux,790
2025-08-18,Windows,6
2025-08-18,nan,28
2025-08-18,null,28
2025-08-19,Darwin,91
2025-08-19,Linux,937
2025-08-19,Windows,31
2025-08-19,nan,17
2025-08-19,null,17
2025-08-20,Darwin,72
2025-08-20,Linux,986
2025-08-20,Windows,21
2025-08-20,nan,26
2025-08-20,null,26
2025-08-21,Darwin,53
2025-08-21,Linux,716
2025-08-21,Windows,18
2025-08-21,nan,103
2025-08-21,null,103
2025-08-22,Darwin,47
2025-08-22,Linux,727
2025-08-22,Windows,8
2025-08-22,nan,14
2025-08-22,null,14
2025-08-23,Darwin,39
2025-08-23,Linux,368
2025-08-23,Windows,12
2025-08-23,nan,63
2025-08-23,null,63
2025-08-24,Darwin,33
2025-08-24,Linux,453
2025-08-24,nan,136
2025-08-24,null,136
2025-08-25,Darwin,51
2025-08-25,Linux,861
2025-08-25,Windows,9
2025-08-25,nan,10
2025-08-25,null,10
2025-08-26,Darwin,81
2025-08-26,Linux,1351
2025-08-26,Windows,29
2025-08-26,nan,7
2025-08-26,null,7
2025-08-27,Darwin,60
2025-08-27,Linux,1197
2025-08-27,Windows,23
2025-08-27,nan,165
2025-08-27,null,165
2025-08-28,Darwin,65
2025-08-28,Linux,1159
2025-08-28,Windows,16
2025-08-28,nan,225
2025-08-28,null,225
2025-08-29,Darwin,47
2025-08-29,Linux,712
2025-08-29,Windows,14
2025-08-29,nan,225
2025-08-29,null,225
2025-08-30,Darwin,44
2025-08-30,Linux,361
2025-08-30,Windows,2
2025-08-30,nan,194
2025-08-30,null,194
2025-08-31,Darwin,40
2025-08-31,Linux,317
2025-08-31,Windows,8
2025-08-31,nan,43
2025-08-31,null,43
2025-09-01,Darwin,73
2025-09-01,Linux,594
2025-09-01,Windows,15
2025-09-01,nan,97
2025-09-01,null,97
2025-09-02,Darwin,210
2025-09-02,Linux,1623
2025-09-02,Windows,18
2025-09-02,nan,5
2025-09-02,null,5
2025-09-03,Darwin,91
2025-09-03,Linux,1093
2025-09-03,Windows,28
2025-09-03,nan,17
2025-09-03,null,17
2025-09-04,Darwin,147
2025-09-04,Linux,1244
2025-09-04,Windows,11
2025-09-04,nan,171
2025-09-04,null,171
2025-09-05,Darwin,78
2025-09-05,Linux,966
2025-09-05,Windows,2
2025-09-05,nan,149
2025-09-05,null,149
2025-09-06,Darwin,49
2025-09-06,Linux,498
2025-09-06,Windows,2
2025-09-06,nan,402
2025-09-06,null,402
2025-09-07,Darwin,46
2025-09-07,Linux,618
2025-09-07,Windows,2
2025-09-07,nan,21
2025-09-07,null,21
2025-09-08,Darwin,92
2025-09-08,Linux,1316
2025-09-08,Windows,9
2025-09-08,nan,46
2025-09-08,null,46
2025-09-09,Darwin,145
2025-09-09,Linux,1272
2025-09-09,Windows,4
2025-09-09,nan,113
2025-09-09,null,113
2025-09-10,Darwin,166
2025-09-10,Linux,1800
2025-09-10,Windows,5
2025-09-10,nan,115
2025-09-10,null,115
2025-09-11,Darwin,72
2025-09-11,Linux,964
2025-09-11,Windows,18
2025-09-11,nan,140
2025-09-11,null,140
2025-09-12,Darwin,74
2025-09-12,Linux,1172
2025-09-12,Windows,14
2025-09-12,nan,221
2025-09-12,null,221
2025-09-13,Darwin,60
2025-09-13,Linux,771
2025-09-13,Windows,15
2025-09-13,nan,434
2025-09-13,null,434
2025-09-14,Darwin,109
2025-09-14,Linux,710
2025-09-14,Windows,3
2025-09-14,nan,233
2025-09-14,null,233
2025-09-15,Darwin,88
2025-09-15,Linux,1181
2025-09-15,Windows,13
2025-09-15,nan,14
2025-09-15,null,14
2025-09-16,Darwin,66
2025-09-16,Linux,1913
2025-09-16,Windows,33
2025-09-16,nan,22
2025-09-16,null,22
2025-09-17,Darwin,74
2025-09-17,Linux,2143
2025-09-17,Windows,18
2025-09-17,nan,157
2025-09-17,null,157
2025-09-18,Darwin,69
2025-09-18,Linux,1504
2025-09-18,Windows,14
2025-09-18,nan,29
2025-09-18,null,29
2025-09-19,Darwin,82
2025-09-19,Linux,941
2025-09-19,Windows,15
2025-09-19,nan,8
2025-09-19,null,8
2025-09-20,Darwin,67
2025-09-20,Linux,953
2025-09-20,Windows,6
2025-09-20,nan,83
2025-09-20,null,83
2025-09-21,Darwin,51
2025-09-21,Linux,1266
2025-09-21,Windows,7
2025-09-21,nan,58
2025-09-21,null,58
2025-09-22,Darwin,107
2025-09-22,Linux,1906
2025-09-22,Windows,31
2025-09-22,nan,48
2025-09-22,null,48
2025-09-23,Darwin,60
2025-09-23,Linux,1248
2025-09-23,Windows,6
2025-09-23,nan,128
2025-09-23,null,128
2025-09-24,Darwin,67
2025-09-24,Linux,1778
2025-09-24,Windows,10
2025-09-24,nan,61
2025-09-24,null,61
2025-09-25,Darwin,58
2025-09-25,Linux,1593
2025-09-25,Windows,14
2025-09-25,nan,61
2025-09-25,null,61
2025-09-26,Darwin,56
2025-09-26,Linux,1038
2025-09-26,Windows,7
2025-09-26,nan,22
2025-09-26,null,22
2025-09-27,Darwin,45
2025-09-27,Linux,693
2025-09-27,Windows,2
2025-09-27,nan,122
2025-09-27,null,122
2025-09-28,Darwin,55
2025-09-28,Linux,1019
2025-09-28,Windows,12
2025-09-28,nan,33
2025-09-28,null,33
2025-09-29,Darwin,77
2025-09-29,Linux,1336
2025-09-29,Windows,11
2025-09-29,nan,42
2025-09-29,null,42
2025-09-30,Darwin,106
2025-09-30,Linux,1671
2025-09-30,Windows,14
2025-09-30,nan,37
2025-09-30,null,37
2025-10-01,Darwin,70
2025-10-01,Linux,1271
2025-10-01,Windows,2
2025-10-01,nan,172
2025-10-01,null,172
2025-10-02,Darwin,48
2025-10-02,Linux,1172
2025-10-02,Windows,15
2025-10-02,nan,133
2025-10-02,null,133
2025-10-03,Darwin,81
2025-10-03,Linux,1912
2025-10-03,Windows,9
2025-10-03,nan,29
2025-10-03,null,29
2025-10-04,Darwin,35
2025-10-04,Linux,1073
2025-10-04,Windows,6
2025-10-04,nan,33
2025-10-04,null,33
2025-10-05,Darwin,111
2025-10-05,Linux,727
2025-10-05,Windows,15
2025-10-05,nan,25
2025-10-05,null,25
2025-10-06,Darwin,116
2025-10-06,Linux,1582
2025-10-06,Windows,14
2025-10-06,nan,20
2025-10-06,null,20
2025-10-07,Darwin,48
2025-10-07,Linux,1469
2025-10-07,Windows,17
2025-10-07,nan,112
2025-10-07,null,112
2025-10-08,Darwin,90
2025-10-08,Linux,1059
2025-10-08,Windows,28
2025-10-08,nan,58
2025-10-08,null,58
2025-10-09,Darwin,143
2025-10-09,Linux,1242
2025-10-09,Windows,21
2025-10-09,nan,99
2025-10-09,null,99
2025-10-10,Darwin,41
2025-10-10,Linux,609
2025-10-10,Windows,14
2025-10-10,nan,140
2025-10-10,null,140
2025-10-11,Darwin,42
2025-10-11,Linux,366
2025-10-11,Windows,21
2025-10-11,nan,60
2025-10-11,null,60
2025-10-12,Darwin,35
2025-10-12,Linux,352
2025-10-12,Windows,8
2025-10-12,nan,16
2025-10-12,null,16
2025-10-13,Darwin,43
2025-10-13,Linux,567
2025-10-13,Windows,32
2025-10-13,nan,50
2025-10-13,null,50
2025-10-14,Darwin,43
2025-10-14,Linux,670
2025-10-14,Windows,13
2025-10-14,nan,22
2025-10-14,null,22
2025-10-15,Darwin,50
2025-10-15,Linux,817
2025-10-15,Windows,6
2025-10-15,nan,82
2025-10-15,null,82
2025-10-16,Darwin,193
2025-10-16,Linux,1702
2025-10-16,Windows,3
2025-10-16,nan,32
2025-10-16,null,32
2025-10-17,Darwin,53
2025-10-17,Linux,654
2025-10-17,Windows,24
2025-10-17,nan,39
2025-10-17,null,39
2025-10-18,Darwin,47
2025-10-18,Linux,464
2025-10-18,Windows,9
2025-10-18,nan,22
2025-10-18,null,22
2025-10-19,Darwin,53
2025-10-19,Linux,408
2025-10-19,Windows,11
2025-10-19,nan,28
2025-10-19,null,28
2025-10-20,Darwin,49
2025-10-20,Linux,653
2025-10-20,Windows,14
2025-10-20,nan,15
2025-10-20,null,15
2025-10-21,Darwin,76
2025-10-21,Linux,668
2025-10-21,Windows,26
2025-10-21,nan,40
2025-10-21,null,40
2025-10-22,Darwin,71
2025-10-22,Linux,734
2025-10-22,Windows,16
2025-10-22,nan,29
2025-10-22,null,29
2025-10-23,Darwin,53
2025-10-23,Linux,745
2025-10-23,Windows,27
2025-10-23,nan,13
2025-10-23,null,13
2025-10-24,Darwin,60
2025-10-24,Linux,584
2025-10-24,Windows,6
2025-10-24,nan,311
2025-10-24,null,311
2025-10-25,Darwin,33
2025-10-25,Linux,355
2025-10-25,Windows,17
2025-10-25,nan,127
2025-10-25,null,127
2025-10-26,Darwin,42
2025-10-26,Linux,357
2025-10-26,Windows,8
2025-10-26,nan,7
2025-10-26,null,7
2025-10-27,Darwin,117
2025-10-27,Linux,968
2025-10-27,Windows,31
2025-10-27,nan,138
2025-10-27,null,138
2025-10-28,Darwin,38
2025-10-28,Linux,1395
2025-10-28,Windows,17
2025-10-28,nan,13
2025-10-28,null,13
2025-10-29,Darwin,33
2025-10-29,Linux,1420
2025-10-29,Windows,9
2025-10-29,nan,7
2025-10-29,null,7
2025-10-30,Darwin,45
2025-10-30,Linux,1814
2025-10-30,Windows,15
2025-10-30,nan,14
2025-10-30,null,14
2025-10-31,Darwin,34
2025-10-31,Linux,774
2025-10-31,Windows,7
2025-10-31,nan,122
2025-10-31,null,122
2025-11-01,Darwin,54
2025-11-01,Linux,643
2025-11-01,Windows,2
2025-11-01,nan,16
2025-11-01,null,16
2025-11-02,Darwin,28
2025-11-02,Linux,1228
2025-11-02,Windows,5
2025-11-02,nan,121
2025-11-02,null,121
2025-11-03,Darwin,48
2025-11-03,Linux,2892
2025-11-03,Windows,16
2025-11-03,nan,11
2025-11-03,null,11
2025-11-04,Darwin,50
2025-11-04,Linux,1352
2025-11-04,Windows,10
2025-11-04,nan,57
2025-11-04,null,57
2025-11-05,Darwin,44
2025-11-05,Linux,1689
2025-11-05,Windows,19
2025-11-05,nan,30
2025-11-05,null,30
2025-11-06,Darwin,52
2025-11-06,Linux,1015
2025-11-06,Windows,17
2025-11-06,nan,216
2025-11-06,null,216
2025-11-07,Darwin,38
2025-11-07,Linux,1503
2025-11-07,Windows,15
2025-11-07,nan,114
2025-11-07,null,114
2025-11-08,Darwin,32
2025-11-08,Linux,1364
2025-11-08,Windows,18
2025-11-08,nan,15
2025-11-08,null,15
2025-11-09,Darwin,36
2025-11-09,Linux,2297
2025-11-09,Windows,6
2025-11-09,nan,5
2025-11-09,null,5
2025-11-10,Darwin,38
2025-11-10,Linux,1760
2025-11-10,Windows,7
2025-11-10,nan,19
2025-11-10,null,19
2025-11-11,Darwin,53
2025-11-11,Linux,1266
2025-11-11,Windows,7
2025-11-11,nan,11
2025-11-11,null,11
2025-11-12,Darwin,43
2025-11-12,Linux,913
2025-11-12,Windows,17
2025-11-12,nan,23
2025-11-12,null,23
2025-11-13,Darwin,29
2025-11-13,Linux,1053
2025-11-13,Windows,13
2025-11-13,nan,135
2025-11-13,null,135
2025-11-14,Darwin,34
2025-11-14,Linux,907
2025-11-14,Windows,13
2025-11-14,nan,117
2025-11-14,null,117
2025-11-15,Darwin,22
2025-11-15,Linux,2947
2025-11-15,nan,6
2025-11-15,null,6
2025-11-16,Darwin,30
2025-11-16,Linux,3519
2025-11-16,Windows,14
2025-11-16,nan,5
2025-11-16,null,5
2025-11-17,Darwin,36
2025-11-17,Linux,2146
2025-11-17,Windows,5
2025-11-17,nan,8
2025-11-17,null,8
2025-11-18,Darwin,39
2025-11-18,Linux,1720
2025-11-18,Windows,23
2025-11-18,nan,112
2025-11-18,null,112
2025-11-19,Darwin,31
2025-11-19,Linux,1661
2025-11-19,Windows,12
2025-11-19,nan,108
2025-11-19,null,108
2025-11-20,Darwin,48
2025-11-20,Linux,1872
2025-11-20,Windows,20
2025-11-20,nan,114
2025-11-20,null,114
2025-11-21,Darwin,24
2025-11-21,Linux,1608
2025-11-21,Windows,13
2025-11-21,nan,208
2025-11-21,null,208
2025-11-22,Darwin,29
2025-11-22,Linux,813
2025-11-22,Windows,8
2025-11-22,nan,101
2025-11-22,null,101
2025-11-23,Darwin,24
2025-11-23,Linux,545
2025-11-23,Windows,9
2025-11-23,nan,108
2025-11-23,null,108
2025-11-24,Darwin,38
2025-11-24,Linux,1024
2025-11-24,Windows,9
2025-11-24,nan,7
2025-11-24,null,7
2025-11-25,Darwin,37
2025-11-25,Linux,838
2025-11-25,Windows,15
2025-11-25,nan,110
2025-11-25,null,110
2025-11-26,Darwin,27
2025-11-26,Linux,580
2025-11-26,Windows,8
2025-11-26,nan,8
2025-11-26,null,8
2025-11-27,Darwin,30
2025-11-27,Linux,379
2025-11-27,Windows,16
2025-11-27,nan,7
2025-11-27,null,7
2025-11-28,Darwin,26
2025-11-28,Linux,347
2025-11-28,Windows,12
2025-11-28,nan,22
2025-11-28,null,22
2025-11-29,Darwin,24
2025-11-29,Linux,204
2025-11-29,Windows,13
2025-11-29,nan,12
2025-11-29,null,12
2025-11-30,Darwin,26
2025-11-30,Linux,357
2025-11-30,Windows,4
2025-11-30,nan,101
2025-11-30,null,101
2025-12-01,Darwin,36
2025-12-01,Linux,671
2025-12-01,Windows,21
2025-12-01,nan,6
2025-12-01,null,6
2025-12-02,Darwin,39
2025-12-02,Linux,818
2025-12-02,Windows,15
2025-12-02,nan,7
2025-12-02,null,7
2025-12-03,Darwin,58
2025-12-03,Linux,820
2025-12-03,Windows,16
2025-12-03,nan,15
2025-12-03,null,15
2025-12-04,Darwin,32
2025-12-04,Linux,619
2025-12-04,Windows,13
2025-12-04,nan,58
2025-12-04,null,58
2025-12-05,Darwin,28
2025-12-05,Linux,573
2025-12-05,Windows,15
2025-12-05,nan,250
2025-12-05,null,250
2025-12-06,Darwin,30
2025-12-06,Linux,246
2025-12-06,Windows,10
2025-12-06,nan,31
2025-12-06,null,31
2025-12-07,Darwin,26
2025-12-07,Linux,273
2025-12-07,Windows,5
2025-12-07,nan,120
2025-12-07,null,120
2025-12-08,Darwin,27
2025-12-08,Linux,614
2025-12-08,Windows,19
2025-12-08,nan,17
2025-12-08,null,17
2025-12-09,Darwin,38
2025-12-09,Linux,626
2025-12-09,Windows,35
2025-12-09,nan,283
2025-12-09,null,283
2025-12-10,Darwin,42
2025-12-10,Linux,607
2025-12-10,Windows,16
2025-12-10,nan,27
2025-12-10,null,27
2025-12-11,Darwin,27
2025-12-11,Linux,604
2025-12-11,Windows,14
2025-12-11,nan,217
2025-12-11,null,217
2025-12-12,Darwin,45
2025-12-12,Linux,810
2025-12-12,Windows,11
2025-12-12,nan,46
2025-12-12,null,46
2025-12-13,Darwin,25
2025-12-13,Linux,330
2025-12-13,Windows,2
2025-12-13,nan,120
2025-12-13,null,120
2025-12-14,Darwin,24
2025-12-14,Linux,227
2025-12-14,Windows,2
2025-12-14,nan,116
2025-12-14,null,116
2025-12-15,Darwin,34
2025-12-15,Linux,592
2025-12-15,Windows,10
2025-12-15,nan,123
2025-12-15,null,123
2025-12-16,Darwin,29
2025-12-16,Linux,494
2025-12-16,Windows,10
2025-12-16,nan,43
2025-12-16,null,43
2025-12-17,Darwin,86
2025-12-17,Linux,874
2025-12-17,Windows,26
2025-12-17,nan,38
2025-12-17,null,38
2025-12-18,Darwin,48
2025-12-18,Linux,603
2025-12-18,Windows,26
2025-12-18,nan,123
2025-12-18,null,123
2025-12-19,Darwin,26
2025-12-19,Linux,517
2025-12-19,Windows,57
2025-12-19,nan,30
2025-12-19,null,30
2025-12-20,Darwin,22
2025-12-20,Linux,694
2025-12-20,Windows,2
2025-12-20,nan,17
2025-12-20,null,17
2025-12-21,Darwin,18
2025-12-21,Linux,240
2025-12-21,Windows,8
2025-12-21,nan,68
2025-12-21,null,68
2025-12-22,Darwin,24
2025-12-22,Linux,438
2025-12-22,Windows,13
2025-12-22,nan,22
2025-12-22,null,22
2025-12-23,Darwin,20
2025-12-23,Linux,497
2025-12-23,Windows,17
2025-12-23,nan,21
2025-12-23,null,21
2025-12-24,Darwin,23
2025-12-24,Linux,344
2025-12-24,Windows,6
2025-12-24,nan,52
2025-12-24,null,52
2025-12-25,Darwin,17
2025-12-25,Linux,299
2025-12-25,Windows,23
2025-12-25,nan,19
2025-12-25,null,19
2025-12-26,Darwin,15
2025-12-26,Linux,248
2025-12-26,Windows,5
2025-12-26,nan,121
2025-12-26,null,121
2025-12-27,Darwin,20
2025-12-27,Linux,303
2025-12-27,Windows,4
2025-12-27,nan,39
2025-12-27,null,39
2025-12-28,Darwin,15
2025-12-28,Linux,241
2025-12-28,Windows,9
2025-12-28,nan,1146
2025-12-28,null,1146
2025-12-29,Darwin,27
2025-12-29,Linux,336
2025-12-29,Windows,3
2025-12-29,nan,1324
2025-12-29,null,1324
2025-12-30,Darwin,29
2025-12-30,Linux,250
2025-12-30,Windows,15
2025-12-30,nan,2076
2025-12-30,null,2076
2025-12-31,Darwin,17
2025-12-31,Linux,212
2025-12-31,Windows,6
2025-12-31,nan,1693
2025-12-31,null,1693
2026-01-01,Darwin,22
2026-01-01,Linux,181
2026-01-01,Windows,6
2026-01-01,nan,1809
2026-01-01,null,1809
2026-01-02,Darwin,28
2026-01-02,Linux,293
2026-01-02,Windows,6
2026-01-02,nan,1650
2026-01-02,null,1650
2026-01-03,Darwin,26
2026-01-03,Linux,244
2026-01-03,Windows,9
2026-01-03,nan,916
2026-01-03,null,916
2026-01-04,Darwin,17
2026-01-04,Linux,219
2026-01-04,Windows,19
2026-01-04,nan,1914
2026-01-04,null,1914
2026-01-05,Darwin,42
2026-01-05,Linux,515
2026-01-05,Windows,17
2026-01-05,nan,1849
2026-01-05,null,1849
2026-01-06,Darwin,39
2026-01-06,Linux,600
2026-01-06,Windows,17
2026-01-06,nan,1200
2026-01-06,null,1200
2026-01-07,Darwin,22
2026-01-07,Linux,538
2026-01-07,Windows,9
2026-01-07,nan,869
2026-01-07,null,869
2026-01-08,Darwin,35
2026-01-08,Linux,507
2026-01-08,Windows,17
2026-01-08,nan,1258
2026-01-08,null,1258
2026-01-09,Darwin,45
2026-01-09,Linux,557
2026-01-09,Windows,8
2026-01-09,nan,781
2026-01-09,null,781
2026-01-10,Darwin,17
2026-01-10,Linux,390
2026-01-10,Windows,8
2026-01-10,nan,874
2026-01-10,null,874
2026-01-11,Darwin,15
2026-01-11,Linux,361
2026-01-11,Windows,12
2026-01-11,nan,968
2026-01-11,null,968
2026-01-12,Darwin,26
2026-01-12,Linux,457
2026-01-12,Windows,14
2026-01-12,nan,1468
2026-01-12,null,1468
2026-01-13,Darwin,45
2026-01-13,Linux,449
2026-01-13,Windows,22
2026-01-13,nan,1112
2026-01-13,null,1112
2026-01-14,Darwin,41
2026-01-14,Linux,570
2026-01-14,Windows,18
2026-01-14,nan,813
2026-01-14,null,813
2026-01-15,Darwin,46
2026-01-15,Linux,526
2026-01-15,Windows,15
2026-01-15,nan,616
2026-01-15,null,616
2026-01-16,Darwin,26
2026-01-16,Linux,407
2026-01-16,Windows,54
2026-01-16,nan,823
2026-01-16,null,823
2026-01-17,Darwin,16
2026-01-17,Linux,151
2026-01-17,Windows,12
2026-01-17,nan,954
2026-01-17,null,954
2026-01-18,Darwin,25
2026-01-18,Linux,223
2026-01-18,Windows,10
2026-01-18,nan,987
2026-01-18,null,987
2026-01-19,Darwin,28
2026-01-19,Linux,251
2026-01-19,Windows,16
2026-01-19,nan,254
2026-01-19,null,254
2026-01-20,Darwin,61
2026-01-20,Linux,473
2026-01-20,Windows,28
2026-01-20,nan,782
2026-01-20,null,782
2026-01-21,Darwin,43
2026-01-21,Linux,555
2026-01-21,Windows,19
2026-01-21,nan,82
2026-01-21,null,82
2026-01-22,Darwin,60
2026-01-22,Linux,478
2026-01-22,Windows,25
2026-01-22,nan,2142
2026-01-22,null,2142
2026-01-23,Darwin,22
2026-01-23,Linux,517
2026-01-23,Windows,20
2026-01-23,nan,1461
2026-01-23,null,1461
2026-01-24,Darwin,46
2026-01-24,Linux,424
2026-01-24,Windows,19
2026-01-24,nan,2126
2026-01-24,null,2126
2026-01-25,Darwin,39
2026-01-25,Linux,294
2026-01-25,Windows,13
2026-01-25,nan,4576
2026-01-25,null,4576
2026-01-26,Darwin,81
2026-01-26,Linux,775
2026-01-26,Windows,27
2026-01-26,nan,3549
2026-01-26,null,3549
2026-01-27,Darwin,26
2026-01-27,Linux,436
2026-01-27,Windows,21
2026-01-27,nan,5338
2026-01-27,null,5338
2026-01-28,Darwin,111
2026-01-28,Linux,1120
2026-01-28,Windows,15
2026-01-28,nan,4468
2026-01-28,null,4468
2026-01-29,Darwin,52
2026-01-29,Linux,669
2026-01-29,Windows,23
2026-01-29,nan,3057
2026-01-29,null,3057
2026-01-30,Darwin,89
2026-01-30,Linux,843
2026-01-30,Windows,8
2026-01-30,nan,1255
2026-01-30,null,1255
2026-01-31,Darwin,27
2026-01-31,Linux,283
2026-01-31,Windows,5
2026-01-31,nan,1028
2026-01-31,null,1028
