date,category,downloads
2022-02-22,2,2
2022-02-22,2.0,2
2022-02-22,3,40
2022-02-22,3.0,40
2022-02-22,nan,254
2022-02-22,null,254
2022-02-23,nan,19
2022-02-23,null,19
2022-02-24,3,1
2022-02-24,3.0,1
2022-02-24,nan,6
2022-02-24,null,6
2022-02-25,2,1
2022-02-25,2.0,1
2022-02-25,3,18
2022-02-25,3.0,18
2022-02-25,nan,156
2022-02-25,null,156
2022-02-26,2,2
2022-02-26,2.0,2
2022-02-26,3,11
2022-02-26,3.0,11
2022-02-26,nan,205
2022-02-26,null,205
2022-02-27,3,6
2022-02-27,3.0,6
2022-02-27,nan,57
2022-02-27,null,57
2022-02-28,3,1
2022-02-28,3.0,1
2022-02-28,nan,50
2022-02-28,null,50
2022-03-01,nan,41
2022-03-01,null,41
2022-03-02,2,3
2022-03-02,2.0,3
2022-03-02,3,93
2022-03-02,3.0,93
2022-03-02,nan,1000
2022-03-02,null,1000
2022-03-03,3,4
2022-03-03,3.0,4
2022-03-03,nan,166
2022-03-03,null,166
2022-03-04,3,6
2022-03-04,3.0,6
2022-03-04,nan,117
2022-03-04,null,117
2022-03-05,nan,90
2022-03-05,null,90
2022-03-06,nan,81
2022-03-06,null,81
2022-03-07,nan,17
2022-03-07,null,17
2022-03-08,3,10
2022-03-08,3.0,10
2022-03-08,nan,62
2022-03-08,null,62
2022-03-09,nan,43
2022-03-09,null,43
2022-03-10,nan,70
2022-03-10,null,70
2022-03-11,nan,25
2022-03-11,null,25
2022-03-12,nan,18
2022-03-12,null,18
2022-03-13,nan,11
2022-03-13,null,11
2022-03-14,nan,60
2022-03-14,null,60
2022-03-15,3,1
2022-03-15,3.0,1
2022-03-15,nan,12
2022-03-15,null,12
2022-03-16,nan,9
2022-03-16,null,9
2022-03-17,nan,30
2022-03-17,null,30
2022-03-18,nan,18
2022-03-18,null,18
2022-03-19,nan,14
2022-03-19,null,14
2022-03-20,nan,40
2022-03-20,null,40
2022-03-21,nan,29
2022-03-21,null,29
2022-03-22,nan,42
2022-03-22,null,42
2022-03-23,nan,29
2022-03-23,null,29
2022-03-24,nan,45
2022-03-24,null,45
2022-03-25,nan,9
2022-03-25,null,9
2022-03-26,nan,28
2022-03-26,null,28
2022-03-27,nan,9
2022-03-27,null,9
2022-03-28,nan,18
2022-03-28,null,18
2022-03-29,nan,54
2022-03-29,null,54
2022-03-30,nan,11
2022-03-30,null,11
2022-03-31,nan,21
2022-03-31,null,21
2022-04-01,nan,46
2022-04-01,null,46
2022-04-02,nan,4
2022-04-02,null,4
2022-04-03,nan,12
2022-04-03,null,12
2022-04-04,nan,11
2022-04-04,null,11
2022-04-05,nan,21
2022-04-05,null,21
2022-04-06,nan,10
2022-04-06,null,10
2022-04-07,nan,37
2022-04-07,null,37
2022-04-08,nan,46
2022-04-08,null,46
2022-04-10,nan,11
2022-04-10,null,11
2022-04-11,3,1
2022-04-11,3.0,1
2022-04-11,nan,9
2022-04-11,null,9
2022-04-12,nan,23
2022-04-12,null,23
2022-04-13,nan,32
2022-04-13,null,32
2022-04-14,nan,34
2022-04-14,null,34
2022-04-15,3,1
2022-04-15,3.0,1
2022-04-15,nan,27
2022-04-15,null,27
2022-04-16,nan,24
2022-04-16,null,24
2022-04-17,nan,9
2022-04-17,null,9
2022-04-19,nan,10
2022-04-19,null,10
2022-04-20,nan,27
2022-04-20,null,27
2022-04-21,nan,9
2022-04-21,null,9
2022-04-23,nan,27
2022-04-23,null,27
2022-04-24,nan,9
2022-04-24,null,9
2022-04-25,nan,11
2022-04-25,null,11
2022-04-26,nan,19
2022-04-26,null,19
2022-04-27,nan,12
2022-04-27,null,12
2022-04-28,nan,9
2022-04-28,null,9
2022-04-29,nan,10
2022-04-29,null,10
2022-05-02,nan,1
2022-05-02,null,1
2022-05-04,3,1
2022-05-04,3.0,1
2022-05-04,nan,9
2022-05-04,null,9
2022-05-05,nan,18
2022-05-05,null,18
2022-05-06,nan,24
2022-05-06,null,24
2022-05-07,3,1
2022-05-07,3.0,1
2022-05-07,nan,12
2022-05-07,null,12
2022-05-08,3,2
2022-05-08,3.0,2
2022-05-08,nan,9
2022-05-08,null,9
2022-05-09,3,1
2022-05-09,3.0,1
2022-05-09,nan,9
2022-05-09,null,9
2022-05-10,3,53
2022-05-10,3.0,53
2022-05-10,nan,778
2022-05-10,null,778
2022-05-11,3,6
2022-05-11,3.0,6
2022-05-11,nan,59
2022-05-11,null,59
2022-05-12,3,2
2022-05-12,3.0,2
2022-05-12,nan,19
2022-05-12,null,19
2022-05-13,3,4
2022-05-13,3.0,4
2022-05-13,nan,12
2022-05-13,null,12
2022-05-14,nan,10
2022-05-14,null,10
2022-05-15,3,3
2022-05-15,3.0,3
2022-05-16,3,3
2022-05-16,3.0,3
2022-05-16,nan,17
2022-05-16,null,17
2022-05-17,3,33
2022-05-17,3.0,33
2022-05-17,nan,395
2022-05-17,null,395
2022-05-18,3,4
2022-05-18,3.0,4
2022-05-18,nan,103
2022-05-18,null,103
2022-05-19,3,16
2022-05-19,3.0,16
2022-05-19,nan,70
2022-05-19,null,70
2022-05-20,2,1
2022-05-20,2.0,1
2022-05-20,3,89
2022-05-20,3.0,89
2022-05-20,nan,38
2022-05-20,null,38
2022-05-21,3,16
2022-05-21,3.0,16
2022-05-21,nan,41
2022-05-21,null,41
2022-05-22,3,10
2022-05-22,3.0,10
2022-05-22,nan,50
2022-05-22,null,50
2022-05-23,2,1
2022-05-23,2.0,1
2022-05-23,3,25
2022-05-23,3.0,25
2022-05-23,nan,11
2022-05-23,null,11
2022-05-24,2,1
2022-05-24,2.0,1
2022-05-24,3,12
2022-05-24,3.0,12
2022-05-24,nan,15
2022-05-24,null,15
2022-05-25,3,18
2022-05-25,3.0,18
2022-05-25,nan,198
2022-05-25,null,198
2022-05-26,3,12
2022-05-26,3.0,12
2022-05-26,nan,63
2022-05-26,null,63
2022-05-27,3,11
2022-05-27,3.0,11
2022-05-27,nan,27
2022-05-27,null,27
2022-05-28,3,20
2022-05-28,3.0,20
2022-05-28,nan,225
2022-05-28,null,225
2022-05-29,3,6
2022-05-29,3.0,6
2022-05-29,nan,68
2022-05-29,null,68
2022-05-30,3,27
2022-05-30,3.0,27
2022-05-30,nan,26
2022-05-30,null,26
2022-05-31,3,16
2022-05-31,3.0,16
2022-05-31,nan,47
2022-05-31,null,47
2022-06-01,3,14
2022-06-01,3.0,14
2022-06-01,nan,79
2022-06-01,null,79
2022-06-02,3,5
2022-06-02,3.0,5
2022-06-02,nan,14
2022-06-02,null,14
2022-06-03,3,31
2022-06-03,3.0,31
2022-06-03,nan,94
2022-06-03,null,94
2022-06-04,3,1
2022-06-04,3.0,1
2022-06-04,nan,134
2022-06-04,null,134
2022-06-05,3,5
2022-06-05,3.0,5
2022-06-05,nan,96
2022-06-05,null,96
2022-06-06,2,2
2022-06-06,2.0,2
2022-06-06,3,11
2022-06-06,3.0,11
2022-06-06,nan,81
2022-06-06,null,81
2022-06-07,2,1
2022-06-07,2.0,1
2022-06-07,3,7
2022-06-07,3.0,7
2022-06-07,nan,14
2022-06-07,null,14
2022-06-08,3,25
2022-06-08,3.0,25
2022-06-08,nan,128
2022-06-08,null,128
2022-06-09,3,36
2022-06-09,3.0,36
2022-06-09,nan,215
2022-06-09,null,215
2022-06-10,3,10
2022-06-10,3.0,10
2022-06-10,nan,195
2022-06-10,null,195
2022-06-11,3,5
2022-06-11,3.0,5
2022-06-11,nan,86
2022-06-11,null,86
2022-06-12,3,2
2022-06-12,3.0,2
2022-06-12,nan,18
2022-06-12,null,18
2022-06-13,3,11
2022-06-13,3.0,11
2022-06-13,nan,27
2022-06-13,null,27
2022-06-14,3,16
2022-06-14,3.0,16
2022-06-14,nan,78
2022-06-14,null,78
2022-06-15,3,4
2022-06-15,3.0,4
2022-06-15,nan,77
2022-06-15,null,77
2022-06-16,3,18
2022-06-16,3.0,18
2022-06-16,nan,43
2022-06-16,null,43
2022-06-17,3,3
2022-06-17,3.0,3
2022-06-17,nan,42
2022-06-17,null,42
2022-06-18,3,5
2022-06-18,3.0,5
2022-06-18,nan,38
2022-06-18,null,38
2022-06-19,nan,43
2022-06-19,null,43
2022-06-20,3,2
2022-06-20,3.0,2
2022-06-20,nan,7
2022-06-20,null,7
2022-06-21,3,8
2022-06-21,3.0,8
2022-06-21,nan,65
2022-06-21,null,65
2022-06-22,2,1
2022-06-22,2.0,1
2022-06-22,3,9
2022-06-22,3.0,9
2022-06-22,nan,10
2022-06-22,null,10
2022-06-23,3,6
2022-06-23,3.0,6
2022-06-23,nan,71
2022-06-23,null,71
2022-06-24,3,18
2022-06-24,3.0,18
2022-06-24,nan,143
2022-06-24,null,143
2022-06-25,3,5
2022-06-25,3.0,5
2022-06-25,nan,141
2022-06-25,null,141
2022-06-26,3,3
2022-06-26,3.0,3
2022-06-26,nan,44
2022-06-26,null,44
2022-06-27,2,1
2022-06-27,2.0,1
2022-06-27,3,30
2022-06-27,3.0,30
2022-06-27,nan,264
2022-06-27,null,264
2022-06-28,2,1
2022-06-28,2.0,1
2022-06-28,3,14
2022-06-28,3.0,14
2022-06-28,nan,93
2022-06-28,null,93
2022-06-29,3,17
2022-06-29,3.0,17
2022-06-29,nan,191
2022-06-29,null,191
2022-06-30,3,16
2022-06-30,3.0,16
2022-06-30,nan,188
2022-06-30,null,188
2022-07-01,3,12
2022-07-01,3.0,12
2022-07-01,nan,261
2022-07-01,null,261
2022-07-02,3,3
2022-07-02,3.0,3
2022-07-02,nan,42
2022-07-02,null,42
2022-07-03,3,1
2022-07-03,3.0,1
2022-07-03,nan,136
2022-07-03,null,136
2022-07-04,3,4
2022-07-04,3.0,4
2022-07-04,nan,41
2022-07-04,null,41
2022-07-05,3,6
2022-07-05,3.0,6
2022-07-05,nan,63
2022-07-05,null,63
2022-07-06,3,2
2022-07-06,3.0,2
2022-07-06,nan,38
2022-07-06,null,38
2022-07-07,3,7
2022-07-07,3.0,7
2022-07-07,nan,71
2022-07-07,null,71
2022-07-08,3,27
2022-07-08,3.0,27
2022-07-08,nan,240
2022-07-08,null,240
2022-07-09,3,6
2022-07-09,3.0,6
2022-07-09,nan,101
2022-07-09,null,101
2022-07-10,3,37
2022-07-10,3.0,37
2022-07-10,nan,85
2022-07-10,null,85
2022-07-11,3,5
2022-07-11,3.0,5
2022-07-11,nan,23
2022-07-11,null,23
2022-07-12,3,3
2022-07-12,3.0,3
2022-07-12,nan,31
2022-07-12,null,31
2022-07-13,3,6
2022-07-13,3.0,6
2022-07-13,nan,11
2022-07-13,null,11
2022-07-14,3,5
2022-07-14,3.0,5
2022-07-14,nan,14
2022-07-14,null,14
2022-07-15,3,3
2022-07-15,3.0,3
2022-07-15,nan,4
2022-07-15,null,4
2022-07-16,3,5
2022-07-16,3.0,5
2022-07-16,nan,4
2022-07-16,null,4
2022-07-17,3,5
2022-07-17,3.0,5
2022-07-17,nan,40
2022-07-17,null,40
2022-07-18,3,2
2022-07-18,3.0,2
2022-07-18,nan,56
2022-07-18,null,56
2022-07-19,3,6
2022-07-19,3.0,6
2022-07-19,nan,37
2022-07-19,null,37
2022-07-20,3,1
2022-07-20,3.0,1
2022-07-20,nan,43
2022-07-20,null,43
2022-07-21,3,3
2022-07-21,3.0,3
2022-07-21,nan,74
2022-07-21,null,74
2022-07-22,2,1
2022-07-22,2.0,1
2022-07-22,3,6
2022-07-22,3.0,6
2022-07-22,nan,60
2022-07-22,null,60
2022-07-23,nan,88
2022-07-23,null,88
2022-07-24,3,2
2022-07-24,3.0,2
2022-07-25,3,1
2022-07-25,3.0,1
2022-07-25,nan,105
2022-07-25,null,105
2022-07-26,3,8
2022-07-26,3.0,8
2022-07-26,nan,64
2022-07-26,null,64
2022-07-27,3,7
2022-07-27,3.0,7
2022-07-27,nan,31
2022-07-27,null,31
2022-07-28,3,7
2022-07-28,3.0,7
2022-07-28,nan,14
2022-07-28,null,14
2022-07-29,3,13
2022-07-29,3.0,13
2022-07-29,nan,116
2022-07-29,null,116
2022-07-30,3,6
2022-07-30,3.0,6
2022-07-30,nan,33
2022-07-30,null,33
2022-07-31,nan,59
2022-07-31,null,59
2022-08-01,3,3
2022-08-01,3.0,3
2022-08-01,nan,35
2022-08-01,null,35
2022-08-02,3,7
2022-08-02,3.0,7
2022-08-02,nan,11
2022-08-02,null,11
2022-08-03,3,4
2022-08-03,3.0,4
2022-08-03,nan,18
2022-08-03,null,18
2022-08-04,3,16
2022-08-04,3.0,16
2022-08-04,nan,54
2022-08-04,null,54
2022-08-05,3,49
2022-08-05,3.0,49
2022-08-05,nan,218
2022-08-05,null,218
2022-08-06,2,2
2022-08-06,2.0,2
2022-08-06,3,76
2022-08-06,3.0,76
2022-08-06,nan,266
2022-08-06,null,266
2022-08-07,2,10
2022-08-07,2.0,10
2022-08-07,3,142
2022-08-07,3.0,142
2022-08-07,nan,74
2022-08-07,null,74
2022-08-08,2,2
2022-08-08,2.0,2
2022-08-08,3,138
2022-08-08,3.0,138
2022-08-08,nan,77
2022-08-08,null,77
2022-08-09,2,5
2022-08-09,2.0,5
2022-08-09,3,93
2022-08-09,3.0,93
2022-08-09,nan,142
2022-08-09,null,142
2022-08-10,2,1
2022-08-10,2.0,1
2022-08-10,3,53
2022-08-10,3.0,53
2022-08-10,nan,88
2022-08-10,null,88
2022-08-11,2,1
2022-08-11,2.0,1
2022-08-11,3,32
2022-08-11,3.0,32
2022-08-11,nan,76
2022-08-11,null,76
2022-08-12,2,1
2022-08-12,2.0,1
2022-08-12,3,46
2022-08-12,3.0,46
2022-08-12,nan,207
2022-08-12,null,207
2022-08-13,2,4
2022-08-13,2.0,4
2022-08-13,3,12
2022-08-13,3.0,12
2022-08-13,nan,116
2022-08-13,null,116
2022-08-14,3,12
2022-08-14,3.0,12
2022-08-14,nan,29
2022-08-14,null,29
2022-08-15,2,1
2022-08-15,2.0,1
2022-08-15,3,18
2022-08-15,3.0,18
2022-08-15,nan,131
2022-08-15,null,131
2022-08-16,3,27
2022-08-16,3.0,27
2022-08-16,nan,205
2022-08-16,null,205
2022-08-17,3,23
2022-08-17,3.0,23
2022-08-17,nan,11
2022-08-17,null,11
2022-08-18,3,42
2022-08-18,3.0,42
2022-08-18,nan,116
2022-08-18,null,116
2022-08-19,3,19
2022-08-19,3.0,19
2022-08-19,nan,95
2022-08-19,null,95
2022-08-20,3,5
2022-08-20,3.0,5
2022-08-20,nan,143
2022-08-20,null,143
2022-08-21,3,7
2022-08-21,3.0,7
2022-08-21,nan,191
2022-08-21,null,191
2022-08-22,2,1
2022-08-22,2.0,1
2022-08-22,3,21
2022-08-22,3.0,21
2022-08-22,nan,66
2022-08-22,null,66
2022-08-23,2,2
2022-08-23,2.0,2
2022-08-23,3,14
2022-08-23,3.0,14
2022-08-23,nan,150
2022-08-23,null,150
2022-08-24,3,30
2022-08-24,3.0,30
2022-08-24,nan,199
2022-08-24,null,199
2022-08-25,3,25
2022-08-25,3.0,25
2022-08-25,nan,105
2022-08-25,null,105
2022-08-26,3,11
2022-08-26,3.0,11
2022-08-26,nan,316
2022-08-26,null,316
2022-08-27,3,4
2022-08-27,3.0,4
2022-08-27,nan,58
2022-08-27,null,58
2022-08-28,3,2
2022-08-28,3.0,2
2022-08-28,nan,77
2022-08-28,null,77
2022-08-29,3,8
2022-08-29,3.0,8
2022-08-29,nan,23
2022-08-29,null,23
2022-08-30,3,14
2022-08-30,3.0,14
2022-08-30,nan,68
2022-08-30,null,68
2022-08-31,3,28
2022-08-31,3.0,28
2022-08-31,nan,102
2022-08-31,null,102
2022-09-01,3,38
2022-09-01,3.0,38
2022-09-01,nan,139
2022-09-01,null,139
2022-09-02,2,7
2022-09-02,2.0,7
2022-09-02,3,19
2022-09-02,3.0,19
2022-09-02,nan,135
2022-09-02,null,135
2022-09-03,3,4
2022-09-03,3.0,4
2022-09-03,nan,242
2022-09-03,null,242
2022-09-04,3,4
2022-09-04,3.0,4
2022-09-04,nan,49
2022-09-04,null,49
2022-09-05,3,15
2022-09-05,3.0,15
2022-09-05,nan,98
2022-09-05,null,98
2022-09-06,3,10
2022-09-06,3.0,10
2022-09-06,nan,73
2022-09-06,null,73
2022-09-07,3,31
2022-09-07,3.0,31
2022-09-07,nan,86
2022-09-07,null,86
2022-09-08,3,14
2022-09-08,3.0,14
2022-09-08,nan,129
2022-09-08,null,129
2022-09-09,3,34
2022-09-09,3.0,34
2022-09-09,nan,222
2022-09-09,null,222
2022-09-10,3,8
2022-09-10,3.0,8
2022-09-10,nan,61
2022-09-10,null,61
2022-09-11,3,2
2022-09-11,3.0,2
2022-09-11,nan,78
2022-09-11,null,78
2022-09-12,3,13
2022-09-12,3.0,13
2022-09-12,nan,99
2022-09-12,null,99
2022-09-13,2,1
2022-09-13,2.0,1
2022-09-13,3,7
2022-09-13,3.0,7
2022-09-13,nan,19
2022-09-13,null,19
2022-09-14,3,37
2022-09-14,3.0,37
2022-09-14,nan,148
2022-09-14,null,148
2022-09-15,3,8
2022-09-15,3.0,8
2022-09-15,nan,175
2022-09-15,null,175
2022-09-16,3,9
2022-09-16,3.0,9
2022-09-16,nan,102
2022-09-16,null,102
2022-09-17,3,2
2022-09-17,3.0,2
2022-09-17,nan,115
2022-09-17,null,115
2022-09-18,3,1
2022-09-18,3.0,1
2022-09-18,nan,54
2022-09-18,null,54
2022-09-19,2,1
2022-09-19,2.0,1
2022-09-19,3,18
2022-09-19,3.0,18
2022-09-19,nan,147
2022-09-19,null,147
2022-09-20,3,21
2022-09-20,3.0,21
2022-09-20,nan,20
2022-09-20,null,20
2022-09-21,2,1
2022-09-21,2.0,1
2022-09-21,3,16
2022-09-21,3.0,16
2022-09-21,nan,23
2022-09-21,null,23
2022-09-22,3,13
2022-09-22,3.0,13
2022-09-22,nan,138
2022-09-22,null,138
2022-09-23,3,7
2022-09-23,3.0,7
2022-09-23,nan,94
2022-09-23,null,94
2022-09-24,3,1
2022-09-24,3.0,1
2022-09-24,nan,10
2022-09-24,null,10
2022-09-25,3,6
2022-09-25,3.0,6
2022-09-25,nan,7
2022-09-25,null,7
2022-09-26,3,10
2022-09-26,3.0,10
2022-09-26,nan,147
2022-09-26,null,147
2022-09-27,3,9
2022-09-27,3.0,9
2022-09-27,nan,122
2022-09-27,null,122
2022-09-28,3,14
2022-09-28,3.0,14
2022-09-28,nan,65
2022-09-28,null,65
2022-09-29,3,17
2022-09-29,3.0,17
2022-09-29,nan,7
2022-09-29,null,7
2022-09-30,3,29
2022-09-30,3.0,29
2022-09-30,nan,86
2022-09-30,null,86
2022-10-01,3,1
2022-10-01,3.0,1
2022-10-01,nan,122
2022-10-01,null,122
2022-10-02,3,3
2022-10-02,3.0,3
2022-10-02,nan,7
2022-10-02,null,7
2022-10-03,3,10
2022-10-03,3.0,10
2022-10-03,nan,92
2022-10-03,null,92
2022-10-04,2,1
2022-10-04,2.0,1
2022-10-04,3,6
2022-10-04,3.0,6
2022-10-04,nan,182
2022-10-04,null,182
2022-10-05,3,15
2022-10-05,3.0,15
2022-10-05,nan,78
2022-10-05,null,78
2022-10-06,3,8
2022-10-06,3.0,8
2022-10-06,nan,28
2022-10-06,null,28
2022-10-07,3,66
2022-10-07,3.0,66
2022-10-07,nan,86
2022-10-07,null,86
2022-10-08,3,17
2022-10-08,3.0,17
2022-10-08,nan,13
2022-10-08,null,13
2022-10-09,3,2
2022-10-09,3.0,2
2022-10-09,nan,46
2022-10-09,null,46
2022-10-10,3,17
2022-10-10,3.0,17
2022-10-10,nan,36
2022-10-10,null,36
2022-10-11,3,11
2022-10-11,3.0,11
2022-10-11,nan,8
2022-10-11,null,8
2022-10-12,3,7
2022-10-12,3.0,7
2022-10-12,nan,104
2022-10-12,null,104
2022-10-13,3,3
2022-10-13,3.0,3
2022-10-13,nan,161
2022-10-13,null,161
2022-10-14,3,18
2022-10-14,3.0,18
2022-10-14,nan,66
2022-10-14,null,66
2022-10-15,3,16
2022-10-15,3.0,16
2022-10-15,nan,87
2022-10-15,null,87
2022-10-16,3,10
2022-10-16,3.0,10
2022-10-16,nan,66
2022-10-16,null,66
2022-10-17,3,15
2022-10-17,3.0,15
2022-10-17,nan,38
2022-10-17,null,38
2022-10-18,3,30
2022-10-18,3.0,30
2022-10-18,nan,94
2022-10-18,null,94
2022-10-19,2,1
2022-10-19,2.0,1
2022-10-19,3,9
2022-10-19,3.0,9
2022-10-19,nan,123
2022-10-19,null,123
2022-10-20,3,9
2022-10-20,3.0,9
2022-10-20,nan,48
2022-10-20,null,48
2022-10-21,3,8
2022-10-21,3.0,8
2022-10-21,nan,65
2022-10-21,null,65
2022-10-22,3,15
2022-10-22,3.0,15
2022-10-22,nan,144
2022-10-22,null,144
2022-10-23,3,1
2022-10-23,3.0,1
2022-10-23,nan,14
2022-10-23,null,14
2022-10-24,3,6
2022-10-24,3.0,6
2022-10-24,nan,7
2022-10-24,null,7
2022-10-25,3,22
2022-10-25,3.0,22
2022-10-25,nan,64
2022-10-25,null,64
2022-10-26,3,15
2022-10-26,3.0,15
2022-10-26,nan,121
2022-10-26,null,121
2022-10-27,3,9
2022-10-27,3.0,9
2022-10-27,nan,66
2022-10-27,null,66
2022-10-28,3,8
2022-10-28,3.0,8
2022-10-28,nan,7
2022-10-28,null,7
2022-10-29,nan,130
2022-10-29,null,130
2022-10-30,3,5
2022-10-30,3.0,5
2022-10-30,nan,133
2022-10-30,null,133
2022-10-31,3,5
2022-10-31,3.0,5
2022-10-31,nan,7
2022-10-31,null,7
2022-11-01,3,1
2022-11-01,3.0,1
2022-11-01,nan,30
2022-11-01,null,30
2022-11-02,3,5
2022-11-02,3.0,5
2022-11-02,nan,47
2022-11-02,null,47
2022-11-03,2,1
2022-11-03,2.0,1
2022-11-03,3,5
2022-11-03,3.0,5
2022-11-03,nan,19
2022-11-03,null,19
2022-11-04,3,7
2022-11-04,3.0,7
2022-11-04,nan,75
2022-11-04,null,75
2022-11-05,3,4
2022-11-05,3.0,4
2022-11-05,nan,71
2022-11-05,null,71
2022-11-06,3,9
2022-11-06,3.0,9
2022-11-06,nan,163
2022-11-06,null,163
2022-11-07,3,8
2022-11-07,3.0,8
2022-11-07,nan,64
2022-11-07,null,64
2022-11-08,3,2
2022-11-08,3.0,2
2022-11-08,nan,32
2022-11-08,null,32
2022-11-09,2,1
2022-11-09,2.0,1
2022-11-09,3,7
2022-11-09,3.0,7
2022-11-09,nan,7
2022-11-09,null,7
2022-11-10,3,25
2022-11-10,3.0,25
2022-11-10,nan,206
2022-11-10,null,206
2022-11-11,3,15
2022-11-11,3.0,15
2022-11-11,nan,193
2022-11-11,null,193
2022-11-12,3,2
2022-11-12,3.0,2
2022-11-12,nan,104
2022-11-12,null,104
2022-11-13,3,2
2022-11-13,3.0,2
2022-11-13,nan,97
2022-11-13,null,97
2022-11-14,3,19
2022-11-14,3.0,19
2022-11-14,nan,23
2022-11-14,null,23
2022-11-15,3,28
2022-11-15,3.0,28
2022-11-15,nan,67
2022-11-15,null,67
2022-11-16,3,23
2022-11-16,3.0,23
2022-11-16,nan,11
2022-11-16,null,11
2022-11-17,3,22
2022-11-17,3.0,22
2022-11-17,nan,97
2022-11-17,null,97
2022-11-18,3,3
2022-11-18,3.0,3
2022-11-18,nan,68
2022-11-18,null,68
2022-11-19,3,3
2022-11-19,3.0,3
2022-11-19,nan,111
2022-11-19,null,111
2022-11-20,3,5
2022-11-20,3.0,5
2022-11-20,nan,32
2022-11-20,null,32
2022-11-21,3,6
2022-11-21,3.0,6
2022-11-21,nan,142
2022-11-21,null,142
2022-11-22,3,5
2022-11-22,3.0,5
2022-11-22,nan,5
2022-11-22,null,5
2022-11-23,3,14
2022-11-23,3.0,14
2022-11-23,nan,12
2022-11-23,null,12
2022-11-24,3,9
2022-11-24,3.0,9
2022-11-24,nan,206
2022-11-24,null,206
2022-11-25,3,4
2022-11-25,3.0,4
2022-11-25,nan,140
2022-11-25,null,140
2022-11-26,3,1
2022-11-26,3.0,1
2022-11-26,nan,62
2022-11-26,null,62
2022-11-27,nan,137
2022-11-27,null,137
2022-11-28,3,14
2022-11-28,3.0,14
2022-11-28,nan,7
2022-11-28,null,7
2022-11-29,3,34
2022-11-29,3.0,34
2022-11-29,nan,131
2022-11-29,null,131
2022-11-30,3,37
2022-11-30,3.0,37
2022-11-30,nan,1
2022-11-30,null,1
2022-12-01,3,7
2022-12-01,3.0,7
2022-12-01,nan,63
2022-12-01,null,63
2022-12-02,3,6
2022-12-02,3.0,6
2022-12-02,nan,127
2022-12-02,null,127
2022-12-03,3,3
2022-12-03,3.0,3
2022-12-03,nan,70
2022-12-03,null,70
2022-12-04,3,3
2022-12-04,3.0,3
2022-12-04,nan,4
2022-12-04,null,4
2022-12-05,3,7
2022-12-05,3.0,7
2022-12-05,nan,7
2022-12-05,null,7
2022-12-06,3,23
2022-12-06,3.0,23
2022-12-06,nan,10
2022-12-06,null,10
2022-12-07,3,9
2022-12-07,3.0,9
2022-12-07,nan,117
2022-12-07,null,117
2022-12-08,3,8
2022-12-08,3.0,8
2022-12-08,nan,126
2022-12-08,null,126
2022-12-09,3,8
2022-12-09,3.0,8
2022-12-09,nan,62
2022-12-09,null,62
2022-12-10,2,1
2022-12-10,2.0,1
2022-12-10,3,7
2022-12-10,3.0,7
2022-12-10,nan,121
2022-12-10,null,121
2022-12-11,3,5
2022-12-11,3.0,5
2022-12-11,nan,83
2022-12-11,null,83
2022-12-12,3,7
2022-12-12,3.0,7
2022-12-12,nan,30
2022-12-12,null,30
2022-12-13,3,11
2022-12-13,3.0,11
2022-12-13,nan,20
2022-12-13,null,20
2022-12-14,2,1
2022-12-14,2.0,1
2022-12-14,3,5
2022-12-14,3.0,5
2022-12-14,nan,10
2022-12-14,null,10
2022-12-15,3,15
2022-12-15,3.0,15
2022-12-15,nan,7
2022-12-15,null,7
2022-12-16,3,6
2022-12-16,3.0,6
2022-12-16,nan,7
2022-12-16,null,7
2022-12-17,3,10
2022-12-17,3.0,10
2022-12-17,nan,12
2022-12-17,null,12
2022-12-18,3,1
2022-12-18,3.0,1
2022-12-18,nan,9
2022-12-18,null,9
2022-12-19,3,13
2022-12-19,3.0,13
2022-12-19,nan,13
2022-12-19,null,13
2022-12-20,nan,76
2022-12-20,null,76
2022-12-21,3,1
2022-12-21,3.0,1
2022-12-21,nan,100
2022-12-21,null,100
2022-12-22,3,5
2022-12-22,3.0,5
2022-12-22,nan,41
2022-12-22,null,41
2022-12-23,3,5
2022-12-23,3.0,5
2022-12-23,nan,20
2022-12-23,null,20
2022-12-24,3,10
2022-12-24,3.0,10
2022-12-24,nan,1
2022-12-24,null,1
2022-12-25,nan,66
2022-12-25,null,66
2022-12-26,3,8
2022-12-26,3.0,8
2022-12-26,nan,88
2022-12-26,null,88
2022-12-27,3,3
2022-12-27,3.0,3
2022-12-27,nan,128
2022-12-27,null,128
2022-12-28,3,8
2022-12-28,3.0,8
2022-12-28,nan,44
2022-12-28,null,44
2022-12-29,3,17
2022-12-29,3.0,17
2022-12-29,nan,6
2022-12-29,null,6
2022-12-30,3,22
2022-12-30,3.0,22
2022-12-30,nan,84
2022-12-30,null,84
2022-12-31,3,4
2022-12-31,3.0,4
2022-12-31,nan,113
2022-12-31,null,113
2023-01-01,3,8
2023-01-01,3.0,8
2023-01-01,nan,110
2023-01-01,null,110
2023-01-02,3,6
2023-01-02,3.0,6
2023-01-02,nan,97
2023-01-02,null,97
2023-01-03,3,3
2023-01-03,3.0,3
2023-01-03,nan,108
2023-01-03,null,108
2023-01-04,3,13
2023-01-04,3.0,13
2023-01-04,nan,110
2023-01-04,null,110
2023-01-05,3,5
2023-01-05,3.0,5
2023-01-05,nan,94
2023-01-05,null,94
2023-01-06,2,1
2023-01-06,2.0,1
2023-01-06,3,35
2023-01-06,3.0,35
2023-01-06,nan,34
2023-01-06,null,34
2023-01-07,3,7
2023-01-07,3.0,7
2023-01-07,nan,205
2023-01-07,null,205
2023-01-08,3,9
2023-01-08,3.0,9
2023-01-08,nan,286
2023-01-08,null,286
2023-01-09,2,1
2023-01-09,2.0,1
2023-01-09,3,27
2023-01-09,3.0,27
2023-01-09,nan,73
2023-01-09,null,73
2023-01-10,2,1
2023-01-10,2.0,1
2023-01-10,3,40
2023-01-10,3.0,40
2023-01-10,nan,12
2023-01-10,null,12
2023-01-11,3,16
2023-01-11,3.0,16
2023-01-11,nan,53
2023-01-11,null,53
2023-01-12,2,2
2023-01-12,2.0,2
2023-01-12,3,35
2023-01-12,3.0,35
2023-01-12,nan,94
2023-01-12,null,94
2023-01-13,2,2
2023-01-13,2.0,2
2023-01-13,3,20
2023-01-13,3.0,20
2023-01-13,nan,46
2023-01-13,null,46
2023-01-14,3,5
2023-01-14,3.0,5
2023-01-14,nan,71
2023-01-14,null,71
2023-01-15,3,11
2023-01-15,3.0,11
2023-01-15,nan,12
2023-01-15,null,12
2023-01-16,3,10
2023-01-16,3.0,10
2023-01-16,nan,28
2023-01-16,null,28
2023-01-17,3,17
2023-01-17,3.0,17
2023-01-17,nan,11
2023-01-17,null,11
2023-01-18,3,8
2023-01-18,3.0,8
2023-01-18,nan,2
2023-01-18,null,2
2023-01-19,2,1
2023-01-19,2.0,1
2023-01-19,3,10
2023-01-19,3.0,10
2023-01-19,nan,36
2023-01-19,null,36
2023-01-20,3,28
2023-01-20,3.0,28
2023-01-20,nan,80
2023-01-20,null,80
2023-01-21,2,1
2023-01-21,2.0,1
2023-01-21,3,8
2023-01-21,3.0,8
2023-01-21,nan,2
2023-01-21,null,2
2023-01-22,3,4
2023-01-22,3.0,4
2023-01-22,nan,88
2023-01-22,null,88
2023-01-23,3,7
2023-01-23,3.0,7
2023-01-23,nan,1
2023-01-23,null,1
2023-01-24,3,5
2023-01-24,3.0,5
2023-01-24,nan,38
2023-01-24,null,38
2023-01-25,3,11
2023-01-25,3.0,11
2023-01-25,nan,136
2023-01-25,null,136
2023-01-26,3,14
2023-01-26,3.0,14
2023-01-26,nan,4
2023-01-26,null,4
2023-01-27,2,1
2023-01-27,2.0,1
2023-01-27,3,9
2023-01-27,3.0,9
2023-01-27,nan,3
2023-01-27,null,3
2023-01-28,3,1
2023-01-28,3.0,1
2023-01-28,nan,29
2023-01-28,null,29
2023-01-29,3,5
2023-01-29,3.0,5
2023-01-29,nan,53
2023-01-29,null,53
2023-01-30,3,7
2023-01-30,3.0,7
2023-01-30,nan,2
2023-01-30,null,2
2023-01-31,3,6
2023-01-31,3.0,6
2023-01-31,nan,70
2023-01-31,null,70
2023-02-01,3,8
2023-02-01,3.0,8
2023-02-01,nan,16
2023-02-01,null,16
2023-02-02,2,1
2023-02-02,2.0,1
2023-02-02,3,15
2023-02-02,3.0,15
2023-02-02,nan,68
2023-02-02,null,68
2023-02-03,3,14
2023-02-03,3.0,14
2023-02-04,3,10
2023-02-04,3.0,10
2023-02-04,nan,66
2023-02-04,null,66
2023-02-05,3,29
2023-02-05,3.0,29
2023-02-06,3,15
2023-02-06,3.0,15
2023-02-07,3,26
2023-02-07,3.0,26
2023-02-07,nan,2
2023-02-07,null,2
2023-02-08,3,12
2023-02-08,3.0,12
2023-02-08,nan,67
2023-02-08,null,67
2023-02-09,3,10
2023-02-09,3.0,10
2023-02-10,3,7
2023-02-10,3.0,7
2023-02-10,nan,67
2023-02-10,null,67
2023-02-11,3,10
2023-02-11,3.0,10
2023-02-11,nan,70
2023-02-11,null,70
2023-02-12,3,6
2023-02-12,3.0,6
2023-02-12,nan,162
2023-02-12,null,162
2023-02-13,3,1
2023-02-13,3.0,1
2023-02-13,nan,219
2023-02-13,null,219
2023-02-14,3,5
2023-02-14,3.0,5
2023-02-14,nan,5
2023-02-14,null,5
2023-02-15,3,34
2023-02-15,3.0,34
2023-02-15,nan,156
2023-02-15,null,156
2023-02-16,3,17
2023-02-16,3.0,17
2023-02-16,nan,144
2023-02-16,null,144
2023-02-17,3,5
2023-02-17,3.0,5
2023-02-17,nan,201
2023-02-17,null,201
2023-02-18,3,11
2023-02-18,3.0,11
2023-02-18,nan,6
2023-02-18,null,6
2023-02-19,3,6
2023-02-19,3.0,6
2023-02-19,nan,74
2023-02-19,null,74
2023-02-20,3,10
2023-02-20,3.0,10
2023-02-20,nan,1
2023-02-20,null,1
2023-02-21,3,47
2023-02-21,3.0,47
2023-02-21,nan,10
2023-02-21,null,10
2023-02-22,3,61
2023-02-22,3.0,61
2023-02-22,nan,157
2023-02-22,null,157
2023-02-23,3,31
2023-02-23,3.0,31
2023-02-23,nan,9
2023-02-23,null,9
2023-02-24,2,1
2023-02-24,2.0,1
2023-02-24,3,37
2023-02-24,3.0,37
2023-02-24,nan,241
2023-02-24,null,241
2023-02-25,3,48
2023-02-25,3.0,48
2023-02-25,nan,22
2023-02-25,null,22
2023-02-26,3,21
2023-02-26,3.0,21
2023-02-26,nan,11
2023-02-26,null,11
2023-02-27,3,36
2023-02-27,3.0,36
2023-02-27,nan,131
2023-02-27,null,131
2023-02-28,3,23
2023-02-28,3.0,23
2023-02-28,nan,19
2023-02-28,null,19
2023-03-01,3,22
2023-03-01,3.0,22
2023-03-01,nan,172
2023-03-01,null,172
2023-03-02,3,12
2023-03-02,3.0,12
2023-03-02,nan,87
2023-03-02,null,87
2023-03-03,3,5
2023-03-03,3.0,5
2023-03-03,nan,32
2023-03-03,null,32
2023-03-04,nan,169
2023-03-04,null,169
2023-03-05,nan,67
2023-03-05,null,67
2023-03-06,3,11
2023-03-06,3.0,11
2023-03-06,nan,1
2023-03-06,null,1
2023-03-07,3,28
2023-03-07,3.0,28
2023-03-07,nan,68
2023-03-07,null,68
2023-03-08,3,7
2023-03-08,3.0,7
2023-03-08,nan,68
2023-03-08,null,68
2023-03-09,3,9
2023-03-09,3.0,9
2023-03-09,nan,10
2023-03-09,null,10
2023-03-10,3,12
2023-03-10,3.0,12
2023-03-10,nan,105
2023-03-10,null,105
2023-03-11,3,14
2023-03-11,3.0,14
2023-03-11,nan,240
2023-03-11,null,240
2023-03-12,3,7
2023-03-12,3.0,7
2023-03-12,nan,61
2023-03-12,null,61
2023-03-13,2,1
2023-03-13,2.0,1
2023-03-13,3,9
2023-03-13,3.0,9
2023-03-13,nan,68
2023-03-13,null,68
2023-03-14,3,19
2023-03-14,3.0,19
2023-03-14,nan,65
2023-03-14,null,65
2023-03-15,3,46
2023-03-15,3.0,46
2023-03-15,nan,296
2023-03-15,null,296
2023-03-16,3,40
2023-03-16,3.0,40
2023-03-16,nan,4
2023-03-16,null,4
2023-03-17,3,21
2023-03-17,3.0,21
2023-03-17,nan,19
2023-03-17,null,19
2023-03-18,3,23
2023-03-18,3.0,23
2023-03-18,nan,71
2023-03-18,null,71
2023-03-19,3,22
2023-03-19,3.0,22
2023-03-19,nan,106
2023-03-19,null,106
2023-03-20,2,2
2023-03-20,2.0,2
2023-03-20,3,18
2023-03-20,3.0,18
2023-03-20,nan,364
2023-03-20,null,364
2023-03-21,2,2
2023-03-21,2.0,2
2023-03-21,3,14
2023-03-21,3.0,14
2023-03-21,nan,215
2023-03-21,null,215
2023-03-22,3,9
2023-03-22,3.0,9
2023-03-22,nan,13
2023-03-22,null,13
2023-03-23,3,12
2023-03-23,3.0,12
2023-03-23,nan,38
2023-03-23,null,38
2023-03-24,3,15
2023-03-24,3.0,15
2023-03-24,nan,160
2023-03-24,null,160
2023-03-25,3,4
2023-03-25,3.0,4
2023-03-25,nan,74
2023-03-25,null,74
2023-03-26,3,18
2023-03-26,3.0,18
2023-03-26,nan,214
2023-03-26,null,214
2023-03-27,3,8
2023-03-27,3.0,8
2023-03-27,nan,69
2023-03-27,null,69
2023-03-28,2,1
2023-03-28,2.0,1
2023-03-28,3,18
2023-03-28,3.0,18
2023-03-28,nan,3
2023-03-28,null,3
2023-03-29,3,22
2023-03-29,3.0,22
2023-03-29,nan,84
2023-03-29,null,84
2023-03-30,3,8
2023-03-30,3.0,8
2023-03-30,nan,149
2023-03-30,null,149
2023-03-31,3,8
2023-03-31,3.0,8
2023-03-31,nan,150
2023-03-31,null,150
2023-04-01,3,4
2023-04-01,3.0,4
2023-04-01,nan,19
2023-04-01,null,19
2023-04-02,3,5
2023-04-02,3.0,5
2023-04-02,nan,22
2023-04-02,null,22
2023-04-03,3,9
2023-04-03,3.0,9
2023-04-03,nan,7
2023-04-03,null,7
2023-04-04,3,14
2023-04-04,3.0,14
2023-04-04,nan,233
2023-04-04,null,233
2023-04-05,3,1
2023-04-05,3.0,1
2023-04-05,nan,21
2023-04-05,null,21
2023-04-06,3,17
2023-04-06,3.0,17
2023-04-06,nan,79
2023-04-06,null,79
2023-04-07,3,4
2023-04-07,3.0,4
2023-04-07,nan,170
2023-04-07,null,170
2023-04-08,3,6
2023-04-08,3.0,6
2023-04-08,nan,31
2023-04-08,null,31
2023-04-09,3,5
2023-04-09,3.0,5
2023-04-09,nan,15
2023-04-09,null,15
2023-04-10,3,5
2023-04-10,3.0,5
2023-04-10,nan,65
2023-04-10,null,65
2023-04-11,3,33
2023-04-11,3.0,33
2023-04-11,nan,102
2023-04-11,null,102
2023-04-12,3,5
2023-04-12,3.0,5
2023-04-12,nan,154
2023-04-12,null,154
2023-04-13,2,2
2023-04-13,2.0,2
2023-04-13,3,21
2023-04-13,3.0,21
2023-04-13,nan,77
2023-04-13,null,77
2023-04-14,3,12
2023-04-14,3.0,12
2023-04-14,nan,31
2023-04-14,null,31
2023-04-15,3,1
2023-04-15,3.0,1
2023-04-15,nan,23
2023-04-15,null,23
2023-04-16,3,3
2023-04-16,3.0,3
2023-04-16,nan,76
2023-04-16,null,76
2023-04-17,3,3
2023-04-17,3.0,3
2023-04-17,nan,72
2023-04-17,null,72
2023-04-18,3,10
2023-04-18,3.0,10
2023-04-18,nan,51
2023-04-18,null,51
2023-04-19,3,13
2023-04-19,3.0,13
2023-04-19,nan,80
2023-04-19,null,80
2023-04-20,3,9
2023-04-20,3.0,9
2023-04-20,nan,50
2023-04-20,null,50
2023-04-21,3,9
2023-04-21,3.0,9
2023-04-21,nan,113
2023-04-21,null,113
2023-04-22,3,11
2023-04-22,3.0,11
2023-04-22,nan,194
2023-04-22,null,194
2023-04-23,3,4
2023-04-23,3.0,4
2023-04-23,nan,113
2023-04-23,null,113
2023-04-24,3,3
2023-04-24,3.0,3
2023-04-24,nan,99
2023-04-24,null,99
2023-04-25,3,13
2023-04-25,3.0,13
2023-04-25,nan,200
2023-04-25,null,200
2023-04-26,3,7
2023-04-26,3.0,7
2023-04-26,nan,118
2023-04-26,null,118
2023-04-27,3,4
2023-04-27,3.0,4
2023-04-27,nan,57
2023-04-27,null,57
2023-04-28,3,2
2023-04-28,3.0,2
2023-04-28,nan,38
2023-04-28,null,38
2023-04-29,3,2
2023-04-29,3.0,2
2023-04-29,nan,197
2023-04-29,null,197
2023-04-30,3,2
2023-04-30,3.0,2
2023-04-30,nan,73
2023-04-30,null,73
2023-05-01,3,9
2023-05-01,3.0,9
2023-05-01,nan,27
2023-05-01,null,27
2023-05-02,3,34
2023-05-02,3.0,34
2023-05-02,nan,198
2023-05-02,null,198
2023-05-03,3,8
2023-05-03,3.0,8
2023-05-03,nan,116
2023-05-03,null,116
2023-05-04,3,13
2023-05-04,3.0,13
2023-05-04,nan,98
2023-05-04,null,98
2023-05-05,3,8
2023-05-05,3.0,8
2023-05-05,nan,34
2023-05-05,null,34
2023-05-06,3,5
2023-05-06,3.0,5
2023-05-06,nan,10
2023-05-06,null,10
2023-05-07,3,3
2023-05-07,3.0,3
2023-05-07,nan,21
2023-05-07,null,21
2023-05-08,3,9
2023-05-08,3.0,9
2023-05-08,nan,113
2023-05-08,null,113
2023-05-09,3,21
2023-05-09,3.0,21
2023-05-09,nan,4
2023-05-09,null,4
2023-05-10,3,14
2023-05-10,3.0,14
2023-05-10,nan,30
2023-05-10,null,30
2023-05-11,3,18
2023-05-11,3.0,18
2023-05-11,nan,139
2023-05-11,null,139
2023-05-12,3,8
2023-05-12,3.0,8
2023-05-12,nan,208
2023-05-12,null,208
2023-05-13,3,5
2023-05-13,3.0,5
2023-05-13,nan,87
2023-05-13,null,87
2023-05-14,3,5
2023-05-14,3.0,5
2023-05-14,nan,79
2023-05-14,null,79
2023-05-15,3,17
2023-05-15,3.0,17
2023-05-15,nan,37
2023-05-15,null,37
2023-05-16,3,32
2023-05-16,3.0,32
2023-05-16,nan,327
2023-05-16,null,327
2023-05-17,3,24
2023-05-17,3.0,24
2023-05-17,nan,140
2023-05-17,null,140
2023-05-18,3,9
2023-05-18,3.0,9
2023-05-18,nan,97
2023-05-18,null,97
2023-05-19,3,14
2023-05-19,3.0,14
2023-05-19,nan,115
2023-05-19,null,115
2023-05-20,3,3
2023-05-20,3.0,3
2023-05-20,nan,263
2023-05-20,null,263
2023-05-21,3,4
2023-05-21,3.0,4
2023-05-21,nan,48
2023-05-21,null,48
2023-05-22,3,29
2023-05-22,3.0,29
2023-05-22,nan,123
2023-05-22,null,123
2023-05-23,3,33
2023-05-23,3.0,33
2023-05-23,nan,165
2023-05-23,null,165
2023-05-24,2,1
2023-05-24,2.0,1
2023-05-24,3,26
2023-05-24,3.0,26
2023-05-24,nan,97
2023-05-24,null,97
2023-05-25,3,13
2023-05-25,3.0,13
2023-05-25,nan,18
2023-05-25,null,18
2023-05-26,3,11
2023-05-26,3.0,11
2023-05-26,nan,2
2023-05-26,null,2
2023-05-27,3,7
2023-05-27,3.0,7
2023-05-27,nan,26
2023-05-27,null,26
2023-05-28,3,12
2023-05-28,3.0,12
2023-05-28,nan,6
2023-05-28,null,6
2023-05-29,3,10
2023-05-29,3.0,10
2023-05-29,nan,17
2023-05-29,null,17
2023-05-30,3,16
2023-05-30,3.0,16
2023-05-30,nan,135
2023-05-30,null,135
2023-05-31,3,12
2023-05-31,3.0,12
2023-05-31,nan,63
2023-05-31,null,63
2023-06-01,3,28
2023-06-01,3.0,28
2023-06-01,nan,92
2023-06-01,null,92
2023-06-02,3,10
2023-06-02,3.0,10
2023-06-02,nan,69
2023-06-02,null,69
2023-06-03,3,9
2023-06-03,3.0,9
2023-06-03,nan,57
2023-06-03,null,57
2023-06-04,3,4
2023-06-04,3.0,4
2023-06-04,nan,92
2023-06-04,null,92
2023-06-05,3,13
2023-06-05,3.0,13
2023-06-05,nan,218
2023-06-05,null,218
2023-06-06,3,11
2023-06-06,3.0,11
2023-06-06,nan,71
2023-06-06,null,71
2023-06-07,3,8
2023-06-07,3.0,8
2023-06-07,nan,214
2023-06-07,null,214
2023-06-08,3,9
2023-06-08,3.0,9
2023-06-08,nan,65
2023-06-08,null,65
2023-06-09,3,88
2023-06-09,3.0,88
2023-06-09,nan,79
2023-06-09,null,79
2023-06-10,3,116
2023-06-10,3.0,116
2023-06-10,nan,249
2023-06-10,null,249
2023-06-11,3,148
2023-06-11,3.0,148
2023-06-11,nan,173
2023-06-11,null,173
2023-06-12,3,119
2023-06-12,3.0,119
2023-06-12,nan,157
2023-06-12,null,157
2023-06-13,3,9
2023-06-13,3.0,9
2023-06-13,nan,67
2023-06-13,null,67
2023-06-14,3,8
2023-06-14,3.0,8
2023-06-14,nan,103
2023-06-14,null,103
2023-06-15,2,1
2023-06-15,2.0,1
2023-06-15,3,8
2023-06-15,3.0,8
2023-06-15,nan,204
2023-06-15,null,204
2023-06-16,3,83
2023-06-16,3.0,83
2023-06-16,nan,189
2023-06-16,null,189
2023-06-17,3,6
2023-06-17,3.0,6
2023-06-17,nan,147
2023-06-17,null,147
2023-06-18,3,4
2023-06-18,3.0,4
2023-06-18,nan,99
2023-06-18,null,99
2023-06-19,3,13
2023-06-19,3.0,13
2023-06-19,nan,151
2023-06-19,null,151
2023-06-20,2,1
2023-06-20,2.0,1
2023-06-20,3,9
2023-06-20,3.0,9
2023-06-20,nan,86
2023-06-20,null,86
2023-06-21,3,52
2023-06-21,3.0,52
2023-06-21,nan,188
2023-06-21,null,188
2023-06-22,3,17
2023-06-22,3.0,17
2023-06-22,nan,172
2023-06-22,null,172
2023-06-23,3,10
2023-06-23,3.0,10
2023-06-23,nan,179
2023-06-23,null,179
2023-06-24,3,6
2023-06-24,3.0,6
2023-06-24,nan,105
2023-06-24,null,105
2023-06-25,3,6
2023-06-25,3.0,6
2023-06-25,nan,50
2023-06-25,null,50
2023-06-26,3,16
2023-06-26,3.0,16
2023-06-26,nan,168
2023-06-26,null,168
2023-06-27,2,1
2023-06-27,2.0,1
2023-06-27,3,15
2023-06-27,3.0,15
2023-06-27,nan,177
2023-06-27,null,177
2023-06-28,3,11
2023-06-28,3.0,11
2023-06-28,nan,99
2023-06-28,null,99
2023-06-29,3,5
2023-06-29,3.0,5
2023-06-29,nan,84
2023-06-29,null,84
2023-06-30,3,9
2023-06-30,3.0,9
2023-06-30,nan,109
2023-06-30,null,109
2023-07-01,3,2
2023-07-01,3.0,2
2023-07-01,nan,83
2023-07-01,null,83
2023-07-02,3,16
2023-07-02,3.0,16
2023-07-02,nan,189
2023-07-02,null,189
2023-07-03,3,14
2023-07-03,3.0,14
2023-07-03,nan,157
2023-07-03,null,157
2023-07-04,3,8
2023-07-04,3.0,8
2023-07-04,nan,187
2023-07-04,null,187
2023-07-05,3,6
2023-07-05,3.0,6
2023-07-05,nan,109
2023-07-05,null,109
2023-07-06,3,21
2023-07-06,3.0,21
2023-07-06,nan,107
2023-07-06,null,107
2023-07-07,3,7
2023-07-07,3.0,7
2023-07-07,nan,182
2023-07-07,null,182
2023-07-08,3,4
2023-07-08,3.0,4
2023-07-08,nan,110
2023-07-08,null,110
2023-07-09,3,4
2023-07-09,3.0,4
2023-07-09,nan,216
2023-07-09,null,216
2023-07-10,3,9
2023-07-10,3.0,9
2023-07-10,nan,125
2023-07-10,null,125
2023-07-11,3,9
2023-07-11,3.0,9
2023-07-11,nan,172
2023-07-11,null,172
2023-07-12,2,2
2023-07-12,2.0,2
2023-07-12,3,35
2023-07-12,3.0,35
2023-07-12,nan,215
2023-07-12,null,215
2023-07-13,3,19
2023-07-13,3.0,19
2023-07-13,nan,71
2023-07-13,null,71
2023-07-14,3,16
2023-07-14,3.0,16
2023-07-14,nan,38
2023-07-14,null,38
2023-07-15,3,5
2023-07-15,3.0,5
2023-07-15,nan,172
2023-07-15,null,172
2023-07-16,3,6
2023-07-16,3.0,6
2023-07-16,nan,271
2023-07-16,null,271
2023-07-17,3,11
2023-07-17,3.0,11
2023-07-17,nan,89
2023-07-17,null,89
2023-07-18,3,28
2023-07-18,3.0,28
2023-07-18,nan,77
2023-07-18,null,77
2023-07-19,3,9
2023-07-19,3.0,9
2023-07-19,nan,152
2023-07-19,null,152
2023-07-20,3,9
2023-07-20,3.0,9
2023-07-20,nan,122
2023-07-20,null,122
2023-07-21,3,10
2023-07-21,3.0,10
2023-07-21,nan,63
2023-07-21,null,63
2023-07-22,3,6
2023-07-22,3.0,6
2023-07-22,nan,111
2023-07-22,null,111
2023-07-23,3,3
2023-07-23,3.0,3
2023-07-23,nan,110
2023-07-23,null,110
2023-07-24,3,15
2023-07-24,3.0,15
2023-07-24,nan,95
2023-07-24,null,95
2023-07-25,3,15
2023-07-25,3.0,15
2023-07-25,nan,67
2023-07-25,null,67
2023-07-26,3,25
2023-07-26,3.0,25
2023-07-26,nan,210
2023-07-26,null,210
2023-07-27,3,6
2023-07-27,3.0,6
2023-07-27,nan,65
2023-07-27,null,65
2023-07-28,3,4
2023-07-28,3.0,4
2023-07-28,nan,113
2023-07-28,null,113
2023-07-29,3,1
2023-07-29,3.0,1
2023-07-29,nan,437
2023-07-29,null,437
2023-07-30,3,1
2023-07-30,3.0,1
2023-07-30,nan,159
2023-07-30,null,159
2023-07-31,3,9
2023-07-31,3.0,9
2023-07-31,nan,353
2023-07-31,null,353
2023-08-01,3,7
2023-08-01,3.0,7
2023-08-01,nan,194
2023-08-01,null,194
2023-08-02,3,10
2023-08-02,3.0,10
2023-08-02,nan,87
2023-08-02,null,87
2023-08-03,3,9
2023-08-03,3.0,9
2023-08-03,nan,52
2023-08-03,null,52
2023-08-04,3,13
2023-08-04,3.0,13
2023-08-04,nan,174
2023-08-04,null,174
2023-08-05,3,12
2023-08-05,3.0,12
2023-08-05,nan,153
2023-08-05,null,153
2023-08-06,3,4
2023-08-06,3.0,4
2023-08-06,nan,234
2023-08-06,null,234
2023-08-07,3,43
2023-08-07,3.0,43
2023-08-07,nan,261
2023-08-07,null,261
2023-08-08,3,25
2023-08-08,3.0,25
2023-08-08,nan,330
2023-08-08,null,330
2023-08-09,2,1
2023-08-09,2.0,1
2023-08-09,3,22
2023-08-09,3.0,22
2023-08-09,nan,371
2023-08-09,null,371
2023-08-10,2,1
2023-08-10,2.0,1
2023-08-10,3,17
2023-08-10,3.0,17
2023-08-10,nan,200
2023-08-10,null,200
2023-08-11,3,20
2023-08-11,3.0,20
2023-08-11,nan,303
2023-08-11,null,303
2023-08-12,3,4
2023-08-12,3.0,4
2023-08-12,nan,207
2023-08-12,null,207
2023-08-13,3,8
2023-08-13,3.0,8
2023-08-13,nan,168
2023-08-13,null,168
2023-08-14,3,13
2023-08-14,3.0,13
2023-08-14,nan,43
2023-08-14,null,43
2023-08-15,3,20
2023-08-15,3.0,20
2023-08-15,nan,93
2023-08-15,null,93
2023-08-16,3,33
2023-08-16,3.0,33
2023-08-16,nan,22
2023-08-16,null,22
2023-08-17,3,30
2023-08-17,3.0,30
2023-08-17,nan,3
2023-08-17,null,3
2023-08-18,2,1
2023-08-18,2.0,1
2023-08-18,3,10
2023-08-18,3.0,10
2023-08-18,nan,26
2023-08-18,null,26
2023-08-19,3,6
2023-08-19,3.0,6
2023-08-19,nan,103
2023-08-19,null,103
2023-08-20,3,2
2023-08-20,3.0,2
2023-08-20,nan,2
2023-08-20,null,2
2023-08-21,3,24
2023-08-21,3.0,24
2023-08-21,nan,48
2023-08-21,null,48
2023-08-22,3,15
2023-08-22,3.0,15
2023-08-22,nan,32
2023-08-22,null,32
2023-08-23,3,9
2023-08-23,3.0,9
2023-08-23,nan,44
2023-08-23,null,44
2023-08-24,3,10
2023-08-24,3.0,10
2023-08-24,nan,264
2023-08-24,null,264
2023-08-25,3,4
2023-08-25,3.0,4
2023-08-25,nan,104
2023-08-25,null,104
2023-08-26,3,7
2023-08-26,3.0,7
2023-08-26,nan,2
2023-08-26,null,2
2023-08-27,3,3
2023-08-27,3.0,3
2023-08-27,nan,1
2023-08-27,null,1
2023-08-28,3,7
2023-08-28,3.0,7
2023-08-28,nan,46
2023-08-28,null,46
2023-08-29,3,9
2023-08-29,3.0,9
2023-08-29,nan,20
2023-08-29,null,20
2023-08-30,3,8
2023-08-30,3.0,8
2023-08-30,nan,120
2023-08-30,null,120
2023-08-31,3,9
2023-08-31,3.0,9
2023-08-31,nan,14
2023-08-31,null,14
2023-09-01,3,10
2023-09-01,3.0,10
2023-09-01,nan,192
2023-09-01,null,192
2023-09-02,3,3
2023-09-02,3.0,3
2023-09-02,nan,74
2023-09-02,null,74
2023-09-03,3,6
2023-09-03,3.0,6
2023-09-03,nan,115
2023-09-03,null,115
2023-09-04,3,12
2023-09-04,3.0,12
2023-09-04,nan,65
2023-09-04,null,65
2023-09-05,3,5
2023-09-05,3.0,5
2023-09-05,nan,87
2023-09-05,null,87
2023-09-06,2,1
2023-09-06,2.0,1
2023-09-06,3,15
2023-09-06,3.0,15
2023-09-06,nan,156
2023-09-06,null,156
2023-09-07,3,10
2023-09-07,3.0,10
2023-09-07,nan,60
2023-09-07,null,60
2023-09-08,3,4
2023-09-08,3.0,4
2023-09-08,nan,143
2023-09-08,null,143
2023-09-09,3,5
2023-09-09,3.0,5
2023-09-09,nan,125
2023-09-09,null,125
2023-09-10,3,2
2023-09-10,3.0,2
2023-09-10,nan,237
2023-09-10,null,237
2023-09-11,3,11
2023-09-11,3.0,11
2023-09-11,nan,23
2023-09-11,null,23
2023-09-12,3,6
2023-09-12,3.0,6
2023-09-12,nan,73
2023-09-12,null,73
2023-09-13,3,9
2023-09-13,3.0,9
2023-09-13,nan,42
2023-09-13,null,42
2023-09-14,3,47
2023-09-14,3.0,47
2023-09-14,nan,27
2023-09-14,null,27
2023-09-15,3,5
2023-09-15,3.0,5
2023-09-15,nan,55
2023-09-15,null,55
2023-09-16,3,1
2023-09-16,3.0,1
2023-09-16,nan,2
2023-09-16,null,2
2023-09-17,3,10
2023-09-17,3.0,10
2023-09-17,nan,23
2023-09-17,null,23
2023-09-18,3,21
2023-09-18,3.0,21
2023-09-18,nan,59
2023-09-18,null,59
2023-09-19,3,50
2023-09-19,3.0,50
2023-09-19,nan,23
2023-09-19,null,23
2023-09-20,3,16
2023-09-20,3.0,16
2023-09-20,nan,98
2023-09-20,null,98
2023-09-21,3,19
2023-09-21,3.0,19
2023-09-21,nan,47
2023-09-21,null,47
2023-09-22,3,10
2023-09-22,3.0,10
2023-09-22,nan,49
2023-09-22,null,49
2023-09-23,3,10
2023-09-23,3.0,10
2023-09-23,nan,222
2023-09-23,null,222
2023-09-24,3,14
2023-09-24,3.0,14
2023-09-24,nan,107
2023-09-24,null,107
2023-09-25,3,18
2023-09-25,3.0,18
2023-09-25,nan,187
2023-09-25,null,187
2023-09-26,3,15
2023-09-26,3.0,15
2023-09-26,nan,41
2023-09-26,null,41
2023-09-27,3,12
2023-09-27,3.0,12
2023-09-27,nan,54
2023-09-27,null,54
2023-09-28,3,14
2023-09-28,3.0,14
2023-09-28,nan,35
2023-09-28,null,35
2023-09-29,3,12
2023-09-29,3.0,12
2023-09-29,nan,20
2023-09-29,null,20
2023-09-30,3,8
2023-09-30,3.0,8
2023-09-30,nan,9
2023-09-30,null,9
2023-10-01,3,3
2023-10-01,3.0,3
2023-10-01,nan,17
2023-10-01,null,17
2023-10-02,3,18
2023-10-02,3.0,18
2023-10-02,nan,47
2023-10-02,null,47
2023-10-03,3,32
2023-10-03,3.0,32
2023-10-03,nan,185
2023-10-03,null,185
2023-10-04,2,1
2023-10-04,2.0,1
2023-10-04,3,8
2023-10-04,3.0,8
2023-10-04,nan,30
2023-10-04,null,30
2023-10-05,3,14
2023-10-05,3.0,14
2023-10-05,nan,15
2023-10-05,null,15
2023-10-06,2,1
2023-10-06,2.0,1
2023-10-06,3,16
2023-10-06,3.0,16
2023-10-06,nan,13
2023-10-06,null,13
2023-10-07,3,9
2023-10-07,3.0,9
2023-10-07,nan,94
2023-10-07,null,94
2023-10-08,3,5
2023-10-08,3.0,5
2023-10-08,nan,174
2023-10-08,null,174
2023-10-09,3,15
2023-10-09,3.0,15
2023-10-09,nan,23
2023-10-09,null,23
2023-10-10,3,25
2023-10-10,3.0,25
2023-10-10,nan,97
2023-10-10,null,97
2023-10-11,3,19
2023-10-11,3.0,19
2023-10-11,nan,19
2023-10-11,null,19
2023-10-12,3,28
2023-10-12,3.0,28
2023-10-12,nan,11
2023-10-12,null,11
2023-10-13,3,15
2023-10-13,3.0,15
2023-10-13,nan,14
2023-10-13,null,14
2023-10-14,3,17
2023-10-14,3.0,17
2023-10-14,nan,18
2023-10-14,null,18
2023-10-15,3,7
2023-10-15,3.0,7
2023-10-15,nan,16
2023-10-15,null,16
2023-10-16,3,28
2023-10-16,3.0,28
2023-10-16,nan,32
2023-10-16,null,32
2023-10-17,2,1
2023-10-17,2.0,1
2023-10-17,3,14
2023-10-17,3.0,14
2023-10-17,nan,31
2023-10-17,null,31
2023-10-18,3,13
2023-10-18,3.0,13
2023-10-18,nan,69
2023-10-18,null,69
2023-10-19,3,20
2023-10-19,3.0,20
2023-10-19,nan,2
2023-10-19,null,2
2023-10-20,3,18
2023-10-20,3.0,18
2023-10-20,nan,107
2023-10-20,null,107
2023-10-21,3,8
2023-10-21,3.0,8
2023-10-21,nan,16
2023-10-21,null,16
2023-10-22,3,6
2023-10-22,3.0,6
2023-10-22,nan,11
2023-10-22,null,11
2023-10-23,3,23
2023-10-23,3.0,23
2023-10-23,nan,6
2023-10-23,null,6
2023-10-24,3,15
2023-10-24,3.0,15
2023-10-24,nan,102
2023-10-24,null,102
2023-10-25,3,16
2023-10-25,3.0,16
2023-10-25,nan,131
2023-10-25,null,131
2023-10-26,3,35
2023-10-26,3.0,35
2023-10-26,nan,91
2023-10-26,null,91
2023-10-27,3,10
2023-10-27,3.0,10
2023-10-27,nan,184
2023-10-27,null,184
2023-10-28,3,5
2023-10-28,3.0,5
2023-10-28,nan,110
2023-10-28,null,110
2023-10-29,3,5
2023-10-29,3.0,5
2023-10-29,nan,103
2023-10-29,null,103
2023-10-30,3,21
2023-10-30,3.0,21
2023-10-30,nan,122
2023-10-30,null,122
2023-10-31,3,8
2023-10-31,3.0,8
2023-10-31,nan,212
2023-10-31,null,212
2023-11-01,3,10
2023-11-01,3.0,10
2023-11-01,nan,31
2023-11-01,null,31
2023-11-02,3,21
2023-11-02,3.0,21
2023-11-02,nan,89
2023-11-02,null,89
2023-11-03,3,12
2023-11-03,3.0,12
2023-11-03,nan,91
2023-11-03,null,91
2023-11-04,3,4
2023-11-04,3.0,4
2023-11-04,nan,14
2023-11-04,null,14
2023-11-05,3,12
2023-11-05,3.0,12
2023-11-05,nan,12
2023-11-05,null,12
2023-11-06,3,19
2023-11-06,3.0,19
2023-11-06,nan,49
2023-11-06,null,49
2023-11-07,3,10
2023-11-07,3.0,10
2023-11-07,nan,115
2023-11-07,null,115
2023-11-08,3,3
2023-11-08,3.0,3
2023-11-08,nan,17
2023-11-08,null,17
2023-11-09,3,16
2023-11-09,3.0,16
2023-11-09,nan,4
2023-11-09,null,4
2023-11-10,3,24
2023-11-10,3.0,24
2023-11-10,nan,20
2023-11-10,null,20
2023-11-11,3,8
2023-11-11,3.0,8
2023-11-11,nan,11
2023-11-11,null,11
2023-11-12,3,33
2023-11-12,3.0,33
2023-11-12,nan,213
2023-11-12,null,213
2023-11-13,3,24
2023-11-13,3.0,24
2023-11-13,nan,137
2023-11-13,null,137
2023-11-14,3,23
2023-11-14,3.0,23
2023-11-14,nan,58
2023-11-14,null,58
2023-11-15,3,13
2023-11-15,3.0,13
2023-11-15,nan,127
2023-11-15,null,127
2023-11-16,3,25
2023-11-16,3.0,25
2023-11-16,nan,120
2023-11-16,null,120
2023-11-17,3,13
2023-11-17,3.0,13
2023-11-17,nan,50
2023-11-17,null,50
2023-11-18,3,12
2023-11-18,3.0,12
2023-11-18,nan,125
2023-11-18,null,125
2023-11-19,3,13
2023-11-19,3.0,13
2023-11-19,nan,36
2023-11-19,null,36
2023-11-20,3,37
2023-11-20,3.0,37
2023-11-20,nan,53
2023-11-20,null,53
2023-11-21,3,43
2023-11-21,3.0,43
2023-11-21,nan,137
2023-11-21,null,137
2023-11-22,3,11
2023-11-22,3.0,11
2023-11-22,nan,37
2023-11-22,null,37
2023-11-23,3,15
2023-11-23,3.0,15
2023-11-23,nan,18
2023-11-23,null,18
2023-11-24,3,16
2023-11-24,3.0,16
2023-11-24,nan,4
2023-11-24,null,4
2023-11-25,3,4
2023-11-25,3.0,4
2023-11-25,nan,25
2023-11-25,null,25
2023-11-26,3,6
2023-11-26,3.0,6
2023-11-26,nan,132
2023-11-26,null,132
2023-11-27,3,20
2023-11-27,3.0,20
2023-11-27,nan,122
2023-11-27,null,122
2023-11-28,3,30
2023-11-28,3.0,30
2023-11-28,nan,28
2023-11-28,null,28
2023-11-29,3,16
2023-11-29,3.0,16
2023-11-29,nan,190
2023-11-29,null,190
2023-11-30,3,19
2023-11-30,3.0,19
2023-11-30,nan,25
2023-11-30,null,25
2023-12-01,3,15
2023-12-01,3.0,15
2023-12-01,nan,110
2023-12-01,null,110
2023-12-02,3,40
2023-12-02,3.0,40
2023-12-02,nan,18
2023-12-02,null,18
2023-12-03,3,8
2023-12-03,3.0,8
2023-12-03,nan,10
2023-12-03,null,10
2023-12-04,3,10
2023-12-04,3.0,10
2023-12-04,nan,18
2023-12-04,null,18
2023-12-05,2,1
2023-12-05,2.0,1
2023-12-05,3,18
2023-12-05,3.0,18
2023-12-05,nan,144
2023-12-05,null,144
2023-12-06,3,12
2023-12-06,3.0,12
2023-12-06,nan,130
2023-12-06,null,130
2023-12-07,3,19
2023-12-07,3.0,19
2023-12-07,nan,40
2023-12-07,null,40
2023-12-08,3,27
2023-12-08,3.0,27
2023-12-08,nan,33
2023-12-08,null,33
2023-12-09,3,19
2023-12-09,3.0,19
2023-12-09,nan,18
2023-12-09,null,18
2023-12-10,3,16
2023-12-10,3.0,16
2023-12-10,nan,11
2023-12-10,null,11
2023-12-11,3,28
2023-12-11,3.0,28
2023-12-11,nan,5
2023-12-11,null,5
2023-12-12,3,36
2023-12-12,3.0,36
2023-12-12,nan,20
2023-12-12,null,20
2023-12-13,3,20
2023-12-13,3.0,20
2023-12-13,nan,138
2023-12-13,null,138
2023-12-14,3,44
2023-12-14,3.0,44
2023-12-14,nan,97
2023-12-14,null,97
2023-12-15,3,11
2023-12-15,3.0,11
2023-12-15,nan,26
2023-12-15,null,26
2023-12-16,3,4
2023-12-16,3.0,4
2023-12-16,nan,14
2023-12-16,null,14
2023-12-17,3,7
2023-12-17,3.0,7
2023-12-17,nan,87
2023-12-17,null,87
2023-12-18,3,11
2023-12-18,3.0,11
2023-12-18,nan,5
2023-12-18,null,5
2023-12-19,3,20
2023-12-19,3.0,20
2023-12-19,nan,4
2023-12-19,null,4
2023-12-20,3,14
2023-12-20,3.0,14
2023-12-20,nan,89
2023-12-20,null,89
2023-12-21,3,24
2023-12-21,3.0,24
2023-12-21,nan,217
2023-12-21,null,217
2023-12-22,3,16
2023-12-22,3.0,16
2023-12-22,nan,4
2023-12-22,null,4
2023-12-23,3,10
2023-12-23,3.0,10
2023-12-23,nan,88
2023-12-23,null,88
2023-12-24,3,12
2023-12-24,3.0,12
2023-12-24,nan,12
2023-12-24,null,12
2023-12-25,3,20
2023-12-25,3.0,20
2023-12-25,nan,51
2023-12-25,null,51
2023-12-26,3,8
2023-12-26,3.0,8
2023-12-26,nan,14
2023-12-26,null,14
2023-12-27,2,1
2023-12-27,2.0,1
2023-12-27,3,39
2023-12-27,3.0,39
2023-12-27,nan,23
2023-12-27,null,23
2023-12-28,3,7
2023-12-28,3.0,7
2023-12-28,nan,22
2023-12-28,null,22
2023-12-29,3,5
2023-12-29,3.0,5
2023-12-30,3,5
2023-12-30,3.0,5
2023-12-30,nan,199
2023-12-30,null,199
2023-12-31,3,7
2023-12-31,3.0,7
2023-12-31,nan,8
2023-12-31,null,8
2024-01-01,3,6
2024-01-01,3.0,6
2024-01-02,3,12
2024-01-02,3.0,12
2024-01-02,nan,2
2024-01-02,null,2
2024-01-03,2,1
2024-01-03,2.0,1
2024-01-03,3,22
2024-01-03,3.0,22
2024-01-03,nan,15
2024-01-03,null,15
2024-01-04,3,17
2024-01-04,3.0,17
2024-01-04,nan,80
2024-01-04,null,80
2024-01-05,3,19
2024-01-05,3.0,19
2024-01-05,nan,160
2024-01-05,null,160
2024-01-06,3,3
2024-01-06,3.0,3
2024-01-06,nan,5
2024-01-06,null,5
2024-01-07,3,7
2024-01-07,3.0,7
2024-01-07,nan,63
2024-01-07,null,63
2024-01-08,3,26
2024-01-08,3.0,26
2024-01-08,nan,6
2024-01-08,null,6
2024-01-09,3,14
2024-01-09,3.0,14
2024-01-09,nan,62
2024-01-09,null,62
2024-01-10,3,13
2024-01-10,3.0,13
2024-01-10,nan,25
2024-01-10,null,25
2024-01-11,3,9
2024-01-11,3.0,9
2024-01-11,nan,27
2024-01-11,null,27
2024-01-12,3,8
2024-01-12,3.0,8
2024-01-12,nan,73
2024-01-12,null,73
2024-01-13,3,36
2024-01-13,3.0,36
2024-01-13,nan,71
2024-01-13,null,71
2024-01-14,3,2
2024-01-14,3.0,2
2024-01-14,nan,10
2024-01-14,null,10
2024-01-15,3,29
2024-01-15,3.0,29
2024-01-15,nan,17
2024-01-15,null,17
2024-01-16,3,18
2024-01-16,3.0,18
2024-01-16,nan,3
2024-01-16,null,3
2024-01-17,3,9
2024-01-17,3.0,9
2024-01-17,nan,2
2024-01-17,null,2
2024-01-18,3,13
2024-01-18,3.0,13
2024-01-18,nan,89
2024-01-18,null,89
2024-01-19,3,7
2024-01-19,3.0,7
2024-01-19,nan,88
2024-01-19,null,88
2024-01-20,3,15
2024-01-20,3.0,15
2024-01-20,nan,11
2024-01-20,null,11
2024-01-21,3,11
2024-01-21,3.0,11
2024-01-21,nan,11
2024-01-21,null,11
2024-01-22,3,32
2024-01-22,3.0,32
2024-01-22,nan,114
2024-01-22,null,114
2024-01-23,3,25
2024-01-23,3.0,25
2024-01-23,nan,220
2024-01-23,null,220
2024-01-24,3,16
2024-01-24,3.0,16
2024-01-24,nan,13
2024-01-24,null,13
2024-01-25,2,1
2024-01-25,2.0,1
2024-01-25,3,27
2024-01-25,3.0,27
2024-01-25,nan,20
2024-01-25,null,20
2024-01-26,3,17
2024-01-26,3.0,17
2024-01-26,nan,259
2024-01-26,null,259
2024-01-27,3,8
2024-01-27,3.0,8
2024-01-27,nan,110
2024-01-27,null,110
2024-01-28,3,9
2024-01-28,3.0,9
2024-01-28,nan,34
2024-01-28,null,34
2024-01-29,3,17
2024-01-29,3.0,17
2024-01-29,nan,31
2024-01-29,null,31
2024-01-30,3,22
2024-01-30,3.0,22
2024-01-30,nan,85
2024-01-30,null,85
2024-01-31,3,27
2024-01-31,3.0,27
2024-01-31,nan,32
2024-01-31,null,32
2024-02-01,3,41
2024-02-01,3.0,41
2024-02-01,nan,231
2024-02-01,null,231
2024-02-02,3,31
2024-02-02,3.0,31
2024-02-02,nan,128
2024-02-02,null,128
2024-02-03,3,92
2024-02-03,3.0,92
2024-02-03,nan,110
2024-02-03,null,110
2024-02-04,3,4
2024-02-04,3.0,4
2024-02-04,nan,93
2024-02-04,null,93
2024-02-05,3,14
2024-02-05,3.0,14
2024-02-05,nan,12
2024-02-05,null,12
2024-02-06,2,1
2024-02-06,2.0,1
2024-02-06,3,14
2024-02-06,3.0,14
2024-02-06,nan,12
2024-02-06,null,12
2024-02-07,3,21
2024-02-07,3.0,21
2024-02-07,nan,115
2024-02-07,null,115
2024-02-08,3,109
2024-02-08,3.0,109
2024-02-08,nan,224
2024-02-08,null,224
2024-02-09,3,29
2024-02-09,3.0,29
2024-02-09,nan,2
2024-02-09,null,2
2024-02-10,3,6
2024-02-10,3.0,6
2024-02-10,nan,93
2024-02-10,null,93
2024-02-11,3,2
2024-02-11,3.0,2
2024-02-11,nan,9
2024-02-11,null,9
2024-02-12,3,22
2024-02-12,3.0,22
2024-02-12,nan,114
2024-02-12,null,114
2024-02-13,3,9
2024-02-13,3.0,9
2024-02-13,nan,6
2024-02-13,null,6
2024-02-14,3,37
2024-02-14,3.0,37
2024-02-14,nan,99
2024-02-14,null,99
2024-02-15,3,16
2024-02-15,3.0,16
2024-02-15,nan,113
2024-02-15,null,113
2024-02-16,3,7
2024-02-16,3.0,7
2024-02-16,nan,100
2024-02-16,null,100
2024-02-17,3,1
2024-02-17,3.0,1
2024-02-17,nan,14
2024-02-17,null,14
2024-02-18,3,6
2024-02-18,3.0,6
2024-02-18,nan,9
2024-02-18,null,9
2024-02-19,3,15
2024-02-19,3.0,15
2024-02-19,nan,271
2024-02-19,null,271
2024-02-20,3,17
2024-02-20,3.0,17
2024-02-20,nan,110
2024-02-20,null,110
2024-02-21,3,46
2024-02-21,3.0,46
2024-02-21,nan,34
2024-02-21,null,34
2024-02-22,3,53
2024-02-22,3.0,53
2024-02-22,nan,14
2024-02-22,null,14
2024-02-23,3,12
2024-02-23,3.0,12
2024-02-23,nan,118
2024-02-23,null,118
2024-02-24,3,5
2024-02-24,3.0,5
2024-02-24,nan,12
2024-02-24,null,12
2024-02-25,3,4
2024-02-25,3.0,4
2024-02-25,nan,13
2024-02-25,null,13
2024-02-26,3,12
2024-02-26,3.0,12
2024-02-26,nan,105
2024-02-26,null,105
2024-02-27,3,7
2024-02-27,3.0,7
2024-02-27,nan,112
2024-02-27,null,112
2024-02-28,3,10
2024-02-28,3.0,10
2024-02-28,nan,157
2024-02-28,null,157
2024-02-29,3,7
2024-02-29,3.0,7
2024-02-29,nan,94
2024-02-29,null,94
2024-03-01,3,8
2024-03-01,3.0,8
2024-03-01,nan,22
2024-03-01,null,22
2024-03-02,3,10
2024-03-02,3.0,10
2024-03-02,nan,133
2024-03-02,null,133
2024-03-03,3,3
2024-03-03,3.0,3
2024-03-03,nan,5
2024-03-03,null,5
2024-03-04,3,17
2024-03-04,3.0,17
2024-03-04,nan,4
2024-03-04,null,4
2024-03-05,3,27
2024-03-05,3.0,27
2024-03-05,nan,225
2024-03-05,null,225
2024-03-06,3,43
2024-03-06,3.0,43
2024-03-06,nan,26
2024-03-06,null,26
2024-03-07,3,27
2024-03-07,3.0,27
2024-03-07,nan,4
2024-03-07,null,4
2024-03-08,3,10
2024-03-08,3.0,10
2024-03-08,nan,5
2024-03-08,null,5
2024-03-09,3,4
2024-03-09,3.0,4
2024-03-09,nan,90
2024-03-09,null,90
2024-03-10,3,1
2024-03-10,3.0,1
2024-03-10,nan,80
2024-03-10,null,80
2024-03-11,3,39
2024-03-11,3.0,39
2024-03-11,nan,7
2024-03-11,null,7
2024-03-12,3,45
2024-03-12,3.0,45
2024-03-12,nan,91
2024-03-12,null,91
2024-03-13,3,9
2024-03-13,3.0,9
2024-03-13,nan,18
2024-03-13,null,18
2024-03-14,3,12
2024-03-14,3.0,12
2024-03-14,nan,15
2024-03-14,null,15
2024-03-15,3,11
2024-03-15,3.0,11
2024-03-15,nan,31
2024-03-15,null,31
2024-03-16,3,2
2024-03-16,3.0,2
2024-03-16,nan,25
2024-03-16,null,25
2024-03-17,3,12
2024-03-17,3.0,12
2024-03-17,nan,6
2024-03-17,null,6
2024-03-18,3,25
2024-03-18,3.0,25
2024-03-18,nan,26
2024-03-18,null,26
2024-03-19,3,7
2024-03-19,3.0,7
2024-03-19,nan,12
2024-03-19,null,12
2024-03-20,3,31
2024-03-20,3.0,31
2024-03-20,nan,106
2024-03-20,null,106
2024-03-21,3,20
2024-03-21,3.0,20
2024-03-21,nan,95
2024-03-21,null,95
2024-03-22,2,1
2024-03-22,2.0,1
2024-03-22,3,45
2024-03-22,3.0,45
2024-03-22,nan,29
2024-03-22,null,29
2024-03-23,3,54
2024-03-23,3.0,54
2024-03-23,nan,12
2024-03-23,null,12
2024-03-24,3,66
2024-03-24,3.0,66
2024-03-24,nan,47
2024-03-24,null,47
2024-03-25,3,96
2024-03-25,3.0,96
2024-03-25,nan,40
2024-03-25,null,40
2024-03-26,3,163
2024-03-26,3.0,163
2024-03-26,nan,54
2024-03-26,null,54
2024-03-27,3,141
2024-03-27,3.0,141
2024-03-27,nan,113
2024-03-27,null,113
2024-03-28,3,122
2024-03-28,3.0,122
2024-03-28,nan,204
2024-03-28,null,204
2024-03-29,3,81
2024-03-29,3.0,81
2024-03-29,nan,26
2024-03-29,null,26
2024-03-30,3,66
2024-03-30,3.0,66
2024-03-31,3,88
2024-03-31,3.0,88
2024-03-31,nan,7
2024-03-31,null,7
2024-04-01,3,96
2024-04-01,3.0,96
2024-04-01,nan,24
2024-04-01,null,24
2024-04-02,3,98
2024-04-02,3.0,98
2024-04-02,nan,2
2024-04-02,null,2
2024-04-03,3,92
2024-04-03,3.0,92
2024-04-03,nan,65
2024-04-03,null,65
2024-04-04,3,85
2024-04-04,3.0,85
2024-04-04,nan,27
2024-04-04,null,27
2024-04-05,3,130
2024-04-05,3.0,130
2024-04-05,nan,103
2024-04-05,null,103
2024-04-06,3,67
2024-04-06,3.0,67
2024-04-07,3,40
2024-04-07,3.0,40
2024-04-07,nan,90
2024-04-07,null,90
2024-04-08,3,91
2024-04-08,3.0,91
2024-04-08,nan,188
2024-04-08,null,188
2024-04-09,3,110
2024-04-09,3.0,110
2024-04-09,nan,12
2024-04-09,null,12
2024-04-10,3,239
2024-04-10,3.0,239
2024-04-10,nan,12
2024-04-10,null,12
2024-04-11,3,167
2024-04-11,3.0,167
2024-04-11,nan,104
2024-04-11,null,104
2024-04-12,3,169
2024-04-12,3.0,169
2024-04-12,nan,21
2024-04-12,null,21
2024-04-13,3,42
2024-04-13,3.0,42
2024-04-13,nan,3
2024-04-13,null,3
2024-04-14,3,77
2024-04-14,3.0,77
2024-04-14,nan,90
2024-04-14,null,90
2024-04-15,3,220
2024-04-15,3.0,220
2024-04-15,nan,10
2024-04-15,null,10
2024-04-16,3,179
2024-04-16,3.0,179
2024-04-16,nan,25
2024-04-16,null,25
2024-04-17,3,192
2024-04-17,3.0,192
2024-04-17,nan,158
2024-04-17,null,158
2024-04-18,3,177
2024-04-18,3.0,177
2024-04-18,nan,96
2024-04-18,null,96
2024-04-19,3,112
2024-04-19,3.0,112
2024-04-19,nan,122
2024-04-19,null,122
2024-04-20,3,40
2024-04-20,3.0,40
2024-04-20,nan,3
2024-04-20,null,3
2024-04-21,3,51
2024-04-21,3.0,51
2024-04-21,nan,103
2024-04-21,null,103
2024-04-22,3,118
2024-04-22,3.0,118
2024-04-22,nan,84
2024-04-22,null,84
2024-04-23,3,190
2024-04-23,3.0,190
2024-04-23,nan,36
2024-04-23,null,36
2024-04-24,3,110
2024-04-24,3.0,110
2024-04-24,nan,96
2024-04-24,null,96
2024-04-25,3,90
2024-04-25,3.0,90
2024-04-25,nan,44
2024-04-25,null,44
2024-04-26,3,112
2024-04-26,3.0,112
2024-04-26,nan,31
2024-04-26,null,31
2024-04-27,3,61
2024-04-27,3.0,61
2024-04-27,nan,95
2024-04-27,null,95
2024-04-28,3,64
2024-04-28,3.0,64
2024-04-28,nan,92
2024-04-28,null,92
2024-04-29,3,123
2024-04-29,3.0,123
2024-04-29,nan,56
2024-04-29,null,56
2024-04-30,3,331
2024-04-30,3.0,331
2024-04-30,nan,13
2024-04-30,null,13
2024-05-01,3,135
2024-05-01,3.0,135
2024-05-01,nan,127
2024-05-01,null,127
2024-05-02,3,88
2024-05-02,3.0,88
2024-05-02,nan,28
2024-05-02,null,28
2024-05-03,3,118
2024-05-03,3.0,118
2024-05-03,nan,103
2024-05-03,null,103
2024-05-04,3,55
2024-05-04,3.0,55
2024-05-04,nan,185
2024-05-04,null,185
2024-05-05,3,118
2024-05-05,3.0,118
2024-05-05,nan,104
2024-05-05,null,104
2024-05-06,3,148
2024-05-06,3.0,148
2024-05-06,nan,6
2024-05-06,null,6
2024-05-07,3,104
2024-05-07,3.0,104
2024-05-07,nan,95
2024-05-07,null,95
2024-05-08,3,130
2024-05-08,3.0,130
2024-05-08,nan,7
2024-05-08,null,7
2024-05-09,3,118
2024-05-09,3.0,118
2024-05-09,nan,69
2024-05-09,null,69
2024-05-10,3,57
2024-05-10,3.0,57
2024-05-10,nan,112
2024-05-10,null,112
2024-05-11,3,58
2024-05-11,3.0,58
2024-05-11,nan,84
2024-05-11,null,84
2024-05-12,3,97
2024-05-12,3.0,97
2024-05-12,nan,50
2024-05-12,null,50
2024-05-13,3,115
2024-05-13,3.0,115
2024-05-13,nan,60
2024-05-13,null,60
2024-05-14,3,173
2024-05-14,3.0,173
2024-05-14,nan,7
2024-05-14,null,7
2024-05-15,3,218
2024-05-15,3.0,218
2024-05-15,nan,201
2024-05-15,null,201
2024-05-16,3,168
2024-05-16,3.0,168
2024-05-16,nan,111
2024-05-16,null,111
2024-05-17,3,161
2024-05-17,3.0,161
2024-05-17,nan,43
2024-05-17,null,43
2024-05-18,3,91
2024-05-18,3.0,91
2024-05-18,nan,20
2024-05-18,null,20
2024-05-19,3,63
2024-05-19,3.0,63
2024-05-19,nan,104
2024-05-19,null,104
2024-05-20,3,85
2024-05-20,3.0,85
2024-05-20,nan,47
2024-05-20,null,47
2024-05-21,3,179
2024-05-21,3.0,179
2024-05-21,nan,3
2024-05-21,null,3
2024-05-22,2,1
2024-05-22,2.0,1
2024-05-22,3,118
2024-05-22,3.0,118
2024-05-22,nan,23
2024-05-22,null,23
2024-05-23,3,105
2024-05-23,3.0,105
2024-05-23,nan,17
2024-05-23,null,17
2024-05-24,3,130
2024-05-24,3.0,130
2024-05-24,nan,19
2024-05-24,null,19
2024-05-25,3,70
2024-05-25,3.0,70
2024-05-25,nan,4
2024-05-25,null,4
2024-05-26,3,76
2024-05-26,3.0,76
2024-05-26,nan,1
2024-05-26,null,1
2024-05-27,3,145
2024-05-27,3.0,145
2024-05-27,nan,6
2024-05-27,null,6
2024-05-28,3,151
2024-05-28,3.0,151
2024-05-28,nan,15
2024-05-28,null,15
2024-05-29,3,104
2024-05-29,3.0,104
2024-05-29,nan,14
2024-05-29,null,14
2024-05-30,3,140
2024-05-30,3.0,140
2024-05-30,nan,179
2024-05-30,null,179
2024-05-31,3,104
2024-05-31,3.0,104
2024-05-31,nan,30
2024-05-31,null,30
2024-06-01,3,45
2024-06-01,3.0,45
2024-06-01,nan,113
2024-06-01,null,113
2024-06-02,3,53
2024-06-02,3.0,53
2024-06-02,nan,192
2024-06-02,null,192
2024-06-03,3,121
2024-06-03,3.0,121
2024-06-03,nan,201
2024-06-03,null,201
2024-06-04,3,179
2024-06-04,3.0,179
2024-06-04,nan,68
2024-06-04,null,68
2024-06-05,2,1
2024-06-05,2.0,1
2024-06-05,3,79
2024-06-05,3.0,79
2024-06-05,nan,66
2024-06-05,null,66
2024-06-06,3,86
2024-06-06,3.0,86
2024-06-06,nan,49
2024-06-06,null,49
2024-06-07,3,182
2024-06-07,3.0,182
2024-06-07,nan,49
2024-06-07,null,49
2024-06-08,3,136
2024-06-08,3.0,136
2024-06-08,nan,99
2024-06-08,null,99
2024-06-09,3,129
2024-06-09,3.0,129
2024-06-09,nan,13
2024-06-09,null,13
2024-06-10,3,133
2024-06-10,3.0,133
2024-06-10,nan,22
2024-06-10,null,22
2024-06-11,3,143
2024-06-11,3.0,143
2024-06-11,nan,91
2024-06-11,null,91
2024-06-12,3,186
2024-06-12,3.0,186
2024-06-12,nan,45
2024-06-12,null,45
2024-06-13,3,158
2024-06-13,3.0,158
2024-06-13,nan,47
2024-06-13,null,47
2024-06-14,3,212
2024-06-14,3.0,212
2024-06-14,nan,202
2024-06-14,null,202
2024-06-15,3,47
2024-06-15,3.0,47
2024-06-15,nan,28
2024-06-15,null,28
2024-06-16,3,85
2024-06-16,3.0,85
2024-06-16,nan,7
2024-06-16,null,7
2024-06-17,3,196
2024-06-17,3.0,196
2024-06-17,nan,11
2024-06-17,null,11
2024-06-18,2,1
2024-06-18,2.0,1
2024-06-18,3,278
2024-06-18,3.0,278
2024-06-18,nan,34
2024-06-18,null,34
2024-06-19,3,164
2024-06-19,3.0,164
2024-06-19,nan,55
2024-06-19,null,55
2024-06-20,3,103
2024-06-20,3.0,103
2024-06-20,nan,143
2024-06-20,null,143
2024-06-21,3,104
2024-06-21,3.0,104
2024-06-21,nan,90
2024-06-21,null,90
2024-06-22,3,108
2024-06-22,3.0,108
2024-06-22,nan,99
2024-06-22,null,99
2024-06-23,3,86
2024-06-23,3.0,86
2024-06-23,nan,17
2024-06-23,null,17
2024-06-24,3,138
2024-06-24,3.0,138
2024-06-24,nan,131
2024-06-24,null,131
2024-06-25,3,172
2024-06-25,3.0,172
2024-06-25,nan,92
2024-06-25,null,92
2024-06-26,3,204
2024-06-26,3.0,204
2024-06-26,nan,50
2024-06-26,null,50
2024-06-27,3,105
2024-06-27,3.0,105
2024-06-27,nan,74
2024-06-27,null,74
2024-06-28,3,81
2024-06-28,3.0,81
2024-06-28,nan,57
2024-06-28,null,57
2024-06-29,3,55
2024-06-29,3.0,55
2024-06-29,nan,18
2024-06-29,null,18
2024-06-30,3,85
2024-06-30,3.0,85
2024-06-30,nan,12
2024-06-30,null,12
2024-07-01,3,108
2024-07-01,3.0,108
2024-07-01,nan,33
2024-07-01,null,33
2024-07-02,3,135
2024-07-02,3.0,135
2024-07-02,nan,262
2024-07-02,null,262
2024-07-03,2,1
2024-07-03,2.0,1
2024-07-03,3,171
2024-07-03,3.0,171
2024-07-03,nan,222
2024-07-03,null,222
2024-07-04,3,76
2024-07-04,3.0,76
2024-07-04,nan,36
2024-07-04,null,36
2024-07-05,3,122
2024-07-05,3.0,122
2024-07-05,nan,122
2024-07-05,null,122
2024-07-06,3,59
2024-07-06,3.0,59
2024-07-06,nan,107
2024-07-06,null,107
2024-07-07,3,105
2024-07-07,3.0,105
2024-07-07,nan,10
2024-07-07,null,10
2024-07-08,3,179
2024-07-08,3.0,179
2024-07-08,nan,121
2024-07-08,null,121
2024-07-09,3,102
2024-07-09,3.0,102
2024-07-09,nan,72
2024-07-09,null,72
2024-07-10,3,93
2024-07-10,3.0,93
2024-07-10,nan,226
2024-07-10,null,226
2024-07-11,3,147
2024-07-11,3.0,147
2024-07-11,nan,68
2024-07-11,null,68
2024-07-12,3,103
2024-07-12,3.0,103
2024-07-12,nan,54
2024-07-12,null,54
2024-07-13,3,49
2024-07-13,3.0,49
2024-07-13,nan,201
2024-07-13,null,201
2024-07-14,3,96
2024-07-14,3.0,96
2024-07-14,nan,18
2024-07-14,null,18
2024-07-15,3,187
2024-07-15,3.0,187
2024-07-15,nan,49
2024-07-15,null,49
2024-07-16,3,167
2024-07-16,3.0,167
2024-07-16,nan,40
2024-07-16,null,40
2024-07-17,3,254
2024-07-17,3.0,254
2024-07-17,nan,163
2024-07-17,null,163
2024-07-18,3,182
2024-07-18,3.0,182
2024-07-18,nan,138
2024-07-18,null,138
2024-07-19,3,114
2024-07-19,3.0,114
2024-07-19,nan,133
2024-07-19,null,133
2024-07-20,3,58
2024-07-20,3.0,58
2024-07-20,nan,98
2024-07-20,null,98
2024-07-21,3,69
2024-07-21,3.0,69
2024-07-21,nan,24
2024-07-21,null,24
2024-07-22,3,252
2024-07-22,3.0,252
2024-07-22,nan,95
2024-07-22,null,95
2024-07-23,3,267
2024-07-23,3.0,267
2024-07-23,nan,205
2024-07-23,null,205
2024-07-24,3,146
2024-07-24,3.0,146
2024-07-24,nan,148
2024-07-24,null,148
2024-07-25,3,213
2024-07-25,3.0,213
2024-07-25,nan,38
2024-07-25,null,38
2024-07-26,3,86
2024-07-26,3.0,86
2024-07-26,nan,54
2024-07-26,null,54
2024-07-27,3,66
2024-07-27,3.0,66
2024-07-27,nan,13
2024-07-27,null,13
2024-07-28,3,63
2024-07-28,3.0,63
2024-07-28,nan,2
2024-07-28,null,2
2024-07-29,3,128
2024-07-29,3.0,128
2024-07-29,nan,39
2024-07-29,null,39
2024-07-30,3,151
2024-07-30,3.0,151
2024-07-30,nan,140
2024-07-30,null,140
2024-07-31,3,177
2024-07-31,3.0,177
2024-07-31,nan,207
2024-07-31,null,207
2024-08-01,3,132
2024-08-01,3.0,132
2024-08-01,nan,14
2024-08-01,null,14
2024-08-02,3,116
2024-08-02,3.0,116
2024-08-02,nan,139
2024-08-02,null,139
2024-08-03,3,54
2024-08-03,3.0,54
2024-08-03,nan,4
2024-08-03,null,4
2024-08-04,3,90
2024-08-04,3.0,90
2024-08-04,nan,5
2024-08-04,null,5
2024-08-05,3,186
2024-08-05,3.0,186
2024-08-05,nan,19
2024-08-05,null,19
2024-08-06,3,171
2024-08-06,3.0,171
2024-08-06,nan,90
2024-08-06,null,90
2024-08-07,3,156
2024-08-07,3.0,156
2024-08-07,nan,54
2024-08-07,null,54
2024-08-08,3,151
2024-08-08,3.0,151
2024-08-08,nan,43
2024-08-08,null,43
2024-08-09,3,116
2024-08-09,3.0,116
2024-08-09,nan,33
2024-08-09,null,33
2024-08-10,3,70
2024-08-10,3.0,70
2024-08-10,nan,17
2024-08-10,null,17
2024-08-11,3,78
2024-08-11,3.0,78
2024-08-11,nan,64
2024-08-11,null,64
2024-08-12,3,224
2024-08-12,3.0,224
2024-08-12,nan,47
2024-08-12,null,47
2024-08-13,3,144
2024-08-13,3.0,144
2024-08-13,nan,122
2024-08-13,null,122
2024-08-14,3,172
2024-08-14,3.0,172
2024-08-14,nan,35
2024-08-14,null,35
2024-08-15,3,98
2024-08-15,3.0,98
2024-08-15,nan,43
2024-08-15,null,43
2024-08-16,3,98
2024-08-16,3.0,98
2024-08-16,nan,118
2024-08-16,null,118
2024-08-17,3,37
2024-08-17,3.0,37
2024-08-17,nan,312
2024-08-17,null,312
2024-08-18,3,63
2024-08-18,3.0,63
2024-08-18,nan,196
2024-08-18,null,196
2024-08-19,3,108
2024-08-19,3.0,108
2024-08-19,nan,132
2024-08-19,null,132
2024-08-20,3,149
2024-08-20,3.0,149
2024-08-20,nan,61
2024-08-20,null,61
2024-08-21,3,121
2024-08-21,3.0,121
2024-08-21,nan,91
2024-08-21,null,91
2024-08-22,3,144
2024-08-22,3.0,144
2024-08-22,nan,30
2024-08-22,null,30
2024-08-23,3,146
2024-08-23,3.0,146
2024-08-23,nan,50
2024-08-23,null,50
2024-08-24,3,72
2024-08-24,3.0,72
2024-08-24,nan,14
2024-08-24,null,14
2024-08-25,3,145
2024-08-25,3.0,145
2024-08-25,nan,107
2024-08-25,null,107
2024-08-26,3,172
2024-08-26,3.0,172
2024-08-26,nan,34
2024-08-26,null,34
2024-08-27,3,156
2024-08-27,3.0,156
2024-08-27,nan,48
2024-08-27,null,48
2024-08-28,3,316
2024-08-28,3.0,316
2024-08-28,nan,56
2024-08-28,null,56
2024-08-29,3,212
2024-08-29,3.0,212
2024-08-29,nan,24
2024-08-29,null,24
2024-08-30,3,196
2024-08-30,3.0,196
2024-08-30,nan,134
2024-08-30,null,134
2024-08-31,3,79
2024-08-31,3.0,79
2024-08-31,nan,9
2024-08-31,null,9
2024-09-01,3,72
2024-09-01,3.0,72
2024-09-01,nan,7
2024-09-01,null,7
2024-09-02,3,112
2024-09-02,3.0,112
2024-09-02,nan,118
2024-09-02,null,118
2024-09-03,3,138
2024-09-03,3.0,138
2024-09-03,nan,54
2024-09-03,null,54
2024-09-04,3,270
2024-09-04,3.0,270
2024-09-04,nan,164
2024-09-04,null,164
2024-09-05,3,190
2024-09-05,3.0,190
2024-09-05,nan,54
2024-09-05,null,54
2024-09-06,3,121
2024-09-06,3.0,121
2024-09-06,nan,239
2024-09-06,null,239
2024-09-07,3,98
2024-09-07,3.0,98
2024-09-07,nan,8
2024-09-07,null,8
2024-09-08,3,64
2024-09-08,3.0,64
2024-09-08,nan,113
2024-09-08,null,113
2024-09-09,3,218
2024-09-09,3.0,218
2024-09-09,nan,134
2024-09-09,null,134
2024-09-10,3,156
2024-09-10,3.0,156
2024-09-10,nan,57
2024-09-10,null,57
2024-09-11,3,136
2024-09-11,3.0,136
2024-09-11,nan,26
2024-09-11,null,26
2024-09-12,3,154
2024-09-12,3.0,154
2024-09-12,nan,113
2024-09-12,null,113
2024-09-13,3,163
2024-09-13,3.0,163
2024-09-13,nan,109
2024-09-13,null,109
2024-09-14,3,75
2024-09-14,3.0,75
2024-09-14,nan,267
2024-09-14,null,267
2024-09-15,3,95
2024-09-15,3.0,95
2024-09-15,nan,17
2024-09-15,null,17
2024-09-16,3,357
2024-09-16,3.0,357
2024-09-16,nan,115
2024-09-16,null,115
2024-09-17,3,157
2024-09-17,3.0,157
2024-09-17,nan,142
2024-09-17,null,142
2024-09-18,3,114
2024-09-18,3.0,114
2024-09-18,nan,49
2024-09-18,null,49
2024-09-19,3,150
2024-09-19,3.0,150
2024-09-19,nan,38
2024-09-19,null,38
2024-09-20,3,159
2024-09-20,3.0,159
2024-09-20,nan,40
2024-09-20,null,40
2024-09-21,3,46
2024-09-21,3.0,46
2024-09-21,nan,97
2024-09-21,null,97
2024-09-22,3,59
2024-09-22,3.0,59
2024-09-22,nan,27
2024-09-22,null,27
2024-09-23,3,136
2024-09-23,3.0,136
2024-09-23,nan,119
2024-09-23,null,119
2024-09-24,3,146
2024-09-24,3.0,146
2024-09-24,nan,107
2024-09-24,null,107
2024-09-25,3,173
2024-09-25,3.0,173
2024-09-25,nan,53
2024-09-25,null,53
2024-09-26,3,214
2024-09-26,3.0,214
2024-09-26,nan,387
2024-09-26,null,387
2024-09-27,3,219
2024-09-27,3.0,219
2024-09-27,nan,126
2024-09-27,null,126
2024-09-28,3,64
2024-09-28,3.0,64
2024-09-28,nan,128
2024-09-28,null,128
2024-09-29,3,150
2024-09-29,3.0,150
2024-09-29,nan,205
2024-09-29,null,205
2024-09-30,3,201
2024-09-30,3.0,201
2024-09-30,nan,61
2024-09-30,null,61
2024-10-01,3,156
2024-10-01,3.0,156
2024-10-01,nan,49
2024-10-01,null,49
2024-10-02,3,146
2024-10-02,3.0,146
2024-10-02,nan,168
2024-10-02,null,168
2024-10-03,3,144
2024-10-03,3.0,144
2024-10-03,nan,135
2024-10-03,null,135
2024-10-04,3,209
2024-10-04,3.0,209
2024-10-04,nan,127
2024-10-04,null,127
2024-10-05,3,95
2024-10-05,3.0,95
2024-10-05,nan,110
2024-10-05,null,110
2024-10-06,3,110
2024-10-06,3.0,110
2024-10-06,nan,284
2024-10-06,null,284
2024-10-07,3,190
2024-10-07,3.0,190
2024-10-07,nan,242
2024-10-07,null,242
2024-10-08,3,246
2024-10-08,3.0,246
2024-10-08,nan,413
2024-10-08,null,413
2024-10-09,3,214
2024-10-09,3.0,214
2024-10-09,nan,499
2024-10-09,null,499
2024-10-10,3,138
2024-10-10,3.0,138
2024-10-10,nan,321
2024-10-10,null,321
2024-10-11,3,109
2024-10-11,3.0,109
2024-10-11,nan,268
2024-10-11,null,268
2024-10-12,3,84
2024-10-12,3.0,84
2024-10-12,nan,208
2024-10-12,null,208
2024-10-13,3,145
2024-10-13,3.0,145
2024-10-13,nan,106
2024-10-13,null,106
2024-10-14,3,211
2024-10-14,3.0,211
2024-10-14,nan,32
2024-10-14,null,32
2024-10-15,3,252
2024-10-15,3.0,252
2024-10-15,nan,127
2024-10-15,null,127
2024-10-16,3,147
2024-10-16,3.0,147
2024-10-16,nan,129
2024-10-16,null,129
2024-10-17,3,145
2024-10-17,3.0,145
2024-10-17,nan,208
2024-10-17,null,208
2024-10-18,3,193
2024-10-18,3.0,193
2024-10-18,nan,242
2024-10-18,null,242
2024-10-19,3,108
2024-10-19,3.0,108
2024-10-19,nan,373
2024-10-19,null,373
2024-10-20,3,133
2024-10-20,3.0,133
2024-10-20,nan,225
2024-10-20,null,225
2024-10-21,3,180
2024-10-21,3.0,180
2024-10-21,nan,137
2024-10-21,null,137
2024-10-22,3,201
2024-10-22,3.0,201
2024-10-22,nan,128
2024-10-22,null,128
2024-10-23,3,246
2024-10-23,3.0,246
2024-10-23,nan,383
2024-10-23,null,383
2024-10-24,3,153
2024-10-24,3.0,153
2024-10-24,nan,370
2024-10-24,null,370
2024-10-25,3,161
2024-10-25,3.0,161
2024-10-25,nan,318
2024-10-25,null,318
2024-10-26,3,59
2024-10-26,3.0,59
2024-10-26,nan,162
2024-10-26,null,162
2024-10-27,3,229
2024-10-27,3.0,229
2024-10-27,nan,10
2024-10-27,null,10
2024-10-28,3,347
2024-10-28,3.0,347
2024-10-28,nan,145
2024-10-28,null,145
2024-10-29,3,242
2024-10-29,3.0,242
2024-10-29,nan,44
2024-10-29,null,44
2024-10-30,3,199
2024-10-30,3.0,199
2024-10-30,nan,41
2024-10-30,null,41
2024-10-31,3,151
2024-10-31,3.0,151
2024-10-31,nan,39
2024-10-31,null,39
2024-11-01,3,138
2024-11-01,3.0,138
2024-11-01,nan,38
2024-11-01,null,38
2024-11-02,3,74
2024-11-02,3.0,74
2024-11-02,nan,116
2024-11-02,null,116
2024-11-03,3,99
2024-11-03,3.0,99
2024-11-03,nan,140
2024-11-03,null,140
2024-11-04,3,144
2024-11-04,3.0,144
2024-11-04,nan,74
2024-11-04,null,74
2024-11-05,3,209
2024-11-05,3.0,209
2024-11-05,nan,134
2024-11-05,null,134
2024-11-06,2,1
2024-11-06,2.0,1
2024-11-06,3,232
2024-11-06,3.0,232
2024-11-06,nan,121
2024-11-06,null,121
2024-11-07,3,200
2024-11-07,3.0,200
2024-11-07,nan,59
2024-11-07,null,59
2024-11-08,3,159
2024-11-08,3.0,159
2024-11-08,nan,175
2024-11-08,null,175
2024-11-09,3,101
2024-11-09,3.0,101
2024-11-09,nan,17
2024-11-09,null,17
2024-11-10,3,168
2024-11-10,3.0,168
2024-11-10,nan,262
2024-11-10,null,262
2024-11-11,3,200
2024-11-11,3.0,200
2024-11-11,nan,118
2024-11-11,null,118
2024-11-12,3,257
2024-11-12,3.0,257
2024-11-12,nan,329
2024-11-12,null,329
2024-11-13,3,313
2024-11-13,3.0,313
2024-11-13,nan,185
2024-11-13,null,185
2024-11-14,3,397
2024-11-14,3.0,397
2024-11-14,nan,181
2024-11-14,null,181
2024-11-15,3,191
2024-11-15,3.0,191
2024-11-15,nan,237
2024-11-15,null,237
2024-11-16,3,67
2024-11-16,3.0,67
2024-11-16,nan,26
2024-11-16,null,26
2024-11-17,3,147
2024-11-17,3.0,147
2024-11-17,nan,245
2024-11-17,null,245
2024-11-18,2,1
2024-11-18,2.0,1
2024-11-18,3,277
2024-11-18,3.0,277
2024-11-18,nan,119
2024-11-18,null,119
2024-11-19,3,262
2024-11-19,3.0,262
2024-11-19,nan,225
2024-11-19,null,225
2024-11-20,3,278
2024-11-20,3.0,278
2024-11-20,nan,114
2024-11-20,null,114
2024-11-21,3,244
2024-11-21,3.0,244
2024-11-21,nan,39
2024-11-21,null,39
2024-11-22,3,273
2024-11-22,3.0,273
2024-11-22,nan,56
2024-11-22,null,56
2024-11-23,3,168
2024-11-23,3.0,168
2024-11-23,nan,126
2024-11-23,null,126
2024-11-24,3,127
2024-11-24,3.0,127
2024-11-24,nan,5
2024-11-24,null,5
2024-11-25,3,285
2024-11-25,3.0,285
2024-11-25,nan,51
2024-11-25,null,51
2024-11-26,3,166
2024-11-26,3.0,166
2024-11-26,nan,103
2024-11-26,null,103
2024-11-27,3,185
2024-11-27,3.0,185
2024-11-27,nan,140
2024-11-27,null,140
2024-11-28,3,168
2024-11-28,3.0,168
2024-11-28,nan,19
2024-11-28,null,19
2024-11-29,3,106
2024-11-29,3.0,106
2024-11-29,nan,13
2024-11-29,null,13
2024-11-30,3,101
2024-11-30,3.0,101
2024-11-30,nan,11
2024-11-30,null,11
2024-12-01,3,126
2024-12-01,3.0,126
2024-12-01,nan,100
2024-12-01,null,100
2024-12-02,3,255
2024-12-02,3.0,255
2024-12-02,nan,37
2024-12-02,null,37
2024-12-03,3,203
2024-12-03,3.0,203
2024-12-03,nan,54
2024-12-03,null,54
2024-12-04,3,141
2024-12-04,3.0,141
2024-12-04,nan,43
2024-12-04,null,43
2024-12-05,3,173
2024-12-05,3.0,173
2024-12-05,nan,158
2024-12-05,null,158
2024-12-06,3,125
2024-12-06,3.0,125
2024-12-06,nan,54
2024-12-06,null,54
2024-12-07,3,172
2024-12-07,3.0,172
2024-12-07,nan,109
2024-12-07,null,109
2024-12-08,3,79
2024-12-08,3.0,79
2024-12-08,nan,50
2024-12-08,null,50
2024-12-09,3,183
2024-12-09,3.0,183
2024-12-09,nan,317
2024-12-09,null,317
2024-12-10,3,193
2024-12-10,3.0,193
2024-12-10,nan,434
2024-12-10,null,434
2024-12-11,3,153
2024-12-11,3.0,153
2024-12-11,nan,139
2024-12-11,null,139
2024-12-12,3,219
2024-12-12,3.0,219
2024-12-12,nan,126
2024-12-12,null,126
2024-12-13,3,177
2024-12-13,3.0,177
2024-12-13,nan,224
2024-12-13,null,224
2024-12-14,3,83
2024-12-14,3.0,83
2024-12-14,nan,342
2024-12-14,null,342
2024-12-15,3,104
2024-12-15,3.0,104
2024-12-15,nan,97
2024-12-15,null,97
2024-12-16,3,164
2024-12-16,3.0,164
2024-12-16,nan,248
2024-12-16,null,248
2024-12-17,3,111
2024-12-17,3.0,111
2024-12-17,nan,195
2024-12-17,null,195
2024-12-18,3,172
2024-12-18,3.0,172
2024-12-18,nan,131
2024-12-18,null,131
2024-12-19,3,179
2024-12-19,3.0,179
2024-12-19,nan,196
2024-12-19,null,196
2024-12-20,3,87
2024-12-20,3.0,87
2024-12-20,nan,205
2024-12-20,null,205
2024-12-21,3,93
2024-12-21,3.0,93
2024-12-21,nan,11
2024-12-21,null,11
2024-12-22,3,76
2024-12-22,3.0,76
2024-12-22,nan,119
2024-12-22,null,119
2024-12-23,3,251
2024-12-23,3.0,251
2024-12-23,nan,215
2024-12-23,null,215
2024-12-24,3,60
2024-12-24,3.0,60
2024-12-24,nan,1
2024-12-24,null,1
2024-12-25,3,57
2024-12-25,3.0,57
2024-12-25,nan,1
2024-12-25,null,1
2024-12-26,3,70
2024-12-26,3.0,70
2024-12-26,nan,98
2024-12-26,null,98
2024-12-27,3,63
2024-12-27,3.0,63
2024-12-27,nan,134
2024-12-27,null,134
2024-12-28,3,66
2024-12-28,3.0,66
2024-12-28,nan,145
2024-12-28,null,145
2024-12-29,3,92
2024-12-29,3.0,92
2024-12-29,nan,30
2024-12-29,null,30
2024-12-30,3,93
2024-12-30,3.0,93
2024-12-30,nan,18
2024-12-30,null,18
2024-12-31,3,52
2024-12-31,3.0,52
2024-12-31,nan,123
2024-12-31,null,123
2025-01-01,3,41
2025-01-01,3.0,41
2025-01-01,nan,56
2025-01-01,null,56
2025-01-02,3,110
2025-01-02,3.0,110
2025-01-02,nan,7
2025-01-02,null,7
2025-01-03,3,84
2025-01-03,3.0,84
2025-01-03,nan,52
2025-01-03,null,52
2025-01-04,3,58
2025-01-04,3.0,58
2025-01-04,nan,3
2025-01-04,null,3
2025-01-05,3,96
2025-01-05,3.0,96
2025-01-05,nan,96
2025-01-05,null,96
2025-01-06,3,205
2025-01-06,3.0,205
2025-01-06,nan,63
2025-01-06,null,63
2025-01-07,3,297
2025-01-07,3.0,297
2025-01-07,nan,24
2025-01-07,null,24
2025-01-08,3,190
2025-01-08,3.0,190
2025-01-08,nan,115
2025-01-08,null,115
2025-01-09,3,191
2025-01-09,3.0,191
2025-01-09,nan,327
2025-01-09,null,327
2025-01-10,3,229
2025-01-10,3.0,229
2025-01-10,nan,122
2025-01-10,null,122
2025-01-11,3,226
2025-01-11,3.0,226
2025-01-11,nan,209
2025-01-11,null,209
2025-01-12,3,81
2025-01-12,3.0,81
2025-01-12,nan,280
2025-01-12,null,280
2025-01-13,3,249
2025-01-13,3.0,249
2025-01-13,nan,214
2025-01-13,null,214
2025-01-14,3,121
2025-01-14,3.0,121
2025-01-14,nan,233
2025-01-14,null,233
2025-01-15,3,193
2025-01-15,3.0,193
2025-01-15,nan,133
2025-01-15,null,133
2025-01-16,3,152
2025-01-16,3.0,152
2025-01-16,nan,130
2025-01-16,null,130
2025-01-17,3,144
2025-01-17,3.0,144
2025-01-17,nan,107
2025-01-17,null,107
2025-01-18,3,77
2025-01-18,3.0,77
2025-01-18,nan,17
2025-01-18,null,17
2025-01-19,3,90
2025-01-19,3.0,90
2025-01-19,nan,2
2025-01-19,null,2
2025-01-20,3,290
2025-01-20,3.0,290
2025-01-20,nan,143
2025-01-20,null,143
2025-01-21,3,197
2025-01-21,3.0,197
2025-01-21,nan,69
2025-01-21,null,69
2025-01-22,3,150
2025-01-22,3.0,150
2025-01-22,nan,40
2025-01-22,null,40
2025-01-23,3,234
2025-01-23,3.0,234
2025-01-23,nan,152
2025-01-23,null,152
2025-01-24,3,165
2025-01-24,3.0,165
2025-01-24,nan,25
2025-01-24,null,25
2025-01-25,3,70
2025-01-25,3.0,70
2025-01-25,nan,94
2025-01-25,null,94
2025-01-26,3,93
2025-01-26,3.0,93
2025-01-26,nan,29
2025-01-26,null,29
2025-01-27,3,131
2025-01-27,3.0,131
2025-01-27,nan,165
2025-01-27,null,165
2025-01-28,3,119
2025-01-28,3.0,119
2025-01-28,nan,75
2025-01-28,null,75
2025-01-29,3,239
2025-01-29,3.0,239
2025-01-29,nan,36
2025-01-29,null,36
2025-01-30,3,134
2025-01-30,3.0,134
2025-01-30,nan,15
2025-01-30,null,15
2025-01-31,3,76
2025-01-31,3.0,76
2025-01-31,nan,110
2025-01-31,null,110
2025-02-01,3,58
2025-02-01,3.0,58
2025-02-01,nan,99
2025-02-01,null,99
2025-02-02,3,171
2025-02-02,3.0,171
2025-02-02,nan,104
2025-02-02,null,104
2025-02-03,3,171
2025-02-03,3.0,171
2025-02-03,nan,213
2025-02-03,null,213
2025-02-04,3,179
2025-02-04,3.0,179
2025-02-04,nan,68
2025-02-04,null,68
2025-02-05,3,191
2025-02-05,3.0,191
2025-02-05,nan,94
2025-02-05,null,94
2025-02-06,3,278
2025-02-06,3.0,278
2025-02-06,nan,43
2025-02-06,null,43
2025-02-07,3,264
2025-02-07,3.0,264
2025-02-07,nan,236
2025-02-07,null,236
2025-02-08,3,65
2025-02-08,3.0,65
2025-02-08,nan,183
2025-02-08,null,183
2025-02-09,3,159
2025-02-09,3.0,159
2025-02-09,nan,109
2025-02-09,null,109
2025-02-10,3,253
2025-02-10,3.0,253
2025-02-10,nan,51
2025-02-10,null,51
2025-02-11,3,296
2025-02-11,3.0,296
2025-02-11,nan,113
2025-02-11,null,113
2025-02-12,3,298
2025-02-12,3.0,298
2025-02-12,nan,329
2025-02-12,null,329
2025-02-13,3,286
2025-02-13,3.0,286
2025-02-13,nan,70
2025-02-13,null,70
2025-02-14,3,176
2025-02-14,3.0,176
2025-02-14,nan,66
2025-02-14,null,66
2025-02-15,3,212
2025-02-15,3.0,212
2025-02-15,nan,23
2025-02-15,null,23
2025-02-16,3,222
2025-02-16,3.0,222
2025-02-16,nan,102
2025-02-16,null,102
2025-02-17,3,281
2025-02-17,3.0,281
2025-02-17,nan,10
2025-02-17,null,10
2025-02-18,3,348
2025-02-18,3.0,348
2025-02-18,nan,104
2025-02-18,null,104
2025-02-19,3,264
2025-02-19,3.0,264
2025-02-19,nan,28
2025-02-19,null,28
2025-02-20,3,248
2025-02-20,3.0,248
2025-02-20,nan,195
2025-02-20,null,195
2025-02-21,3,174
2025-02-21,3.0,174
2025-02-21,nan,42
2025-02-21,null,42
2025-02-22,3,159
2025-02-22,3.0,159
2025-02-22,nan,4
2025-02-22,null,4
2025-02-23,3,162
2025-02-23,3.0,162
2025-02-23,nan,4
2025-02-23,null,4
2025-02-24,3,184
2025-02-24,3.0,184
2025-02-24,nan,8
2025-02-24,null,8
2025-02-25,3,295
2025-02-25,3.0,295
2025-02-25,nan,13
2025-02-25,null,13
2025-02-26,3,253
2025-02-26,3.0,253
2025-02-26,nan,205
2025-02-26,null,205
2025-02-27,3,238
2025-02-27,3.0,238
2025-02-27,nan,25
2025-02-27,null,25
2025-02-28,3,194
2025-02-28,3.0,194
2025-02-28,nan,18
2025-02-28,null,18
2025-03-01,3,74
2025-03-01,3.0,74
2025-03-01,nan,204
2025-03-01,null,204
2025-03-02,3,141
2025-03-02,3.0,141
2025-03-02,nan,7
2025-03-02,null,7
2025-03-03,3,241
2025-03-03,3.0,241
2025-03-03,nan,111
2025-03-03,null,111
2025-03-04,3,280
2025-03-04,3.0,280
2025-03-04,nan,61
2025-03-04,null,61
2025-03-05,3,229
2025-03-05,3.0,229
2025-03-05,nan,134
2025-03-05,null,134
2025-03-06,3,295
2025-03-06,3.0,295
2025-03-06,nan,57
2025-03-06,null,57
2025-03-07,3,291
2025-03-07,3.0,291
2025-03-07,nan,212
2025-03-07,null,212
2025-03-08,3,154
2025-03-08,3.0,154
2025-03-08,nan,350
2025-03-08,null,350
2025-03-09,3,178
2025-03-09,3.0,178
2025-03-09,nan,14
2025-03-09,null,14
2025-03-10,3,251
2025-03-10,3.0,251
2025-03-10,nan,203
2025-03-10,null,203
2025-03-11,3,216
2025-03-11,3.0,216
2025-03-11,nan,105
2025-03-11,null,105
2025-03-12,3,259
2025-03-12,3.0,259
2025-03-12,nan,90
2025-03-12,null,90
2025-03-13,3,247
2025-03-13,3.0,247
2025-03-13,nan,234
2025-03-13,null,234
2025-03-14,3,330
2025-03-14,3.0,330
2025-03-14,nan,10
2025-03-14,null,10
2025-03-15,3,121
2025-03-15,3.0,121
2025-03-15,nan,5
2025-03-15,null,5
2025-03-16,3,168
2025-03-16,3.0,168
2025-03-16,nan,206
2025-03-16,null,206
2025-03-17,3,268
2025-03-17,3.0,268
2025-03-17,nan,311
2025-03-17,null,311
2025-03-18,3,231
2025-03-18,3.0,231
2025-03-18,nan,21
2025-03-18,null,21
2025-03-19,3,202
2025-03-19,3.0,202
2025-03-19,nan,29
2025-03-19,null,29
2025-03-20,3,141
2025-03-20,3.0,141
2025-03-20,nan,210
2025-03-20,null,210
2025-03-21,3,134
2025-03-21,3.0,134
2025-03-21,nan,213
2025-03-21,null,213
2025-03-22,3,113
2025-03-22,3.0,113
2025-03-22,nan,25
2025-03-22,null,25
2025-03-23,3,208
2025-03-23,3.0,208
2025-03-23,nan,190
2025-03-23,null,190
2025-03-24,3,200
2025-03-24,3.0,200
2025-03-24,nan,21
2025-03-24,null,21
2025-03-25,3,144
2025-03-25,3.0,144
2025-03-25,nan,26
2025-03-25,null,26
2025-03-26,3,221
2025-03-26,3.0,221
2025-03-26,nan,14
2025-03-26,null,14
2025-03-27,3,160
2025-03-27,3.0,160
2025-03-27,nan,163
2025-03-27,null,163
2025-03-28,3,206
2025-03-28,3.0,206
2025-03-28,nan,127
2025-03-28,null,127
2025-03-29,3,95
2025-03-29,3.0,95
2025-03-29,nan,278
2025-03-29,null,278
2025-03-30,3,144
2025-03-30,3.0,144
2025-03-30,nan,189
2025-03-30,null,189
2025-03-31,3,279
2025-03-31,3.0,279
2025-03-31,nan,112
2025-03-31,null,112
2025-04-01,3,280
2025-04-01,3.0,280
2025-04-01,nan,57
2025-04-01,null,57
2025-04-02,3,160
2025-04-02,3.0,160
2025-04-02,nan,39
2025-04-02,null,39
2025-04-03,3,223
2025-04-03,3.0,223
2025-04-03,nan,26
2025-04-03,null,26
2025-04-04,3,116
2025-04-04,3.0,116
2025-04-04,nan,295
2025-04-04,null,295
2025-04-05,3,87
2025-04-05,3.0,87
2025-04-05,nan,15
2025-04-05,null,15
2025-04-06,3,102
2025-04-06,3.0,102
2025-04-06,nan,90
2025-04-06,null,90
2025-04-07,3,239
2025-04-07,3.0,239
2025-04-07,nan,58
2025-04-07,null,58
2025-04-08,3,216
2025-04-08,3.0,216
2025-04-08,nan,224
2025-04-08,null,224
2025-04-09,3,240
2025-04-09,3.0,240
2025-04-09,nan,238
2025-04-09,null,238
2025-04-10,3,210
2025-04-10,3.0,210
2025-04-10,nan,216
2025-04-10,null,216
2025-04-11,3,257
2025-04-11,3.0,257
2025-04-11,nan,193
2025-04-11,null,193
2025-04-12,3,108
2025-04-12,3.0,108
2025-04-12,nan,68
2025-04-12,null,68
2025-04-13,3,110
2025-04-13,3.0,110
2025-04-13,nan,110
2025-04-13,null,110
2025-04-14,3,182
2025-04-14,3.0,182
2025-04-14,nan,235
2025-04-14,null,235
2025-04-15,3,157
2025-04-15,3.0,157
2025-04-15,nan,36
2025-04-15,null,36
2025-04-16,3,236
2025-04-16,3.0,236
2025-04-16,nan,111
2025-04-16,null,111
2025-04-17,3,178
2025-04-17,3.0,178
2025-04-17,nan,149
2025-04-17,null,149
2025-04-18,3,171
2025-04-18,3.0,171
2025-04-18,nan,223
2025-04-18,null,223
2025-04-19,3,104
2025-04-19,3.0,104
2025-04-19,nan,365
2025-04-19,null,365
2025-04-20,3,120
2025-04-20,3.0,120
2025-04-20,nan,102
2025-04-20,null,102
2025-04-21,3,193
2025-04-21,3.0,193
2025-04-21,nan,263
2025-04-21,null,263
2025-04-22,3,304
2025-04-22,3.0,304
2025-04-22,nan,395
2025-04-22,null,395
2025-04-23,3,185
2025-04-23,3.0,185
2025-04-23,nan,272
2025-04-23,null,272
2025-04-24,3,217
2025-04-24,3.0,217
2025-04-24,nan,43
2025-04-24,null,43
2025-04-25,3,192
2025-04-25,3.0,192
2025-04-25,nan,49
2025-04-25,null,49
2025-04-26,3,58
2025-04-26,3.0,58
2025-04-26,nan,312
2025-04-26,null,312
2025-04-27,3,147
2025-04-27,3.0,147
2025-04-27,nan,176
2025-04-27,null,176
2025-04-28,3,257
2025-04-28,3.0,257
2025-04-28,nan,334
2025-04-28,null,334
2025-04-29,3,188
2025-04-29,3.0,188
2025-04-29,nan,42
2025-04-29,null,42
2025-04-30,3,218
2025-04-30,3.0,218
2025-04-30,nan,112
2025-04-30,null,112
2025-05-01,3,154
2025-05-01,3.0,154
2025-05-01,nan,19
2025-05-01,null,19
2025-05-02,3,126
2025-05-02,3.0,126
2025-05-02,nan,30
2025-05-02,null,30
2025-05-03,3,89
2025-05-03,3.0,89
2025-05-03,nan,128
2025-05-03,null,128
2025-05-04,3,177
2025-05-04,3.0,177
2025-05-04,nan,94
2025-05-04,null,94
2025-05-05,3,292
2025-05-05,3.0,292
2025-05-05,nan,157
2025-05-05,null,157
2025-05-06,3,389
2025-05-06,3.0,389
2025-05-06,nan,42
2025-05-06,null,42
2025-05-07,3,455
2025-05-07,3.0,455
2025-05-07,nan,131
2025-05-07,null,131
2025-05-08,3,410
2025-05-08,3.0,410
2025-05-08,nan,33
2025-05-08,null,33
2025-05-09,3,248
2025-05-09,3.0,248
2025-05-09,nan,14
2025-05-09,null,14
2025-05-10,3,78
2025-05-10,3.0,78
2025-05-10,nan,55
2025-05-10,null,55
2025-05-11,3,141
2025-05-11,3.0,141
2025-05-11,nan,16
2025-05-11,null,16
2025-05-12,3,296
2025-05-12,3.0,296
2025-05-12,nan,15
2025-05-12,null,15
2025-05-13,3,285
2025-05-13,3.0,285
2025-05-13,nan,18
2025-05-13,null,18
2025-05-14,3,270
2025-05-14,3.0,270
2025-05-14,nan,228
2025-05-14,null,228
2025-05-15,3,352
2025-05-15,3.0,352
2025-05-15,nan,38
2025-05-15,null,38
2025-05-16,3,267
2025-05-16,3.0,267
2025-05-16,nan,15
2025-05-16,null,15
2025-05-17,3,97
2025-05-17,3.0,97
2025-05-17,nan,42
2025-05-17,null,42
2025-05-18,3,120
2025-05-18,3.0,120
2025-05-18,nan,28
2025-05-18,null,28
2025-05-19,3,459
2025-05-19,3.0,459
2025-05-19,nan,43
2025-05-19,null,43
2025-05-20,3,615
2025-05-20,3.0,615
2025-05-20,nan,14
2025-05-20,null,14
2025-05-21,3,467
2025-05-21,3.0,467
2025-05-21,nan,120
2025-05-21,null,120
2025-05-22,3,653
2025-05-22,3.0,653
2025-05-22,nan,51
2025-05-22,null,51
2025-05-23,3,275
2025-05-23,3.0,275
2025-05-23,nan,18
2025-05-23,null,18
2025-05-24,3,75
2025-05-24,3.0,75
2025-05-24,nan,22
2025-05-24,null,22
2025-05-25,3,173
2025-05-25,3.0,173
2025-05-25,nan,7
2025-05-25,null,7
2025-05-26,3,301
2025-05-26,3.0,301
2025-05-26,nan,27
2025-05-26,null,27
2025-05-27,3,289
2025-05-27,3.0,289
2025-05-27,nan,23
2025-05-27,null,23
2025-05-28,3,457
2025-05-28,3.0,457
2025-05-28,nan,134
2025-05-28,null,134
2025-05-29,3,387
2025-05-29,3.0,387
2025-05-29,nan,50
2025-05-29,null,50
2025-05-30,3,334
2025-05-30,3.0,334
2025-05-30,nan,124
2025-05-30,null,124
2025-05-31,3,132
2025-05-31,3.0,132
2025-05-31,nan,14
2025-05-31,null,14
2025-06-01,3,156
2025-06-01,3.0,156
2025-06-01,nan,20
2025-06-01,null,20
2025-06-02,3,388
2025-06-02,3.0,388
2025-06-02,nan,181
2025-06-02,null,181
2025-06-03,3,504
2025-06-03,3.0,504
2025-06-03,nan,145
2025-06-03,null,145
2025-06-04,3,442
2025-06-04,3.0,442
2025-06-04,nan,21
2025-06-04,null,21
2025-06-05,3,376
2025-06-05,3.0,376
2025-06-05,nan,23
2025-06-05,null,23
2025-06-06,3,432
2025-06-06,3.0,432
2025-06-06,nan,187
2025-06-06,null,187
2025-06-07,3,160
2025-06-07,3.0,160
2025-06-07,nan,17
2025-06-07,null,17
2025-06-08,3,142
2025-06-08,3.0,142
2025-06-08,nan,112
2025-06-08,null,112
2025-06-09,3,535
2025-06-09,3.0,535
2025-06-09,nan,255
2025-06-09,null,255
2025-06-10,3,726
2025-06-10,3.0,726
2025-06-10,nan,28
2025-06-10,null,28
2025-06-11,3,1057
2025-06-11,3.0,1057
2025-06-11,nan,79
2025-06-11,null,79
2025-06-12,3,375
2025-06-12,3.0,375
2025-06-12,nan,111
2025-06-12,null,111
2025-06-13,3,551
2025-06-13,3.0,551
2025-06-13,nan,134
2025-06-13,null,134
2025-06-14,3,193
2025-06-14,3.0,193
2025-06-14,nan,9
2025-06-14,null,9
2025-06-15,3,115
2025-06-15,3.0,115
2025-06-15,nan,12
2025-06-15,null,12
2025-06-16,3,613
2025-06-16,3.0,613
2025-06-16,nan,118
2025-06-16,null,118
2025-06-17,3,384
2025-06-17,3.0,384
2025-06-17,nan,28
2025-06-17,null,28
2025-06-18,3,530
2025-06-18,3.0,530
2025-06-18,nan,31
2025-06-18,null,31
2025-06-19,3,315
2025-06-19,3.0,315
2025-06-19,nan,20
2025-06-19,null,20
2025-06-20,3,234
2025-06-20,3.0,234
2025-06-20,nan,122
2025-06-20,null,122
2025-06-21,3,178
2025-06-21,3.0,178
2025-06-21,nan,11
2025-06-21,null,11
2025-06-22,3,269
2025-06-22,3.0,269
2025-06-22,nan,111
2025-06-22,null,111
2025-06-23,3,591
2025-06-23,3.0,591
2025-06-23,nan,18
2025-06-23,null,18
2025-06-24,3,684
2025-06-24,3.0,684
2025-06-24,nan,24
2025-06-24,null,24
2025-06-25,3,1104
2025-06-25,3.0,1104
2025-06-25,nan,61
2025-06-25,null,61
2025-06-26,3,971
2025-06-26,3.0,971
2025-06-26,nan,43
2025-06-26,null,43
2025-06-27,3,635
2025-06-27,3.0,635
2025-06-27,nan,22
2025-06-27,null,22
2025-06-28,3,322
2025-06-28,3.0,322
2025-06-28,nan,5
2025-06-28,null,5
2025-06-29,3,177
2025-06-29,3.0,177
2025-06-29,nan,1
2025-06-29,null,1
2025-06-30,3,826
2025-06-30,3.0,826
2025-06-30,nan,24
2025-06-30,null,24
2025-07-01,3,970
2025-07-01,3.0,970
2025-07-01,nan,123
2025-07-01,null,123
2025-07-02,3,1022
2025-07-02,3.0,1022
2025-07-02,nan,64
2025-07-02,null,64
2025-07-03,3,491
2025-07-03,3.0,491
2025-07-03,nan,204
2025-07-03,null,204
2025-07-04,3,703
2025-07-04,3.0,703
2025-07-04,nan,93
2025-07-04,null,93
2025-07-05,3,376
2025-07-05,3.0,376
2025-07-05,nan,13
2025-07-05,null,13
2025-07-06,3,339
2025-07-06,3.0,339
2025-07-06,nan,13
2025-07-06,null,13
2025-07-07,3,639
2025-07-07,3.0,639
2025-07-07,nan,52
2025-07-07,null,52
2025-07-08,3,1078
2025-07-08,3.0,1078
2025-07-08,nan,42
2025-07-08,null,42
2025-07-09,3,542
2025-07-09,3.0,542
2025-07-09,nan,85
2025-07-09,null,85
2025-07-10,3,761
2025-07-10,3.0,761
2025-07-10,nan,146
2025-07-10,null,146
2025-07-11,3,763
2025-07-11,3.0,763
2025-07-11,nan,127
2025-07-11,null,127
2025-07-12,3,283
2025-07-12,3.0,283
2025-07-12,nan,19
2025-07-12,null,19
2025-07-13,3,282
2025-07-13,3.0,282
2025-07-13,nan,284
2025-07-13,null,284
2025-07-14,3,941
2025-07-14,3.0,941
2025-07-14,nan,35
2025-07-14,null,35
2025-07-15,3,1073
2025-07-15,3.0,1073
2025-07-15,nan,40
2025-07-15,null,40
2025-07-16,3,677
2025-07-16,3.0,677
2025-07-16,nan,119
2025-07-16,null,119
2025-07-17,3,713
2025-07-17,3.0,713
2025-07-17,nan,26
2025-07-17,null,26
2025-07-18,3,592
2025-07-18,3.0,592
2025-07-18,nan,41
2025-07-18,null,41
2025-07-19,3,404
2025-07-19,3.0,404
2025-07-19,nan,216
2025-07-19,null,216
2025-07-20,3,354
2025-07-20,3.0,354
2025-07-20,nan,210
2025-07-20,null,210
2025-07-21,3,633
2025-07-21,3.0,633
2025-07-21,nan,9
2025-07-21,null,9
2025-07-22,3,805
2025-07-22,3.0,805
2025-07-22,nan,22
2025-07-22,null,22
2025-07-23,3,742
2025-07-23,3.0,742
2025-07-23,nan,48
2025-07-23,null,48
2025-07-24,3,799
2025-07-24,3.0,799
2025-07-24,nan,48
2025-07-24,null,48
2025-07-25,3,850
2025-07-25,3.0,850
2025-07-25,nan,53
2025-07-25,null,53
2025-07-26,3,445
2025-07-26,3.0,445
2025-07-26,nan,10
2025-07-26,null,10
2025-07-27,3,275
2025-07-27,3.0,275
2025-07-27,nan,15
2025-07-27,null,15
2025-07-28,3,884
2025-07-28,3.0,884
2025-07-28,nan,115
2025-07-28,null,115
2025-07-29,3,852
2025-07-29,3.0,852
2025-07-29,nan,236
2025-07-29,null,236
2025-07-30,3,768
2025-07-30,3.0,768
2025-07-30,nan,31
2025-07-30,null,31
2025-07-31,3,1042
2025-07-31,3.0,1042
2025-07-31,nan,115
2025-07-31,null,115
2025-08-01,3,848
2025-08-01,3.0,848
2025-08-01,nan,17
2025-08-01,null,17
2025-08-02,3,318
2025-08-02,3.0,318
2025-08-02,nan,7
2025-08-02,null,7
2025-08-03,3,696
2025-08-03,3.0,696
2025-08-03,nan,16
2025-08-03,null,16
2025-08-04,3,1534
2025-08-04,3.0,1534
2025-08-04,nan,11
2025-08-04,null,11
2025-08-05,3,1126
2025-08-05,3.0,1126
2025-08-05,nan,184
2025-08-05,null,184
2025-08-06,3,2699
2025-08-06,3.0,2699
2025-08-06,nan,37
2025-08-06,null,37
2025-08-07,3,1582
2025-08-07,3.0,1582
2025-08-07,nan,46
2025-08-07,null,46
2025-08-08,3,881
2025-08-08,3.0,881
2025-08-08,nan,27
2025-08-08,null,27
2025-08-09,3,347
2025-08-09,3.0,347
2025-08-09,nan,115
2025-08-09,null,115
2025-08-10,3,352
2025-08-10,3.0,352
2025-08-10,nan,21
2025-08-10,null,21
2025-08-11,3,1247
2025-08-11,3.0,1247
2025-08-11,nan,42
2025-08-11,null,42
2025-08-12,3,2112
2025-08-12,3.0,2112
2025-08-12,nan,9
2025-08-12,null,9
2025-08-13,3,1118
2025-08-13,3.0,1118
2025-08-13,nan,118
2025-08-13,null,118
2025-08-14,3,1368
2025-08-14,3.0,1368
2025-08-14,nan,22
2025-08-14,null,22
2025-08-15,3,1101
2025-08-15,3.0,1101
2025-08-15,nan,15
2025-08-15,null,15
2025-08-16,3,540
2025-08-16,3.0,540
2025-08-16,nan,3
2025-08-16,null,3
2025-08-17,3,329
2025-08-17,3.0,329
2025-08-17,nan,25
2025-08-17,null,25
2025-08-18,3,823
2025-08-18,3.0,823
2025-08-18,nan,73
2025-08-18,null,73
2025-08-19,3,1056
2025-08-19,3.0,1056
2025-08-19,nan,20
2025-08-19,null,20
2025-08-20,3,1022
2025-08-20,3.0,1022
2025-08-20,nan,83
2025-08-20,null,83
2025-08-21,3,785
2025-08-21,3.0,785
2025-08-21,nan,105
2025-08-21,null,105
2025-08-22,3,781
2025-08-22,3.0,781
2025-08-22,nan,15
2025-08-22,null,15
2025-08-23,3,419
2025-08-23,3.0,419
2025-08-23,nan,63
2025-08-23,null,63
2025-08-24,3,459
2025-08-24,3.0,459
2025-08-24,nan,163
2025-08-24,null,163
2025-08-25,3,904
2025-08-25,3.0,904
2025-08-25,nan,27
2025-08-25,null,27
2025-08-26,3,1460
2025-08-26,3.0,1460
2025-08-26,nan,8
2025-08-26,null,8
2025-08-27,3,1280
2025-08-27,3.0,1280
2025-08-27,nan,165
2025-08-27,null,165
2025-08-28,3,1240
2025-08-28,3.0,1240
2025-08-28,nan,225
2025-08-28,null,225
2025-08-29,3,749
2025-08-29,3.0,749
2025-08-29,nan,249
2025-08-29,null,249
2025-08-30,3,404
2025-08-30,3.0,404
2025-08-30,nan,197
2025-08-30,null,197
2025-08-31,3,354
2025-08-31,3.0,354
2025-08-31,nan,54
2025-08-31,null,54
2025-09-01,3,623
2025-09-01,3.0,623
2025-09-01,nan,156
2025-09-01,null,156
2025-09-02,3,1777
2025-09-02,3.0,1777
2025-09-02,nan,79
2025-09-02,null,79
2025-09-03,3,1200
2025-09-03,3.0,1200
2025-09-03,nan,29
2025-09-03,null,29
2025-09-04,3,1392
2025-09-04,3.0,1392
2025-09-04,nan,181
2025-09-04,null,181
2025-09-05,3,1040
2025-09-05,3.0,1040
2025-09-05,nan,155
2025-09-05,null,155
2025-09-06,3,549
2025-09-06,3.0,549
2025-09-06,nan,402
2025-09-06,null,402
2025-09-07,3,643
2025-09-07,3.0,643
2025-09-07,nan,44
2025-09-07,null,44
2025-09-08,3,1401
2025-09-08,3.0,1401
2025-09-08,nan,62
2025-09-08,null,62
2025-09-09,3,1419
2025-09-09,3.0,1419
2025-09-09,nan,115
2025-09-09,null,115
2025-09-10,3,1969
2025-09-10,3.0,1969
2025-09-10,nan,117
2025-09-10,null,117
2025-09-11,3,1055
2025-09-11,3.0,1055
2025-09-11,nan,139
2025-09-11,null,139
2025-09-12,3,1256
2025-09-12,3.0,1256
2025-09-12,nan,225
2025-09-12,null,225
2025-09-13,3,844
2025-09-13,3.0,844
2025-09-13,nan,436
2025-09-13,null,436
2025-09-14,3,821
2025-09-14,3.0,821
2025-09-14,nan,234
2025-09-14,null,234
2025-09-15,3,1279
2025-09-15,3.0,1279
2025-09-15,nan,17
2025-09-15,null,17
2025-09-16,3,2011
2025-09-16,3.0,2011
2025-09-16,nan,23
2025-09-16,null,23
2025-09-17,3,2235
2025-09-17,3.0,2235
2025-09-17,nan,157
2025-09-17,null,157
2025-09-18,3,1586
2025-09-18,3.0,1586
2025-09-18,nan,30
2025-09-18,null,30
2025-09-19,3,1038
2025-09-19,3.0,1038
2025-09-19,nan,8
2025-09-19,null,8
2025-09-20,3,1025
2025-09-20,3.0,1025
2025-09-20,nan,84
2025-09-20,null,84
2025-09-21,3,1324
2025-09-21,3.0,1324
2025-09-21,nan,58
2025-09-21,null,58
2025-09-22,3,2044
2025-09-22,3.0,2044
2025-09-22,nan,48
2025-09-22,null,48
2025-09-23,3,1312
2025-09-23,3.0,1312
2025-09-23,nan,130
2025-09-23,null,130
2025-09-24,3,1855
2025-09-24,3.0,1855
2025-09-24,nan,61
2025-09-24,null,61
2025-09-25,3,1662
2025-09-25,3.0,1662
2025-09-25,nan,64
2025-09-25,null,64
2025-09-26,3,1101
2025-09-26,3.0,1101
2025-09-26,nan,22
2025-09-26,null,22
2025-09-27,3,740
2025-09-27,3.0,740
2025-09-27,nan,122
2025-09-27,null,122
2025-09-28,3,1087
2025-09-28,3.0,1087
2025-09-28,nan,32
2025-09-28,null,32
2025-09-29,3,1422
2025-09-29,3.0,1422
2025-09-29,nan,44
2025-09-29,null,44
2025-09-30,3,1783
2025-09-30,3.0,1783
2025-09-30,nan,45
2025-09-30,null,45
2025-10-01,3,1340
2025-10-01,3.0,1340
2025-10-01,nan,175
2025-10-01,null,175
2025-10-02,3,1233
2025-10-02,3.0,1233
2025-10-02,nan,135
2025-10-02,null,135
2025-10-03,3,2001
2025-10-03,3.0,2001
2025-10-03,nan,30
2025-10-03,null,30
2025-10-04,3,1114
2025-10-04,3.0,1114
2025-10-04,nan,33
2025-10-04,null,33
2025-10-05,3,852
2025-10-05,3.0,852
2025-10-05,nan,26
2025-10-05,null,26
2025-10-06,3,1701
2025-10-06,3.0,1701
2025-10-06,nan,31
2025-10-06,null,31
2025-10-07,3,1532
2025-10-07,3.0,1532
2025-10-07,nan,114
2025-10-07,null,114
2025-10-08,3,1176
2025-10-08,3.0,1176
2025-10-08,nan,59
2025-10-08,null,59
2025-10-09,3,1405
2025-10-09,3.0,1405
2025-10-09,nan,100
2025-10-09,null,100
2025-10-10,3,664
2025-10-10,3.0,664
2025-10-10,nan,140
2025-10-10,null,140
2025-10-11,3,429
2025-10-11,3.0,429
2025-10-11,nan,60
2025-10-11,null,60
2025-10-12,3,395
2025-10-12,3.0,395
2025-10-12,nan,16
2025-10-12,null,16
2025-10-13,3,642
2025-10-13,3.0,642
2025-10-13,nan,50
2025-10-13,null,50
2025-10-14,3,723
2025-10-14,3.0,723
2025-10-14,nan,25
2025-10-14,null,25
2025-10-15,3,865
2025-10-15,3.0,865
2025-10-15,nan,90
2025-10-15,null,90
2025-10-16,3,1886
2025-10-16,3.0,1886
2025-10-16,nan,44
2025-10-16,null,44
2025-10-17,3,708
2025-10-17,3.0,708
2025-10-17,nan,62
2025-10-17,null,62
2025-10-18,3,520
2025-10-18,3.0,520
2025-10-18,nan,22
2025-10-18,null,22
2025-10-19,3,462
2025-10-19,3.0,462
2025-10-19,nan,38
2025-10-19,null,38
2025-10-20,3,704
2025-10-20,3.0,704
2025-10-20,nan,27
2025-10-20,null,27
2025-10-21,3,757
2025-10-21,3.0,757
2025-10-21,nan,53
2025-10-21,null,53
2025-10-22,3,820
2025-10-22,3.0,820
2025-10-22,nan,30
2025-10-22,null,30
2025-10-23,3,819
2025-10-23,3.0,819
2025-10-23,nan,19
2025-10-23,null,19
2025-10-24,3,647
2025-10-24,3.0,647
2025-10-24,nan,314
2025-10-24,null,314
2025-10-25,3,405
2025-10-25,3.0,405
2025-10-25,nan,127
2025-10-25,null,127
2025-10-26,3,407
2025-10-26,3.0,407
2025-10-26,nan,7
2025-10-26,null,7
2025-10-27,3,1116
2025-10-27,3.0,1116
2025-10-27,nan,138
2025-10-27,null,138
2025-10-28,3,1450
2025-10-28,3.0,1450
2025-10-28,nan,13
2025-10-28,null,13
2025-10-29,3,1460
2025-10-29,3.0,1460
2025-10-29,nan,9
2025-10-29,null,9
2025-10-30,3,1874
2025-10-30,3.0,1874
2025-10-30,nan,14
2025-10-30,null,14
2025-10-31,3,815
2025-10-31,3.0,815
2025-10-31,nan,122
2025-10-31,null,122
2025-11-01,3,699
2025-11-01,3.0,699
2025-11-01,nan,16
2025-11-01,null,16
2025-11-02,3,1261
2025-11-02,3.0,1261
2025-11-02,nan,121
2025-11-02,null,121
2025-11-03,3,2954
2025-11-03,3.0,2954
2025-11-03,nan,13
2025-11-03,null,13
2025-11-04,3,1412
2025-11-04,3.0,1412
2025-11-04,nan,57
2025-11-04,null,57
2025-11-05,3,1748
2025-11-05,3.0,1748
2025-11-05,nan,34
2025-11-05,null,34
2025-11-06,3,1082
2025-11-06,3.0,1082
2025-11-06,nan,218
2025-11-06,null,218
2025-11-07,2,1
2025-11-07,2.0,1
2025-11-07,3,1555
2025-11-07,3.0,1555
2025-11-07,nan,114
2025-11-07,null,114
2025-11-08,3,1414
2025-11-08,3.0,1414
2025-11-08,nan,15
2025-11-08,null,15
2025-11-09,3,2339
2025-11-09,3.0,2339
2025-11-09,nan,5
2025-11-09,null,5
2025-11-10,3,1805
2025-11-10,3.0,1805
2025-11-10,nan,19
2025-11-10,null,19
2025-11-11,3,1324
2025-11-11,3.0,1324
2025-11-11,nan,13
2025-11-11,null,13
2025-11-12,3,973
2025-11-12,3.0,973
2025-11-12,nan,23
2025-11-12,null,23
2025-11-13,3,1094
2025-11-13,3.0,1094
2025-11-13,nan,136
2025-11-13,null,136
2025-11-14,3,954
2025-11-14,3.0,954
2025-11-14,nan,117
2025-11-14,null,117
2025-11-15,3,2968
2025-11-15,3.0,2968
2025-11-15,nan,7
2025-11-15,null,7
2025-11-16,3,3555
2025-11-16,3.0,3555
2025-11-16,nan,13
2025-11-16,null,13
2025-11-17,3,2183
2025-11-17,3.0,2183
2025-11-17,nan,12
2025-11-17,null,12
2025-11-18,3,1782
2025-11-18,3.0,1782
2025-11-18,nan,112
2025-11-18,null,112
2025-11-19,3,1704
2025-11-19,3.0,1704
2025-11-19,nan,108
2025-11-19,null,108
2025-11-20,3,1940
2025-11-20,3.0,1940
2025-11-20,nan,114
2025-11-20,null,114
2025-11-21,3,1645
2025-11-21,3.0,1645
2025-11-21,nan,208
2025-11-21,null,208
2025-11-22,3,850
2025-11-22,3.0,850
2025-11-22,nan,101
2025-11-22,null,101
2025-11-23,3,578
2025-11-23,3.0,578
2025-11-23,nan,108
2025-11-23,null,108
2025-11-24,3,1064
2025-11-24,3.0,1064
2025-11-24,nan,14
2025-11-24,null,14
2025-11-25,3,890
2025-11-25,3.0,890
2025-11-25,nan,110
2025-11-25,null,110
2025-11-26,3,614
2025-11-26,3.0,614
2025-11-26,nan,9
2025-11-26,null,9
2025-11-27,3,425
2025-11-27,3.0,425
2025-11-27,nan,7
2025-11-27,null,7
2025-11-28,3,385
2025-11-28,3.0,385
2025-11-28,nan,22
2025-11-28,null,22
2025-11-29,3,241
2025-11-29,3.0,241
2025-11-29,nan,12
2025-11-29,null,12
2025-11-30,3,387
2025-11-30,3.0,387
2025-11-30,nan,101
2025-11-30,null,101
2025-12-01,3,727
2025-12-01,3.0,727
2025-12-01,nan,7
2025-12-01,null,7
2025-12-02,3,872
2025-12-02,3.0,872
2025-12-02,nan,7
2025-12-02,null,7
2025-12-03,3,893
2025-12-03,3.0,893
2025-12-03,nan,16
2025-12-03,null,16
2025-12-04,3,659
2025-12-04,3.0,659
2025-12-04,nan,63
2025-12-04,null,63
2025-12-05,3,614
2025-12-05,3.0,614
2025-12-05,nan,252
2025-12-05,null,252
2025-12-06,3,286
2025-12-06,3.0,286
2025-12-06,nan,31
2025-12-06,null,31
2025-12-07,3,301
2025-12-07,3.0,301
2025-12-07,nan,123
2025-12-07,null,123
2025-12-08,3,658
2025-12-08,3.0,658
2025-12-08,nan,19
2025-12-08,null,19
2025-12-09,3,697
2025-12-09,3.0,697
2025-12-09,nan,285
2025-12-09,null,285
2025-12-10,3,662
2025-12-10,3.0,662
2025-12-10,nan,30
2025-12-10,null,30
2025-12-11,3,645
2025-12-11,3.0,645
2025-12-11,nan,217
2025-12-11,null,217
2025-12-12,3,866
2025-12-12,3.0,866
2025-12-12,nan,46
2025-12-12,null,46
2025-12-13,3,357
2025-12-13,3.0,357
2025-12-13,nan,120
2025-12-13,null,120
2025-12-14,3,253
2025-12-14,3.0,253
2025-12-14,nan,116
2025-12-14,null,116
2025-12-15,3,636
2025-12-15,3.0,636
2025-12-15,nan,123
2025-12-15,null,123
2025-12-16,3,528
2025-12-16,3.0,528
2025-12-16,nan,48
2025-12-16,null,48
2025-12-17,3,986
2025-12-17,3.0,986
2025-12-17,nan,38
2025-12-17,null,38
2025-12-18,3,677
2025-12-18,3.0,677
2025-12-18,nan,123
2025-12-18,null,123
2025-12-19,3,600
2025-12-19,3.0,600
2025-12-19,nan,30
2025-12-19,null,30
2025-12-20,3,717
2025-12-20,3.0,717
2025-12-20,nan,18
2025-12-20,null,18
2025-12-21,3,266
2025-12-21,3.0,266
2025-12-21,nan,68
2025-12-21,null,68
2025-12-22,3,475
2025-12-22,3.0,475
2025-12-22,nan,22
2025-12-22,null,22
2025-12-23,3,534
2025-12-23,3.0,534
2025-12-23,nan,21
2025-12-23,null,21
2025-12-24,3,372
2025-12-24,3.0,372
2025-12-24,nan,53
2025-12-24,null,53
2025-12-25,3,339
2025-12-25,3.0,339
2025-12-25,nan,19
2025-12-25,null,19
2025-12-26,3,268
2025-12-26,3.0,268
2025-12-26,nan,121
2025-12-26,null,121
2025-12-27,3,327
2025-12-27,3.0,327
2025-12-27,nan,39
2025-12-27,null,39
2025-12-28,3,265
2025-12-28,3.0,265
2025-12-28,nan,1146
2025-12-28,null,1146
2025-12-29,3,366
2025-12-29,3.0,366
2025-12-29,nan,1324
2025-12-29,null,1324
2025-12-30,3,294
2025-12-30,3.0,294
2025-12-30,nan,2076
2025-12-30,null,2076
2025-12-31,3,233
2025-12-31,3.0,233
2025-12-31,nan,1695
2025-12-31,null,1695
2026-01-01,3,208
2026-01-01,3.0,208
2026-01-01,nan,1810
2026-01-01,null,1810
2026-01-02,3,327
2026-01-02,3.0,327
2026-01-02,nan,1650
2026-01-02,null,1650
2026-01-03,3,279
2026-01-03,3.0,279
2026-01-03,nan,916
2026-01-03,null,916
2026-01-04,3,254
2026-01-04,3.0,254
2026-01-04,nan,1915
2026-01-04,null,1915
2026-01-05,3,573
2026-01-05,3.0,573
2026-01-05,nan,1850
2026-01-05,null,1850
2026-01-06,3,656
2026-01-06,3.0,656
2026-01-06,nan,1200
2026-01-06,null,1200
2026-01-07,3,565
2026-01-07,3.0,565
2026-01-07,nan,873
2026-01-07,null,873
2026-01-08,3,559
2026-01-08,3.0,559
2026-01-08,nan,1258
2026-01-08,null,1258
2026-01-09,3,610
2026-01-09,3.0,610
2026-01-09,nan,781
2026-01-09,null,781
2026-01-10,3,415
2026-01-10,3.0,415
2026-01-10,nan,874
2026-01-10,null,874
2026-01-11,3,388
2026-01-11,3.0,388
2026-01-11,nan,968
2026-01-11,null,968
2026-01-12,3,488
2026-01-12,3.0,488
2026-01-12,nan,1477
2026-01-12,null,1477
2026-01-13,3,516
2026-01-13,3.0,516
2026-01-13,nan,1112
2026-01-13,null,1112
2026-01-14,3,627
2026-01-14,3.0,627
2026-01-14,nan,815
2026-01-14,null,815
2026-01-15,3,581
2026-01-15,3.0,581
2026-01-15,nan,622
2026-01-15,null,622
2026-01-16,3,485
2026-01-16,3.0,485
2026-01-16,nan,825
2026-01-16,null,825
2026-01-17,3,178
2026-01-17,3.0,178
2026-01-17,nan,955
2026-01-17,null,955
2026-01-18,3,258
2026-01-18,3.0,258
2026-01-18,nan,987
2026-01-18,null,987
2026-01-19,3,295
2026-01-19,3.0,295
2026-01-19,nan,254
2026-01-19,null,254
2026-01-20,3,560
2026-01-20,3.0,560
2026-01-20,nan,784
2026-01-20,null,784
2026-01-21,3,616
2026-01-21,3.0,616
2026-01-21,nan,83
2026-01-21,null,83
2026-01-22,3,562
2026-01-22,3.0,562
2026-01-22,nan,2143
2026-01-22,null,2143
2026-01-23,3,559
2026-01-23,3.0,559
2026-01-23,nan,1461
2026-01-23,null,1461
2026-01-24,3,489
2026-01-24,3.0,489
2026-01-24,nan,2126
2026-01-24,null,2126
2026-01-25,3,346
2026-01-25,3.0,346
2026-01-25,nan,4576
2026-01-25,null,4576
2026-01-26,3,883
2026-01-26,3.0,883
2026-01-26,nan,3549
2026-01-26,null,3549
2026-01-27,3,483
2026-01-27,3.0,483
2026-01-27,nan,5338
2026-01-27,null,5338
2026-01-28,3,1246
2026-01-28,3.0,1246
2026-01-28,nan,4468
2026-01-28,null,4468
2026-01-29,3,744
2026-01-29,3.0,744
2026-01-29,nan,3057
2026-01-29,null,3057
2026-01-30,3,940
2026-01-30,3.0,940
2026-01-30,nan,1255
2026-01-30,null,1255
2026-01-31,3,315
2026-01-31,3.0,315
2026-01-31,nan,1028
2026-01-31,null,1028
